;;;;;;;;;;;;;; 80.007 ; 229.027.746,30 ; 1.633.627,99 ; 227.394.118,31 ; 41.142.264,91 ; 5.760.400,78 ; -   ; -   ; -   ; 221.651.156,36 ; 74.093.414,10 ; 1.222.563,60 ; 5.631.099,16 ; 6.853.662,76 
chave_unica;Período;Ano;Mês;Trimestre;sped_origem;sentido;Registro;CFOP;CST;Alíq. Pis do SPED;Alíq. Cofins do SPED;Nat. BC. Créd.;status_conferencia;qtd_registros; total_item ; total_desconto ; total_liquido ; total_bc_icms ; total_icms ; total_icms_st ; total_ipi ; total_iss ; bc_pis_cof_calculada ; bc_pis_cof_escriturada ; total_pis ; total_cof ; total_pis_cofins 
2021|01|CONTRIBUIÇÕES|Entrada|C170|1902|98|0.0000|0.0000|N/A|Não conferido;01/01/2021;2021;1;1;CONTRIBUIÇÕES;Entrada;C170;1902;98;0,0000;0,0000;N/A;Não conferido;229; 441,00 ; -   ; 441,00 ; -   ; -   ; -   ; -   ; -   ; 441,00 ; -   ; -   ; -   ; -   
2021|01|CONTRIBUIÇÕES|Entrada|C170|2916|70|0.0000|0.0000|N/A|Não conferido;01/01/2021;2021;1;1;CONTRIBUIÇÕES;Entrada;C170;2916;70;0,0000;0,0000;N/A;Não conferido;3; 12.500,00 ; -   ; 12.500,00 ; -   ; -   ; -   ; -   ; -   ; 12.500,00 ; -   ; -   ; -   ; -   
2021|01|CONTRIBUIÇÕES|Entrada|C170|2933|51|1.6500|7.6000|03|Não conferido;01/01/2021;2021;1;1;CONTRIBUIÇÕES;Entrada;C170;2933;51;0,0165;0,0760;3;Não conferido;11; 13.100,00 ; -   ; 13.100,00 ; -   ; -   ; -   ; -   ; -   ; 13.100,00 ; 13.100,00 ; 216,17 ; 995,60 ; 1.211,77 
2021|01|CONTRIBUIÇÕES|Entrada|C170|1407|70|0.0000|0.0000|02|Não conferido;01/01/2021;2021;1;1;CONTRIBUIÇÕES;Entrada;C170;1407;70;0,0000;0,0000;2;Não conferido;14; 13.029,20 ; 1.220,00 ; 11.809,20 ; -   ; -   ; -   ; -   ; -   ; 11.809,20 ; -   ; -   ; -   ; -   
2021|01|CONTRIBUIÇÕES|Entrada|C170|1653|51|1.6500|7.6000|02|Não conferido;01/01/2021;2021;1;1;CONTRIBUIÇÕES;Entrada;C170;1653;51;0,0165;0,0760;2;Não conferido;63; 605.267,91 ; 10.808,10 ; 594.459,81 ; 458.453,77 ; 55.014,45 ; -   ; -   ; -   ; 539.445,36 ; 594.459,81 ; 9.808,66 ; 45.178,95 ; 54.987,61 
2021|01|CONTRIBUIÇÕES|Entrada|C170|2407|51|1.6500|7.6000|02|Não conferido;01/01/2021;2021;1;1;CONTRIBUIÇÕES;Entrada;C170;2407;51;0,0165;0,0760;2;Não conferido;61; 464.394,86 ; 10,00 ; 464.384,86 ; 426.723,84 ; 50.399,33 ; -   ; -   ; -   ; 413.985,53 ; 464.384,86 ; 7.662,40 ; 35.293,24 ; 42.955,64 
2021|01|CONTRIBUIÇÕES|Entrada|C170|1407|51|1.6500|7.6000|02|Não conferido;01/01/2021;2021;1;1;CONTRIBUIÇÕES;Entrada;C170;1407;51;0,0165;0,0760;2;Não conferido;947; 470.688,63 ; 29.986,01 ; 440.702,62 ; -   ; -   ; -   ; -   ; -   ; 440.702,62 ; 440.702,62 ; 7.272,12 ; 33.493,28 ; 40.765,40 
2021|01|CONTRIBUIÇÕES|Entrada|C170|1556|70|0.0000|0.0000|02|Não conferido;01/01/2021;2021;1;1;CONTRIBUIÇÕES;Entrada;C170;1556;70;0,0000;0,0000;2;Não conferido;418; 177.930,16 ; 2.639,05 ; 175.291,11 ; 9.853,16 ; 1.773,57 ; -   ; -   ; -   ; 173.517,54 ; -   ; -   ; -   ; -   
2021|01|CONTRIBUIÇÕES|Entrada|C170|2407|70|0.0000|0.0000|02|Não conferido;01/01/2021;2021;1;1;CONTRIBUIÇÕES;Entrada;C170;2407;70;0,0000;0,0000;2;Não conferido;20; 135.039,13 ; -   ; 135.039,13 ; 117.952,44 ; 6.373,07 ; -   ; -   ; -   ; 128.666,06 ; -   ; -   ; -   ; -   
2021|01|CONTRIBUIÇÕES|Entrada|C170|2551|70|0.0000|0.0000|10|Não conferido;01/01/2021;2021;1;1;CONTRIBUIÇÕES;Entrada;C170;2551;70;0,0000;0,0000;10;Não conferido;1; 191.405,00 ; -   ; 191.405,00 ; -   ; -   ; -   ; -   ; -   ; 191.405,00 ; -   ; -   ; -   ; -   
2021|01|CONTRIBUIÇÕES|Entrada|C170|2556|70|0.0000|0.0000|02|Não conferido;01/01/2021;2021;1;1;CONTRIBUIÇÕES;Entrada;C170;2556;70;0,0000;0,0000;2;Não conferido;95; 177.700,19 ; 1.359,86 ; 176.340,33 ; 13.309,99 ; 1.278,65 ; -   ; -   ; -   ; 175.061,68 ; -   ; -   ; -   ; -   
2021|01|CONTRIBUIÇÕES|Entrada|C170|2653|51|1.6500|7.6000|02|Não conferido;01/01/2021;2021;1;1;CONTRIBUIÇÕES;Entrada;C170;2653;51;0,0165;0,0760;2;Não conferido;3; 2.892,93 ; -   ; 2.892,93 ; -   ; -   ; -   ; -   ; -   ; 2.892,93 ; 2.892,93 ; 47,73 ; 219,86 ; 267,59 
2021|01|CONTRIBUIÇÕES|Entrada|C170|2556|51|1.6500|7.6000|02|Não conferido;01/01/2021;2021;1;1;CONTRIBUIÇÕES;Entrada;C170;2556;51;0,0165;0,0760;2;Não conferido;46; 54.962,17 ; -   ; 54.962,17 ; 22.977,20 ; 1.608,41 ; -   ; -   ; -   ; 53.353,76 ; 54.962,17 ; 906,88 ; 4.177,11 ; 5.083,99 
2021|01|CONTRIBUIÇÕES|Entrada|C170|2552|70|0.0000|0.0000|N/A|Não conferido;01/01/2021;2021;1;1;CONTRIBUIÇÕES;Entrada;C170;2552;70;0,0000;0,0000;N/A;Não conferido;3; 405.000,00 ; -   ; 405.000,00 ; -   ; -   ; -   ; -   ; -   ; 405.000,00 ; -   ; -   ; -   ; -   
2021|01|CONTRIBUIÇÕES|Entrada|C170|2920|98|0.0000|0.0000|N/A|Não conferido;01/01/2021;2021;1;1;CONTRIBUIÇÕES;Entrada;C170;2920;98;0,0000;0,0000;N/A;Não conferido;1; 468,11 ; -   ; 468,11 ; -   ; -   ; -   ; -   ; -   ; 468,11 ; -   ; -   ; -   ; -   
2021|01|CONTRIBUIÇÕES|Entrada|C170|1556|51|1.6500|7.6000|02|Não conferido;01/01/2021;2021;1;1;CONTRIBUIÇÕES;Entrada;C170;1556;51;0,0165;0,0760;2;Não conferido;355; 308.859,67 ; 1.100,43 ; 307.759,24 ; 94.129,40 ; 16.943,25 ; -   ; -   ; -   ; 290.815,99 ; 307.759,24 ; 5.078,11 ; 23.389,81 ; 28.467,92 
2021|01|CONTRIBUIÇÕES|Entrada|F130|F130|51|1.6500|7.6000|10|Não conferido;01/01/2021;2021;1;1;CONTRIBUIÇÕES;Entrada;F130;F130;51;0,0165;0,0760;10;Não conferido;1; 191.405,00 ; -   ; 191.405,00 ; -   ; -   ; -   ; -   ; -   ; 191.405,00 ; 191.405,00 ; 3.158,18 ; 14.546,78 ; 17.704,96 
2021|02|CONTRIBUIÇÕES|Entrada|C170|2653|70|0.0000|0.0000|02|Não conferido;01/02/2021;2021;2;1;CONTRIBUIÇÕES;Entrada;C170;2653;70;0,0000;0,0000;2;Não conferido;3; 3.041,54 ; -   ; 3.041,54 ; -   ; -   ; -   ; -   ; -   ; 3.041,54 ; -   ; -   ; -   ; -   
2021|02|CONTRIBUIÇÕES|Entrada|C170|2407|70|0.0000|0.0000|02|Não conferido;01/02/2021;2021;2;1;CONTRIBUIÇÕES;Entrada;C170;2407;70;0,0000;0,0000;2;Não conferido;2; 66.157,63 ; -   ; 66.157,63 ; -   ; -   ; -   ; -   ; -   ; 66.157,63 ; -   ; -   ; -   ; -   
2021|02|CONTRIBUIÇÕES|Entrada|C170|2916|70|0.0000|0.0000|N/A|Não conferido;01/02/2021;2021;2;1;CONTRIBUIÇÕES;Entrada;C170;2916;70;0,0000;0,0000;N/A;Não conferido;4; 18.000,00 ; -   ; 18.000,00 ; -   ; -   ; -   ; -   ; -   ; 18.000,00 ; -   ; -   ; -   ; -   
2021|02|CONTRIBUIÇÕES|Entrada|C170|1407|51|1.6500|7.6000|02|Não conferido;01/02/2021;2021;2;1;CONTRIBUIÇÕES;Entrada;C170;1407;51;0,0165;0,0760;2;Não conferido;549; 335.351,32 ; 10.651,37 ; 324.699,95 ; 301,06 ; 54,19 ; -   ; -   ; -   ; 324.645,76 ; 324.699,95 ; 5.357,74 ; 24.677,26 ; 30.035,00 
2021|02|CONTRIBUIÇÕES|Entrada|C170|1902|98|0.0000|0.0000|N/A|Não conferido;01/02/2021;2021;2;1;CONTRIBUIÇÕES;Entrada;C170;1902;98;0,0000;0,0000;N/A;Não conferido;200; 361,00 ; -   ; 361,00 ; -   ; -   ; -   ; -   ; -   ; 361,00 ; -   ; -   ; -   ; -   
2021|02|CONTRIBUIÇÕES|Entrada|C170|2933|51|1.6500|7.6000|03|Não conferido;01/02/2021;2021;2;1;CONTRIBUIÇÕES;Entrada;C170;2933;51;0,0165;0,0760;3;Não conferido;17; 18.570,00 ; -   ; 18.570,00 ; -   ; -   ; -   ; -   ; -   ; 18.570,00 ; 18.570,00 ; 306,44 ; 1.411,32 ; 1.717,76 
2021|02|CONTRIBUIÇÕES|Entrada|C170|1653|51|1.6500|7.6000|02|Não conferido;01/02/2021;2021;2;1;CONTRIBUIÇÕES;Entrada;C170;1653;51;0,0165;0,0760;2;Não conferido;44; 542.475,56 ; 567,14 ; 541.908,42 ; -   ; -   ; -   ; -   ; -   ; 541.908,42 ; 541.908,42 ; 8.941,52 ; 41.185,01 ; 50.126,53 
2021|02|CONTRIBUIÇÕES|Entrada|C170|1554|70|0.0000|0.0000|N/A|Não conferido;01/02/2021;2021;2;1;CONTRIBUIÇÕES;Entrada;C170;1554;70;0,0000;0,0000;N/A;Não conferido;1; 599.500,00 ; -   ; 599.500,00 ; -   ; -   ; -   ; -   ; -   ; 599.500,00 ; -   ; -   ; -   ; -   
2021|02|CONTRIBUIÇÕES|Entrada|C170|1551|70|0.0000|0.0000|10|Não conferido;01/02/2021;2021;2;1;CONTRIBUIÇÕES;Entrada;C170;1551;70;0,0000;0,0000;10;Não conferido;11; 2.759,37 ; 47,20 ; 2.712,17 ; 1.219,50 ; 219,51 ; -   ; -   ; -   ; 2.492,66 ; -   ; -   ; -   ; -   
2021|02|CONTRIBUIÇÕES|Entrada|C170|1102|70|0.0000|0.0000|01|Não conferido;01/02/2021;2021;2;1;CONTRIBUIÇÕES;Entrada;C170;1102;70;0,0000;0,0000;1;Não conferido;7; 6.157,99 ; 317,75 ; 5.840,24 ; 130,75 ; 17,39 ; -   ; -   ; -   ; 5.822,85 ; -   ; -   ; -   ; -   
2021|02|CONTRIBUIÇÕES|Entrada|C170|2902|98|0.0000|0.0000|N/A|Não conferido;01/02/2021;2021;2;1;CONTRIBUIÇÕES;Entrada;C170;2902;98;0,0000;0,0000;N/A;Não conferido;55; 106,00 ; -   ; 106,00 ; -   ; -   ; -   ; -   ; -   ; 106,00 ; -   ; -   ; -   ; -   
2021|02|CONTRIBUIÇÕES|Entrada|C170|2552|70|0.0000|0.0000|N/A|Não conferido;01/02/2021;2021;2;1;CONTRIBUIÇÕES;Entrada;C170;2552;70;0,0000;0,0000;N/A;Não conferido;3; 669.500,00 ; -   ; 669.500,00 ; -   ; -   ; -   ; -   ; -   ; 669.500,00 ; -   ; -   ; -   ; -   
2021|02|CONTRIBUIÇÕES|Entrada|C170|1556|70|0.0000|0.0000|02|Não conferido;01/02/2021;2021;2;1;CONTRIBUIÇÕES;Entrada;C170;1556;70;0,0000;0,0000;2;Não conferido;993; 568.549,87 ; 15.483,75 ; 553.066,12 ; 76.869,98 ; 13.695,57 ; -   ; -   ; -   ; 539.370,55 ; -   ; -   ; -   ; -   
2021|02|CONTRIBUIÇÕES|Entrada|C170|1949|70|0.0000|0.0000|N/A|Não conferido;01/02/2021;2021;2;1;CONTRIBUIÇÕES;Entrada;C170;1949;70;0,0000;0,0000;N/A;Não conferido;12; 31.591,26 ; -   ; 31.591,26 ; 14.375,84 ; 2.587,65 ; -   ; -   ; -   ; 29.003,61 ; -   ; -   ; -   ; -   
2021|02|CONTRIBUIÇÕES|Entrada|C170|2923|70|0.0000|0.0000|N/A|Não conferido;01/02/2021;2021;2;1;CONTRIBUIÇÕES;Entrada;C170;2923;70;0,0000;0,0000;N/A;Não conferido;7; 14.547,00 ; -   ; 14.547,00 ; -   ; -   ; -   ; -   ; -   ; 14.547,00 ; -   ; -   ; -   ; -   
2021|02|CONTRIBUIÇÕES|Entrada|C170|2102|51|1.6500|7.6000|01|Não conferido;01/02/2021;2021;2;1;CONTRIBUIÇÕES;Entrada;C170;2102;51;0,0165;0,0760;1;Não conferido;40; 28.602,46 ; 329,24 ; 28.273,22 ; 13.665,51 ; 1.515,87 ; -   ; -   ; -   ; 26.757,35 ; 28.273,22 ; 466,49 ; 2.148,74 ; 2.615,23 
2021|02|CONTRIBUIÇÕES|Entrada|C170|1102|51|1.6500|7.6000|01|Não conferido;01/02/2021;2021;2;1;CONTRIBUIÇÕES;Entrada;C170;1102;51;0,0165;0,0760;1;Não conferido;78; 72.858,27 ; 100,45 ; 72.757,82 ; 61.610,11 ; 10.493,51 ; -   ; -   ; -   ; 62.264,31 ; 72.757,82 ; 1.200,60 ; 5.529,61 ; 6.730,21 
2021|02|CONTRIBUIÇÕES|Entrada|C170|1403|51|1.6500|7.6000|01|Não conferido;01/02/2021;2021;2;1;CONTRIBUIÇÕES;Entrada;C170;1403;51;0,0165;0,0760;1;Não conferido;1; 29,00 ; -   ; 29,00 ; -   ; -   ; -   ; -   ; -   ; 29,00 ; 29,00 ; 0,48 ; 2,20 ; 2,68 
2021|02|CONTRIBUIÇÕES|Entrada|C170|2407|51|1.6500|7.6000|02|Não conferido;01/02/2021;2021;2;1;CONTRIBUIÇÕES;Entrada;C170;2407;51;0,0165;0,0760;2;Não conferido;74; 259.190,73 ; 1.898,66 ; 257.292,07 ; 12.801,71 ; 742,96 ; -   ; -   ; -   ; 256.549,11 ; 257.292,07 ; 4.245,35 ; 19.554,19 ; 23.799,54 
2021|02|CONTRIBUIÇÕES|Entrada|C170|2557|70|0.0000|0.0000|N/A|Não conferido;01/02/2021;2021;2;1;CONTRIBUIÇÕES;Entrada;C170;2557;70;0,0000;0,0000;N/A;Não conferido;1; 10.180,00 ; -   ; 10.180,00 ; -   ; -   ; -   ; -   ; -   ; 10.180,00 ; -   ; -   ; -   ; -   
2021|02|CONTRIBUIÇÕES|Entrada|C170|2556|70|0.0000|0.0000|02|Não conferido;01/02/2021;2021;2;1;CONTRIBUIÇÕES;Entrada;C170;2556;70;0,0000;0,0000;2;Não conferido;96; 134.445,49 ; 13.464,65 ; 120.980,84 ; 27.894,06 ; 3.371,74 ; -   ; -   ; -   ; 117.609,10 ; -   ; -   ; -   ; -   
2021|02|CONTRIBUIÇÕES|Entrada|C170|2556|51|1.6500|7.6000|02|Não conferido;01/02/2021;2021;2;1;CONTRIBUIÇÕES;Entrada;C170;2556;51;0,0165;0,0760;2;Não conferido;152; 191.722,29 ; 1.085,01 ; 190.637,28 ; 9.942,10 ; 1.239,23 ; -   ; -   ; -   ; 189.398,05 ; 190.637,28 ; 3.145,59 ; 14.488,39 ; 17.633,98 
2021|02|CONTRIBUIÇÕES|Entrada|C170|1556|51|1.6500|7.6000|02|Não conferido;01/02/2021;2021;2;1;CONTRIBUIÇÕES;Entrada;C170;1556;51;0,0165;0,0760;2;Não conferido;1066; 794.678,29 ; 15.159,06 ; 779.519,23 ; 305.185,48 ; 52.680,68 ; -   ; -   ; -   ; 726.838,55 ; 779.519,23 ; 12.862,38 ; 59.243,58 ; 72.105,96 
2021|02|CONTRIBUIÇÕES|Entrada|C170|1407|70|0.0000|0.0000|02|Não conferido;01/02/2021;2021;2;1;CONTRIBUIÇÕES;Entrada;C170;1407;70;0,0000;0,0000;2;Não conferido;18; 12.916,61 ; 1.120,00 ; 11.796,61 ; -   ; -   ; -   ; -   ; -   ; 11.796,61 ; -   ; -   ; -   ; -   
2021|02|CONTRIBUIÇÕES|Entrada|C170|2102|70|0.0000|0.0000|01|Não conferido;01/02/2021;2021;2;1;CONTRIBUIÇÕES;Entrada;C170;2102;70;0,0000;0,0000;1;Não conferido;7; 3.417,58 ; -   ; 3.417,58 ; 3.417,58 ; 409,47 ; -   ; -   ; -   ; 3.008,11 ; -   ; -   ; -   ; -   
2021|02|CONTRIBUIÇÕES|Entrada|C170|2653|51|1.6500|7.6000|02|Não conferido;01/02/2021;2021;2;1;CONTRIBUIÇÕES;Entrada;C170;2653;51;0,0165;0,0760;2;Não conferido;46; 163.871,46 ; 14.375,81 ; 149.495,65 ; -   ; -   ; -   ; -   ; -   ; 149.495,65 ; 149.495,65 ; 2.466,73 ; 11.361,66 ; 13.828,39 
2021|03|CONTRIBUIÇÕES|Entrada|C170|1407|70|0.0000|0.0000|02|Não conferido;01/03/2021;2021;3;1;CONTRIBUIÇÕES;Entrada;C170;1407;70;0,0000;0,0000;2;Não conferido;48; 12.336,72 ; -   ; 12.336,72 ; -   ; -   ; -   ; -   ; -   ; 12.336,72 ; -   ; -   ; -   ; -   
2021|03|CONTRIBUIÇÕES|Entrada|C170|2552|70|0.0000|0.0000|N/A|Não conferido;01/03/2021;2021;3;1;CONTRIBUIÇÕES;Entrada;C170;2552;70;0,0000;0,0000;N/A;Não conferido;1; 135.000,00 ; -   ; 135.000,00 ; -   ; -   ; -   ; -   ; -   ; 135.000,00 ; -   ; -   ; -   ; -   
2021|03|CONTRIBUIÇÕES|Entrada|C170|2933|51|1.6500|7.6000|03|Não conferido;01/03/2021;2021;3;1;CONTRIBUIÇÕES;Entrada;C170;2933;51;0,0165;0,0760;3;Não conferido;20; 14.170,80 ; 594,44 ; 13.576,36 ; -   ; -   ; -   ; -   ; -   ; 13.576,36 ; 13.576,36 ; 224,03 ; 1.031,79 ; 1.255,82 
2021|03|CONTRIBUIÇÕES|Entrada|C170|1902|98|0.0000|0.0000|N/A|Não conferido;01/03/2021;2021;3;1;CONTRIBUIÇÕES;Entrada;C170;1902;98;0,0000;0,0000;N/A;Não conferido;214; 423,00 ; -   ; 423,00 ; -   ; -   ; -   ; -   ; -   ; 423,00 ; -   ; -   ; -   ; -   
2021|03|CONTRIBUIÇÕES|Entrada|C170|2407|51|1.6500|7.6000|02|Não conferido;01/03/2021;2021;3;1;CONTRIBUIÇÕES;Entrada;C170;2407;51;0,0165;0,0760;2;Não conferido;68; 203.941,85 ; 344,00 ; 203.597,85 ; 175.991,66 ; 12.309,70 ; -   ; -   ; -   ; 191.288,15 ; 203.597,85 ; 3.359,43 ; 15.473,40 ; 18.832,83 
2021|03|CONTRIBUIÇÕES|Entrada|C170|2923|70|0.0000|0.0000|N/A|Não conferido;01/03/2021;2021;3;1;CONTRIBUIÇÕES;Entrada;C170;2923;70;0,0000;0,0000;N/A;Não conferido;1; 5.300,00 ; -   ; 5.300,00 ; -   ; -   ; -   ; -   ; -   ; 5.300,00 ; -   ; -   ; -   ; -   
2021|03|CONTRIBUIÇÕES|Entrada|C170|2653|51|1.6500|7.6000|02|Não conferido;01/03/2021;2021;3;1;CONTRIBUIÇÕES;Entrada;C170;2653;51;0,0165;0,0760;2;Não conferido;64; 350.399,19 ; 10.661,15 ; 339.738,04 ; -   ; -   ; -   ; -   ; -   ; 339.738,04 ; 339.738,04 ; 5.605,69 ; 25.820,05 ; 31.425,74 
2021|03|CONTRIBUIÇÕES|Entrada|C170|1556|70|0.0000|0.0000|02|Não conferido;01/03/2021;2021;3;1;CONTRIBUIÇÕES;Entrada;C170;1556;70;0,0000;0,0000;2;Não conferido;1008; 822.272,75 ; 7.498,65 ; 814.774,10 ; 508.712,92 ; 89.662,36 ; -   ; -   ; -   ; 725.111,74 ; -   ; -   ; -   ; -   
2021|03|CONTRIBUIÇÕES|Entrada|C170|2407|70|0.0000|0.0000|02|Não conferido;01/03/2021;2021;3;1;CONTRIBUIÇÕES;Entrada;C170;2407;70;0,0000;0,0000;2;Não conferido;32; 468.027,14 ; 12,87 ; 468.014,27 ; 415.586,57 ; 23.595,13 ; -   ; -   ; -   ; 444.419,14 ; -   ; -   ; -   ; -   
2021|03|CONTRIBUIÇÕES|Entrada|C170|1653|51|1.6500|7.6000|02|Não conferido;01/03/2021;2021;3;1;CONTRIBUIÇÕES;Entrada;C170;1653;51;0,0165;0,0760;2;Não conferido;40; 482.553,46 ; 89,50 ; 482.463,96 ; -   ; -   ; -   ; -   ; -   ; 482.463,96 ; 482.463,96 ; 7.960,63 ; 36.667,29 ; 44.627,92 
2021|03|CONTRIBUIÇÕES|Entrada|C170|2902|98|0.0000|0.0000|N/A|Não conferido;01/03/2021;2021;3;1;CONTRIBUIÇÕES;Entrada;C170;2902;98;0,0000;0,0000;N/A;Não conferido;126; 226,00 ; -   ; 226,00 ; -   ; -   ; -   ; -   ; -   ; 226,00 ; -   ; -   ; -   ; -   
2021|03|CONTRIBUIÇÕES|Entrada|C170|2916|70|0.0000|0.0000|N/A|Não conferido;01/03/2021;2021;3;1;CONTRIBUIÇÕES;Entrada;C170;2916;70;0,0000;0,0000;N/A;Não conferido;4; 13.500,00 ; -   ; 13.500,00 ; -   ; -   ; -   ; -   ; -   ; 13.500,00 ; -   ; -   ; -   ; -   
2021|03|CONTRIBUIÇÕES|Entrada|C170|1551|70|0.0000|0.0000|10|Não conferido;01/03/2021;2021;3;1;CONTRIBUIÇÕES;Entrada;C170;1551;70;0,0000;0,0000;10;Não conferido;12; 920.000,00 ; -   ; 920.000,00 ; -   ; -   ; -   ; -   ; -   ; 920.000,00 ; -   ; -   ; -   ; -   
2021|03|CONTRIBUIÇÕES|Entrada|C170|2653|70|0.0000|0.0000|02|Não conferido;01/03/2021;2021;3;1;CONTRIBUIÇÕES;Entrada;C170;2653;70;0,0000;0,0000;2;Não conferido;1; 301,60 ; -   ; 301,60 ; -   ; -   ; -   ; -   ; -   ; 301,60 ; -   ; -   ; -   ; -   
2021|03|CONTRIBUIÇÕES|Entrada|C170|1407|51|1.6500|7.6000|02|Não conferido;01/03/2021;2021;3;1;CONTRIBUIÇÕES;Entrada;C170;1407;51;0,0165;0,0760;2;Não conferido;1684; 936.386,47 ; 49.761,02 ; 886.625,45 ; 600,45 ; 108,08 ; -   ; -   ; -   ; 886.517,37 ; 886.625,45 ; 14.629,99 ; 67.383,46 ; 82.013,45 
2021|03|CONTRIBUIÇÕES|Entrada|C170|2556|70|0.0000|0.0000|02|Não conferido;01/03/2021;2021;3;1;CONTRIBUIÇÕES;Entrada;C170;2556;70;0,0000;0,0000;2;Não conferido;141; 149.357,78 ; 2.686,78 ; 146.671,00 ; 78.580,49 ; 6.568,61 ; -   ; -   ; -   ; 140.102,39 ; -   ; -   ; -   ; -   
2021|03|CONTRIBUIÇÕES|Entrada|C170|1556|51|1.6500|7.6000|02|Não conferido;01/03/2021;2021;3;1;CONTRIBUIÇÕES;Entrada;C170;1556;51;0,0165;0,0760;2;Não conferido;723; 624.977,57 ; 3.252,39 ; 621.725,18 ; 484.218,60 ; 85.797,60 ; -   ; -   ; -   ; 535.927,58 ; 621.725,18 ; 10.258,85 ; 47.251,05 ; 57.509,90 
2021|03|CONTRIBUIÇÕES|Entrada|C170|2557|70|0.0000|0.0000|N/A|Não conferido;01/03/2021;2021;3;1;CONTRIBUIÇÕES;Entrada;C170;2557;70;0,0000;0,0000;N/A;Não conferido;4; 129.836,46 ; -   ; 129.836,46 ; -   ; -   ; -   ; -   ; -   ; 129.836,46 ; -   ; -   ; -   ; -   
2021|03|CONTRIBUIÇÕES|Entrada|C170|1554|70|0.0000|0.0000|N/A|Não conferido;01/03/2021;2021;3;1;CONTRIBUIÇÕES;Entrada;C170;1554;70;0,0000;0,0000;N/A;Não conferido;3; 405.000,00 ; -   ; 405.000,00 ; -   ; -   ; -   ; -   ; -   ; 405.000,00 ; -   ; -   ; -   ; -   
2021|03|CONTRIBUIÇÕES|Entrada|C170|2556|51|1.6500|7.6000|02|Não conferido;01/03/2021;2021;3;1;CONTRIBUIÇÕES;Entrada;C170;2556;51;0,0165;0,0760;2;Não conferido;96; 92.203,92 ; 706,47 ; 91.497,45 ; 73.228,96 ; 7.013,50 ; -   ; -   ; -   ; 84.483,95 ; 91.497,45 ; 1.509,72 ; 6.953,81 ; 8.463,53 
2021|03|CONTRIBUIÇÕES|Entrada|D100|1353|98|0.0000|0.0000|07|Não conferido;01/03/2021;2021;3;1;CONTRIBUIÇÕES;Entrada;D100;1353;98;0,0000;0,0000;7;Não conferido;2; 2.400,00 ; -   ; 2.400,00 ; -   ; 288,00 ; -   ; -   ; -   ; 2.400,00 ; -   ; -   ; -   ; -   
2021|03|CONTRIBUIÇÕES|Entrada|F130|F130|51|1.6500|7.6000|10|Não conferido;01/03/2021;2021;3;1;CONTRIBUIÇÕES;Entrada;F130;F130;51;0,0165;0,0760;10;Não conferido;8; 720.000,00 ; -   ; 720.000,00 ; -   ; -   ; -   ; -   ; -   ; 720.000,00 ; 720.000,00 ; 11.880,00 ; 54.720,00 ; 66.600,00 
2021|04|CONTRIBUIÇÕES|Entrada|C170|2933|51|1.6500|7.6000|03|Não conferido;01/04/2021;2021;4;2;CONTRIBUIÇÕES;Entrada;C170;2933;51;0,0165;0,0760;3;Não conferido;4; 5.160,00 ; 2,17 ; 5.157,83 ; -   ; -   ; -   ; -   ; -   ; 5.157,83 ; 5.157,83 ; 85,11 ; 392,00 ; 477,11 
2021|04|CONTRIBUIÇÕES|Entrada|C170|1552|70|0.0000|0.0000|N/A|Não conferido;01/04/2021;2021;4;2;CONTRIBUIÇÕES;Entrada;C170;1552;70;0,0000;0,0000;N/A;Não conferido;2; 630.000,00 ; -   ; 630.000,00 ; -   ; -   ; -   ; -   ; -   ; 630.000,00 ; -   ; -   ; -   ; -   
2021|04|CONTRIBUIÇÕES|Entrada|C170|2556|51|1.6500|7.6000|02|Não conferido;01/04/2021;2021;4;2;CONTRIBUIÇÕES;Entrada;C170;2556;51;0,0165;0,0760;2;Não conferido;44; 165.912,92 ; 0,83 ; 165.912,09 ; 60.445,15 ; 4.844,29 ; -   ; -   ; -   ; 161.067,80 ; 165.912,09 ; 2.737,59 ; 12.609,32 ; 15.346,91 
2021|04|CONTRIBUIÇÕES|Entrada|C170|1556|70|0.0000|0.0000|02|Não conferido;01/04/2021;2021;4;2;CONTRIBUIÇÕES;Entrada;C170;1556;70;0,0000;0,0000;2;Não conferido;535; 247.950,67 ; 3.598,13 ; 244.352,54 ; 45.557,45 ; 8.200,34 ; -   ; -   ; -   ; 236.152,20 ; -   ; -   ; -   ; -   
2021|04|CONTRIBUIÇÕES|Entrada|C170|2920|98|0.0000|0.0000|N/A|Não conferido;01/04/2021;2021;4;2;CONTRIBUIÇÕES;Entrada;C170;2920;98;0,0000;0,0000;N/A;Não conferido;1; 468,11 ; -   ; 468,11 ; -   ; -   ; -   ; -   ; -   ; 468,11 ; -   ; -   ; -   ; -   
2021|04|CONTRIBUIÇÕES|Entrada|C170|2653|51|1.6500|7.6000|02|Não conferido;01/04/2021;2021;4;2;CONTRIBUIÇÕES;Entrada;C170;2653;51;0,0165;0,0760;2;Não conferido;3; 20.113,45 ; -   ; 20.113,45 ; -   ; -   ; -   ; -   ; -   ; 20.113,45 ; 20.113,45 ; 331,88 ; 1.528,62 ; 1.860,50 
2021|04|CONTRIBUIÇÕES|Entrada|C170|1920|70|0.0000|0.0000|N/A|Não conferido;01/04/2021;2021;4;2;CONTRIBUIÇÕES;Entrada;C170;1920;70;0,0000;0,0000;N/A;Não conferido;1; 500,00 ; -   ; 500,00 ; -   ; -   ; -   ; -   ; -   ; 500,00 ; -   ; -   ; -   ; -   
2021|04|CONTRIBUIÇÕES|Entrada|C170|2126|70|0.0000|0.0000|02|Não conferido;01/04/2021;2021;4;2;CONTRIBUIÇÕES;Entrada;C170;2126;70;0,0000;0,0000;2;Não conferido;5; 321.705,31 ; -   ; 321.705,31 ; 295.036,33 ; 20.652,54 ; -   ; -   ; -   ; 301.052,77 ; -   ; -   ; -   ; -   
2021|04|CONTRIBUIÇÕES|Entrada|C170|1554|70|0.0000|0.0000|N/A|Não conferido;01/04/2021;2021;4;2;CONTRIBUIÇÕES;Entrada;C170;1554;70;0,0000;0,0000;N/A;Não conferido;2; 734.500,00 ; -   ; 734.500,00 ; -   ; -   ; -   ; -   ; -   ; 734.500,00 ; -   ; -   ; -   ; -   
2021|04|CONTRIBUIÇÕES|Entrada|C170|1556|51|1.6500|7.6000|02|Não conferido;01/04/2021;2021;4;2;CONTRIBUIÇÕES;Entrada;C170;1556;51;0,0165;0,0760;2;Não conferido;582; 236.952,60 ; 1.153,14 ; 235.799,46 ; 82.821,62 ; 14.907,91 ; -   ; -   ; -   ; 220.891,55 ; 235.799,46 ; 3.890,74 ; 17.920,87 ; 21.811,61 
2021|04|CONTRIBUIÇÕES|Entrada|C170|1407|70|0.0000|0.0000|02|Não conferido;01/04/2021;2021;4;2;CONTRIBUIÇÕES;Entrada;C170;1407;70;0,0000;0,0000;2;Não conferido;19; 10.037,70 ; 1.360,00 ; 8.677,70 ; -   ; -   ; -   ; -   ; -   ; 8.677,70 ; -   ; -   ; -   ; -   
2021|04|CONTRIBUIÇÕES|Entrada|C170|1411|51|1.6500|7.6000|12|Não conferido;01/04/2021;2021;4;2;CONTRIBUIÇÕES;Entrada;C170;1411;51;0,0165;0,0760;12;Não conferido;5; 2.972,50 ; -   ; 2.972,50 ; -   ; -   ; -   ; -   ; -   ; 2.972,50 ; 2.972,50 ; 49,06 ; 225,91 ; 274,97 
2021|04|CONTRIBUIÇÕES|Entrada|C170|2556|70|0.0000|0.0000|02|Não conferido;01/04/2021;2021;4;2;CONTRIBUIÇÕES;Entrada;C170;2556;70;0,0000;0,0000;2;Não conferido;48; 64.152,41 ; 4.336,32 ; 59.816,09 ; 40.301,61 ; 2.732,92 ; -   ; -   ; -   ; 57.083,17 ; -   ; -   ; -   ; -   
2021|04|CONTRIBUIÇÕES|Entrada|C170|2407|70|0.0000|0.0000|02|Não conferido;01/04/2021;2021;4;2;CONTRIBUIÇÕES;Entrada;C170;2407;70;0,0000;0,0000;2;Não conferido;3; 26.662,11 ; -   ; 26.662,11 ; 24.406,67 ; 1.754,12 ; -   ; -   ; -   ; 24.907,99 ; -   ; -   ; -   ; -   
2021|04|CONTRIBUIÇÕES|Entrada|C170|2126|51|1.6500|7.6000|02|Não conferido;01/04/2021;2021;4;2;CONTRIBUIÇÕES;Entrada;C170;2126;51;0,0165;0,0760;2;Não conferido;2; 242.092,83 ; -   ; 242.092,83 ; 232.693,83 ; 27.923,26 ; -   ; -   ; -   ; 214.169,57 ; 242.092,83 ; 3.994,53 ; 18.399,06 ; 22.393,59 
2021|04|CONTRIBUIÇÕES|Entrada|C170|2407|51|1.6500|7.6000|02|Não conferido;01/04/2021;2021;4;2;CONTRIBUIÇÕES;Entrada;C170;2407;51;0,0165;0,0760;2;Não conferido;96; 39.889,28 ; -   ; 39.889,28 ; 22.262,76 ; 2.086,38 ; -   ; -   ; -   ; 37.802,90 ; 39.889,28 ; 658,18 ; 3.031,61 ; 3.689,79 
2021|04|CONTRIBUIÇÕES|Entrada|C170|2552|70|0.0000|0.0000|N/A|Não conferido;01/04/2021;2021;4;2;CONTRIBUIÇÕES;Entrada;C170;2552;70;0,0000;0,0000;N/A;Não conferido;4; 1.004.500,00 ; -   ; 1.004.500,00 ; -   ; -   ; -   ; -   ; -   ; 1.004.500,00 ; -   ; -   ; -   ; -   
2021|04|CONTRIBUIÇÕES|Entrada|C170|1407|51|1.6500|7.6000|02|Não conferido;01/04/2021;2021;4;2;CONTRIBUIÇÕES;Entrada;C170;1407;51;0,0165;0,0760;2;Não conferido;1266; 715.037,51 ; 36.020,27 ; 679.017,24 ; -   ; -   ; -   ; -   ; -   ; 679.017,24 ; 679.017,24 ; 11.204,64 ; 51.605,06 ; 62.809,70 
2021|04|CONTRIBUIÇÕES|Entrada|C170|1202|51|1.6500|7.6000|12|Não conferido;01/04/2021;2021;4;2;CONTRIBUIÇÕES;Entrada;C170;1202;51;0,0165;0,0760;12;Não conferido;1; 399,00 ; -   ; 399,00 ; -   ; -   ; -   ; -   ; -   ; 399,00 ; 399,00 ; 6,58 ; 30,32 ; 36,90 
2021|04|CONTRIBUIÇÕES|Entrada|C170|2557|70|0.0000|0.0000|N/A|Não conferido;01/04/2021;2021;4;2;CONTRIBUIÇÕES;Entrada;C170;2557;70;0,0000;0,0000;N/A;Não conferido;8; 175.873,50 ; -   ; 175.873,50 ; -   ; -   ; -   ; -   ; -   ; 175.873,50 ; -   ; -   ; -   ; -   
2021|04|CONTRIBUIÇÕES|Entrada|C170|1902|98|0.0000|0.0000|N/A|Não conferido;01/04/2021;2021;4;2;CONTRIBUIÇÕES;Entrada;C170;1902;98;0,0000;0,0000;N/A;Não conferido;325; 568,00 ; -   ; 568,00 ; -   ; -   ; -   ; -   ; -   ; 568,00 ; -   ; -   ; -   ; -   
2021|04|CONTRIBUIÇÕES|Entrada|C170|1653|51|1.6500|7.6000|02|Não conferido;01/04/2021;2021;4;2;CONTRIBUIÇÕES;Entrada;C170;1653;51;0,0165;0,0760;2;Não conferido;12; 343.964,86 ; 49,04 ; 343.915,82 ; -   ; -   ; -   ; -   ; -   ; 343.915,82 ; 343.915,82 ; 5.674,61 ; 26.137,60 ; 31.812,21 
2021|05|CONTRIBUIÇÕES|Entrada|C170|1653|51|1.6500|7.6000|02|Não conferido;01/05/2021;2021;5;2;CONTRIBUIÇÕES;Entrada;C170;1653;51;0,0165;0,0760;2;Não conferido;40; 410.499,44 ; -   ; 410.499,44 ; -   ; -   ; -   ; -   ; -   ; 410.499,44 ; 410.499,44 ; 6.773,27 ; 31.197,98 ; 37.971,25 
2021|05|CONTRIBUIÇÕES|Entrada|C170|2902|98|0.0000|0.0000|N/A|Não conferido;01/05/2021;2021;5;2;CONTRIBUIÇÕES;Entrada;C170;2902;98;0,0000;0,0000;N/A;Não conferido;138; 247,00 ; -   ; 247,00 ; -   ; -   ; -   ; -   ; -   ; 247,00 ; -   ; -   ; -   ; -   
2021|05|CONTRIBUIÇÕES|Entrada|C170|1902|98|0.0000|0.0000|N/A|Não conferido;01/05/2021;2021;5;2;CONTRIBUIÇÕES;Entrada;C170;1902;98;0,0000;0,0000;N/A;Não conferido;273; 530,00 ; -   ; 530,00 ; -   ; -   ; -   ; -   ; -   ; 530,00 ; -   ; -   ; -   ; -   
2021|05|CONTRIBUIÇÕES|Entrada|C170|1554|70|0.0000|0.0000|N/A|Não conferido;01/05/2021;2021;5;2;CONTRIBUIÇÕES;Entrada;C170;1554;70;0,0000;0,0000;N/A;Não conferido;1; 135.000,00 ; -   ; 135.000,00 ; -   ; -   ; -   ; -   ; -   ; 135.000,00 ; -   ; -   ; -   ; -   
2021|05|CONTRIBUIÇÕES|Entrada|C170|1925|98|0.0000|0.0000|N/A|Não conferido;01/05/2021;2021;5;2;CONTRIBUIÇÕES;Entrada;C170;1925;98;0,0000;0,0000;N/A;Não conferido;2; 163.677,65 ; -   ; 163.677,65 ; -   ; -   ; -   ; -   ; -   ; 163.677,65 ; -   ; -   ; -   ; -   
2021|05|CONTRIBUIÇÕES|Entrada|C170|2920|98|0.0000|0.0000|N/A|Não conferido;01/05/2021;2021;5;2;CONTRIBUIÇÕES;Entrada;C170;2920;98;0,0000;0,0000;N/A;Não conferido;1; 468,11 ; -   ; 468,11 ; -   ; -   ; -   ; -   ; -   ; 468,11 ; -   ; -   ; -   ; -   
2021|05|CONTRIBUIÇÕES|Entrada|C170|2202|70|0.0000|0.0000|12|Não conferido;01/05/2021;2021;5;2;CONTRIBUIÇÕES;Entrada;C170;2202;70;0,0000;0,0000;12;Não conferido;1; 2.523,46 ; 143,46 ; 2.380,00 ; 2.380,00 ; 95,20 ; -   ; -   ; -   ; 2.284,80 ; -   ; -   ; -   ; -   
2021|05|CONTRIBUIÇÕES|Entrada|C170|2933|51|1.6500|7.6000|03|Não conferido;01/05/2021;2021;5;2;CONTRIBUIÇÕES;Entrada;C170;2933;51;0,0165;0,0760;3;Não conferido;21; 19.910,00 ; 237,81 ; 19.672,19 ; -   ; -   ; -   ; -   ; -   ; 19.672,19 ; 19.672,19 ; 324,62 ; 1.495,09 ; 1.819,71 
2021|05|CONTRIBUIÇÕES|Entrada|C170|1556|70|0.0000|0.0000|02|Não conferido;01/05/2021;2021;5;2;CONTRIBUIÇÕES;Entrada;C170;1556;70;0,0000;0,0000;2;Não conferido;1343; 1.185.464,96 ; 10.641,04 ; 1.174.823,92 ; 618.374,53 ; 110.904,80 ; -   ; -   ; -   ; 1.063.919,12 ; -   ; -   ; -   ; -   
2021|05|CONTRIBUIÇÕES|Entrada|C170|1556|51|1.6500|7.6000|02|Não conferido;01/05/2021;2021;5;2;CONTRIBUIÇÕES;Entrada;C170;1556;51;0,0165;0,0760;2;Não conferido;808; 472.475,81 ; 1.499,40 ; 470.976,41 ; 283.395,12 ; 50.532,15 ; -   ; -   ; -   ; 420.444,26 ; 470.976,41 ; 7.771,35 ; 35.794,24 ; 43.565,59 
2021|05|CONTRIBUIÇÕES|Entrada|C170|2407|70|0.0000|0.0000|02|Não conferido;01/05/2021;2021;5;2;CONTRIBUIÇÕES;Entrada;C170;2407;70;0,0000;0,0000;2;Não conferido;29; 275.530,98 ; -   ; 275.530,98 ; 213.393,34 ; 25.583,81 ; -   ; -   ; -   ; 249.947,17 ; -   ; -   ; -   ; -   
2021|05|CONTRIBUIÇÕES|Entrada|C170|2556|70|0.0000|0.0000|02|Não conferido;01/05/2021;2021;5;2;CONTRIBUIÇÕES;Entrada;C170;2556;70;0,0000;0,0000;2;Não conferido;154; 170.103,29 ; 3.684,66 ; 166.418,63 ; 67.765,49 ; 5.329,86 ; -   ; -   ; -   ; 161.088,77 ; -   ; -   ; -   ; -   
2021|05|CONTRIBUIÇÕES|Entrada|C170|1202|51|1.6500|7.6000|12|Não conferido;01/05/2021;2021;5;2;CONTRIBUIÇÕES;Entrada;C170;1202;51;0,0165;0,0760;12;Não conferido;11; 8.770,77 ; -   ; 8.770,77 ; 3.698,13 ; 655,25 ; -   ; -   ; -   ; 8.115,52 ; 8.770,77 ; 144,71 ; 666,57 ; 811,28 
2021|05|CONTRIBUIÇÕES|Entrada|C170|2126|70|0.0000|0.0000|02|Não conferido;01/05/2021;2021;5;2;CONTRIBUIÇÕES;Entrada;C170;2126;70;0,0000;0,0000;2;Não conferido;2; 59.906,07 ; -   ; 59.906,07 ; 52.402,88 ; 2.096,12 ; -   ; -   ; -   ; 57.809,95 ; -   ; -   ; -   ; -   
2021|05|CONTRIBUIÇÕES|Entrada|C170|1908|70|0.0000|0.0000|N/A|Não conferido;01/05/2021;2021;5;2;CONTRIBUIÇÕES;Entrada;C170;1908;70;0,0000;0,0000;N/A;Não conferido;4; 56.618,00 ; -   ; 56.618,00 ; -   ; -   ; -   ; -   ; -   ; 56.618,00 ; -   ; -   ; -   ; -   
2021|05|CONTRIBUIÇÕES|Entrada|C170|2916|70|0.0000|0.0000|N/A|Não conferido;01/05/2021;2021;5;2;CONTRIBUIÇÕES;Entrada;C170;2916;70;0,0000;0,0000;N/A;Não conferido;3; 30.000,00 ; -   ; 30.000,00 ; -   ; -   ; -   ; -   ; -   ; 30.000,00 ; -   ; -   ; -   ; -   
2021|05|CONTRIBUIÇÕES|Entrada|C170|2556|51|1.6500|7.6000|02|Não conferido;01/05/2021;2021;5;2;CONTRIBUIÇÕES;Entrada;C170;2556;51;0,0165;0,0760;2;Não conferido;215; 236.523,88 ; 5.998,43 ; 230.525,45 ; 137.540,93 ; 12.308,84 ; -   ; -   ; -   ; 218.216,61 ; 230.525,45 ; 3.803,72 ; 17.520,00 ; 21.323,72 
2021|05|CONTRIBUIÇÕES|Entrada|C170|2653|70|0.0000|0.0000|02|Não conferido;01/05/2021;2021;5;2;CONTRIBUIÇÕES;Entrada;C170;2653;70;0,0000;0,0000;2;Não conferido;5; 2.867,42 ; -   ; 2.867,42 ; -   ; -   ; -   ; -   ; -   ; 2.867,42 ; -   ; -   ; -   ; -   
2021|05|CONTRIBUIÇÕES|Entrada|C170|1202|70|0.0000|0.0000|12|Não conferido;01/05/2021;2021;5;2;CONTRIBUIÇÕES;Entrada;C170;1202;70;0,0000;0,0000;12;Não conferido;2; 2.200,00 ; -   ; 2.200,00 ; 2.200,00 ; 396,00 ; -   ; -   ; -   ; 1.804,00 ; -   ; -   ; -   ; -   
2021|05|CONTRIBUIÇÕES|Entrada|C170|1411|51|1.6500|7.6000|12|Não conferido;01/05/2021;2021;5;2;CONTRIBUIÇÕES;Entrada;C170;1411;51;0,0165;0,0760;12;Não conferido;30; 6.881,80 ; 766,00 ; 6.115,80 ; -   ; -   ; -   ; -   ; -   ; 6.115,80 ; 6.115,80 ; 100,88 ; 464,81 ; 565,69 
2021|05|CONTRIBUIÇÕES|Entrada|C170|1911|98|0.0000|0.0000|N/A|Não conferido;01/05/2021;2021;5;2;CONTRIBUIÇÕES;Entrada;C170;1911;98;0,0000;0,0000;N/A;Não conferido;1; 190,00 ; -   ; 190,00 ; -   ; -   ; -   ; -   ; -   ; 190,00 ; -   ; -   ; -   ; -   
2021|05|CONTRIBUIÇÕES|Entrada|C170|2407|51|1.6500|7.6000|02|Não conferido;01/05/2021;2021;5;2;CONTRIBUIÇÕES;Entrada;C170;2407;51;0,0165;0,0760;2;Não conferido;92; 159.721,88 ; 0,39 ; 159.721,49 ; 112.773,61 ; 5.672,86 ; -   ; -   ; -   ; 154.048,63 ; 159.721,49 ; 2.635,46 ; 12.138,80 ; 14.774,26 
2021|05|CONTRIBUIÇÕES|Entrada|C170|1407|70|0.0000|0.0000|02|Não conferido;01/05/2021;2021;5;2;CONTRIBUIÇÕES;Entrada;C170;1407;70;0,0000;0,0000;2;Não conferido;95; 45.749,13 ; 5.580,00 ; 40.169,13 ; -   ; -   ; -   ; -   ; -   ; 40.169,13 ; -   ; -   ; -   ; -   
2021|05|CONTRIBUIÇÕES|Entrada|C170|1407|51|1.6500|7.6000|02|Não conferido;01/05/2021;2021;5;2;CONTRIBUIÇÕES;Entrada;C170;1407;51;0,0165;0,0760;2;Não conferido;2311; 1.498.474,72 ; 75.661,80 ; 1.422.812,92 ; 632,00 ; 113,76 ; -   ; -   ; -   ; 1.422.699,16 ; 1.422.812,92 ; 23.477,40 ; 108.133,81 ; 131.611,21 
2021|05|CONTRIBUIÇÕES|Entrada|C170|1653|70|0.0000|0.0000|02|Não conferido;01/05/2021;2021;5;2;CONTRIBUIÇÕES;Entrada;C170;1653;70;0,0000;0,0000;2;Não conferido;3; 573,14 ; -   ; 573,14 ; -   ; -   ; -   ; -   ; -   ; 573,14 ; -   ; -   ; -   ; -   
2021|05|CONTRIBUIÇÕES|Entrada|C170|2126|51|1.6500|7.6000|02|Não conferido;01/05/2021;2021;5;2;CONTRIBUIÇÕES;Entrada;C170;2126;51;0,0165;0,0760;2;Não conferido;1; 220.084,39 ; -   ; 220.084,39 ; 211.539,84 ; 25.384,78 ; -   ; -   ; -   ; 194.699,61 ; 220.084,39 ; 3.631,39 ; 16.726,41 ; 20.357,80 
2021|05|CONTRIBUIÇÕES|Entrada|C170|2557|70|0.0000|0.0000|N/A|Não conferido;01/05/2021;2021;5;2;CONTRIBUIÇÕES;Entrada;C170;2557;70;0,0000;0,0000;N/A;Não conferido;7; 290.000,00 ; -   ; 290.000,00 ; -   ; -   ; -   ; -   ; -   ; 290.000,00 ; -   ; -   ; -   ; -   
2021|05|CONTRIBUIÇÕES|Entrada|C170|1551|70|0.0000|0.0000|10|Não conferido;01/05/2021;2021;5;2;CONTRIBUIÇÕES;Entrada;C170;1551;70;0,0000;0,0000;10;Não conferido;6; 460.000,00 ; -   ; 460.000,00 ; 433.890,00 ; 61.180,20 ; -   ; -   ; -   ; 398.819,80 ; -   ; -   ; -   ; -   
2021|05|CONTRIBUIÇÕES|Entrada|C170|2653|51|1.6500|7.6000|02|Não conferido;01/05/2021;2021;5;2;CONTRIBUIÇÕES;Entrada;C170;2653;51;0,0165;0,0760;2;Não conferido;55; 197.914,06 ; 5.291,89 ; 192.622,17 ; 760,83 ; 91,30 ; -   ; -   ; -   ; 192.530,87 ; 192.622,17 ; 3.178,27 ; 14.639,26 ; 17.817,53 
2021|05|CONTRIBUIÇÕES|Entrada|C170|2933|70|0.0000|0.0000|03|Não conferido;01/05/2021;2021;5;2;CONTRIBUIÇÕES;Entrada;C170;2933;70;0,0000;0,0000;3;Não conferido;1; 500,00 ; -   ; 500,00 ; -   ; -   ; -   ; -   ; -   ; 500,00 ; -   ; -   ; -   ; -   
2021|05|CONTRIBUIÇÕES|Entrada|F130|F130|51|1.6500|7.6000|10|Não conferido;01/05/2021;2021;5;2;CONTRIBUIÇÕES;Entrada;F130;F130;51;0,0165;0,0760;10;Não conferido;4; 360.000,00 ; -   ; 360.000,00 ; -   ; -   ; -   ; -   ; -   ; 360.000,00 ; 312.120,00 ; 5.150,00 ; 23.721,12 ; 28.871,12 
2021|07|CONTRIBUIÇÕES|Entrada|C170|2556|51|1.6500|7.6000|02|Não conferido;01/07/2021;2021;7;3;CONTRIBUIÇÕES;Entrada;C170;2556;51;0,0165;0,0760;2;Não conferido;98; 93.423,42 ; 1,78 ; 93.421,64 ; 73.913,21 ; 7.307,42 ; -   ; -   ; -   ; 86.114,22 ; 93.421,64 ; 1.541,52 ; 7.100,02 ; 8.641,54 
2021|07|CONTRIBUIÇÕES|Entrada|C170|1556|51|1.6500|7.6000|02|Não conferido;01/07/2021;2021;7;3;CONTRIBUIÇÕES;Entrada;C170;1556;51;0,0165;0,0760;2;Não conferido;832; 479.615,81 ; 3.878,35 ; 475.737,46 ; 321.274,38 ; 57.604,16 ; -   ; -   ; -   ; 418.133,30 ; 475.737,46 ; 7.849,77 ; 36.156,23 ; 44.006,00 
2021|07|CONTRIBUIÇÕES|Entrada|C170|1407|70|0.0000|0.0000|02|Não conferido;01/07/2021;2021;7;3;CONTRIBUIÇÕES;Entrada;C170;1407;70;0,0000;0,0000;2;Não conferido;75; 25.901,53 ; 2.140,61 ; 23.760,92 ; 2,99 ; 0,54 ; -   ; -   ; -   ; 23.760,38 ; -   ; -   ; -   ; -   
2021|07|CONTRIBUIÇÕES|Entrada|C170|2916|70|0.0000|0.0000|N/A|Não conferido;01/07/2021;2021;7;3;CONTRIBUIÇÕES;Entrada;C170;2916;70;0,0000;0,0000;N/A;Não conferido;223; 31.220,00 ; -   ; 31.220,00 ; -   ; -   ; -   ; -   ; -   ; 31.220,00 ; -   ; -   ; -   ; -   
2021|07|CONTRIBUIÇÕES|Entrada|C170|1908|70|0.0000|0.0000|N/A|Não conferido;01/07/2021;2021;7;3;CONTRIBUIÇÕES;Entrada;C170;1908;70;0,0000;0,0000;N/A;Não conferido;1; 286,98 ; -   ; 286,98 ; -   ; -   ; -   ; -   ; -   ; 286,98 ; -   ; -   ; -   ; -   
2021|07|CONTRIBUIÇÕES|Entrada|C170|2551|70|0.0000|0.0000|10|Não conferido;01/07/2021;2021;7;3;CONTRIBUIÇÕES;Entrada;C170;2551;70;0,0000;0,0000;10;Não conferido;1; 160.000,00 ; -   ; 160.000,00 ; 3.333,33 ; 400,00 ; -   ; -   ; -   ; 159.600,00 ; -   ; -   ; -   ; -   
2021|07|CONTRIBUIÇÕES|Entrada|C170|2407|51|1.6500|7.6000|02|Não conferido;01/07/2021;2021;7;3;CONTRIBUIÇÕES;Entrada;C170;2407;51;0,0165;0,0760;2;Não conferido;94; 74.929,54 ; 284,02 ; 74.645,52 ; 18.471,92 ; 1.940,12 ; -   ; -   ; -   ; 72.705,40 ; 74.645,52 ; 1.231,67 ; 5.673,08 ; 6.904,75 
2021|07|CONTRIBUIÇÕES|Entrada|C170|1551|70|0.0000|0.0000|10|Não conferido;01/07/2021;2021;7;3;CONTRIBUIÇÕES;Entrada;C170;1551;70;0,0000;0,0000;10;Não conferido;120; 20.389.524,00 ; -   ; 20.389.524,00 ; 398.774,88 ; 53.253,98 ; -   ; -   ; -   ; 20.336.270,02 ; -   ; -   ; -   ; -   
2021|07|CONTRIBUIÇÕES|Entrada|C170|2653|70|0.0000|0.0000|02|Não conferido;01/07/2021;2021;7;3;CONTRIBUIÇÕES;Entrada;C170;2653;70;0,0000;0,0000;2;Não conferido;8; 11.217,06 ; 0,01 ; 11.217,05 ; -   ; -   ; -   ; -   ; -   ; 11.217,05 ; -   ; -   ; -   ; -   
2021|07|CONTRIBUIÇÕES|Entrada|C170|1910|70|0.0000|0.0000|N/A|Não conferido;01/07/2021;2021;7;3;CONTRIBUIÇÕES;Entrada;C170;1910;70;0,0000;0,0000;N/A;Não conferido;3; 88,00 ; -   ; 88,00 ; 81,00 ; 14,58 ; -   ; -   ; -   ; 73,42 ; -   ; -   ; -   ; -   
2021|07|CONTRIBUIÇÕES|Entrada|C170|1916|70|0.0000|0.0000|N/A|Não conferido;01/07/2021;2021;7;3;CONTRIBUIÇÕES;Entrada;C170;1916;70;0,0000;0,0000;N/A;Não conferido;129; 129,00 ; -   ; 129,00 ; -   ; -   ; -   ; -   ; -   ; 129,00 ; -   ; -   ; -   ; -   
2021|07|CONTRIBUIÇÕES|Entrada|C170|1922|51|1.6500|7.6000|N/A|Não conferido;01/07/2021;2021;7;3;CONTRIBUIÇÕES;Entrada;C170;1922;51;0,0165;0,0760;N/A;Não conferido;1; 806,84 ; -   ; 806,84 ; -   ; -   ; -   ; -   ; -   ; 806,84 ; 806,84 ; 13,31 ; 61,32 ; 74,63 
2021|07|CONTRIBUIÇÕES|Entrada|C170|2653|51|1.6500|7.6000|02|Não conferido;01/07/2021;2021;7;3;CONTRIBUIÇÕES;Entrada;C170;2653;51;0,0165;0,0760;2;Não conferido;72; 241.672,09 ; 12.664,39 ; 229.007,70 ; 163.892,28 ; 19.667,04 ; -   ; -   ; -   ; 209.340,66 ; 229.007,70 ; 3.778,62 ; 17.404,54 ; 21.183,16 
2021|07|CONTRIBUIÇÕES|Entrada|C170|2126|51|1.6500|7.6000|02|Não conferido;01/07/2021;2021;7;3;CONTRIBUIÇÕES;Entrada;C170;2126;51;0,0165;0,0760;2;Não conferido;5; 2.100,00 ; -   ; 2.100,00 ; -   ; -   ; -   ; -   ; -   ; 2.100,00 ; 2.100,00 ; 34,65 ; 159,60 ; 194,25 
2021|07|CONTRIBUIÇÕES|Entrada|C170|1407|51|1.6500|7.6000|02|Não conferido;01/07/2021;2021;7;3;CONTRIBUIÇÕES;Entrada;C170;1407;51;0,0165;0,0760;2;Não conferido;1647; 1.185.220,44 ; 58.128,35 ; 1.127.092,09 ; 1.364,00 ; 245,52 ; -   ; -   ; -   ; 1.126.846,57 ; 1.127.092,09 ; 18.597,70 ; 85.658,90 ; 104.256,60 
2021|07|CONTRIBUIÇÕES|Entrada|C170|2552|70|0.0000|0.0000|N/A|Não conferido;01/07/2021;2021;7;3;CONTRIBUIÇÕES;Entrada;C170;2552;70;0,0000;0,0000;N/A;Não conferido;1; 135.000,00 ; -   ; 135.000,00 ; -   ; -   ; -   ; -   ; -   ; 135.000,00 ; -   ; -   ; -   ; -   
2021|07|CONTRIBUIÇÕES|Entrada|C170|1653|51|1.6500|7.6000|02|Não conferido;01/07/2021;2021;7;3;CONTRIBUIÇÕES;Entrada;C170;1653;51;0,0165;0,0760;2;Não conferido;62; 569.466,70 ; 3.887,37 ; 565.579,33 ; 504.910,46 ; 60.589,26 ; -   ; -   ; -   ; 504.990,07 ; 565.579,33 ; 9.332,07 ; 42.984,03 ; 52.316,10 
2021|07|CONTRIBUIÇÕES|Entrada|C170|2933|51|1.6500|7.6000|03|Não conferido;01/07/2021;2021;7;3;CONTRIBUIÇÕES;Entrada;C170;2933;51;0,0165;0,0760;3;Não conferido;14; 10.240,00 ; 0,72 ; 10.239,28 ; -   ; -   ; -   ; -   ; -   ; 10.239,28 ; 10.239,28 ; 168,97 ; 778,19 ; 947,16 
2021|07|CONTRIBUIÇÕES|Entrada|C170|1556|70|0.0000|0.0000|02|Não conferido;01/07/2021;2021;7;3;CONTRIBUIÇÕES;Entrada;C170;1556;70;0,0000;0,0000;2;Não conferido;1320; 725.666,10 ; 7.524,40 ; 718.141,70 ; 336.051,13 ; 59.110,34 ; -   ; -   ; -   ; 659.031,36 ; -   ; -   ; -   ; -   
2021|07|CONTRIBUIÇÕES|Entrada|C170|2556|70|0.0000|0.0000|02|Não conferido;01/07/2021;2021;7;3;CONTRIBUIÇÕES;Entrada;C170;2556;70;0,0000;0,0000;2;Não conferido;145; 372.728,13 ; 666,09 ; 372.062,04 ; 292.275,92 ; 34.838,88 ; -   ; -   ; -   ; 337.223,16 ; -   ; -   ; -   ; -   
2021|07|CONTRIBUIÇÕES|Entrada|C170|2557|70|0.0000|0.0000|N/A|Não conferido;01/07/2021;2021;7;3;CONTRIBUIÇÕES;Entrada;C170;2557;70;0,0000;0,0000;N/A;Não conferido;13; 481.740,00 ; -   ; 481.740,00 ; -   ; -   ; -   ; -   ; -   ; 481.740,00 ; -   ; -   ; -   ; -   
2021|07|CONTRIBUIÇÕES|Entrada|C170|2407|70|0.0000|0.0000|02|Não conferido;01/07/2021;2021;7;3;CONTRIBUIÇÕES;Entrada;C170;2407;70;0,0000;0,0000;2;Não conferido;25; 298.464,93 ; -   ; 298.464,93 ; 261.864,84 ; 31.423,76 ; -   ; -   ; -   ; 267.041,17 ; -   ; -   ; -   ; -   
2021|07|CONTRIBUIÇÕES|Entrada|C170|1554|70|0.0000|0.0000|N/A|Não conferido;01/07/2021;2021;7;3;CONTRIBUIÇÕES;Entrada;C170;1554;70;0,0000;0,0000;N/A;Não conferido;9; 2.324.000,00 ; -   ; 2.324.000,00 ; -   ; -   ; -   ; -   ; -   ; 2.324.000,00 ; -   ; -   ; -   ; -   
2021|07|CONTRIBUIÇÕES|Entrada|C170|2902|98|0.0000|0.0000|N/A|Não conferido;01/07/2021;2021;7;3;CONTRIBUIÇÕES;Entrada;C170;2902;98;0,0000;0,0000;N/A;Não conferido;23; 41,00 ; -   ; 41,00 ; -   ; -   ; -   ; -   ; -   ; 41,00 ; -   ; -   ; -   ; -   
2021|07|CONTRIBUIÇÕES|Entrada|C170|1126|51|1.6500|7.6000|02|Não conferido;01/07/2021;2021;7;3;CONTRIBUIÇÕES;Entrada;C170;1126;51;0,0165;0,0760;2;Não conferido;3; 5.520,00 ; -   ; 5.520,00 ; -   ; -   ; -   ; -   ; -   ; 5.520,00 ; 5.520,00 ; 91,08 ; 419,52 ; 510,60 
2021|07|CONTRIBUIÇÕES|Entrada|D100|1353|98|0.0000|0.0000|07|Não conferido;01/07/2021;2021;7;3;CONTRIBUIÇÕES;Entrada;D100;1353;98;0,0000;0,0000;7;Não conferido;5; 78.806,70 ; -   ; 78.806,70 ; -   ; 7.565,44 ; -   ; -   ; -   ; 78.806,70 ; -   ; -   ; -   ; -   
2021|07|CONTRIBUIÇÕES|Entrada|F130|F130|51|1.6500|7.6000|10|Não conferido;01/07/2021;2021;7;3;CONTRIBUIÇÕES;Entrada;F130;F130;51;0,0165;0,0760;10;Não conferido;8; 1.200.000,00 ; -   ; 1.200.000,00 ; -   ; -   ; -   ; -   ; -   ; 1.200.000,00 ; 1.199.168,74 ; 19.786,28 ; 91.136,82 ; 110.923,10 
2021|08|CONTRIBUIÇÕES|Entrada|C170|2407|70|0.0000|0.0000|02|Não conferido;01/08/2021;2021;8;3;CONTRIBUIÇÕES;Entrada;C170;2407;70;0,0000;0,0000;2;Não conferido;13; 77.142,17 ; 64,25 ; 77.077,92 ; 71.722,48 ; 8.605,46 ; -   ; -   ; -   ; 68.472,46 ; -   ; -   ; -   ; -   
2021|08|CONTRIBUIÇÕES|Entrada|C170|2653|51|1.6500|7.6000|02|Não conferido;01/08/2021;2021;8;3;CONTRIBUIÇÕES;Entrada;C170;2653;51;0,0165;0,0760;2;Não conferido;103; 351.459,57 ; 21.538,88 ; 329.920,69 ; 283.261,03 ; 33.998,73 ; -   ; -   ; -   ; 295.921,96 ; 329.920,69 ; 5.443,68 ; 25.074,00 ; 30.517,68 
2021|08|CONTRIBUIÇÕES|Entrada|C170|1910|70|0.0000|0.0000|N/A|Não conferido;01/08/2021;2021;8;3;CONTRIBUIÇÕES;Entrada;C170;1910;70;0,0000;0,0000;N/A;Não conferido;1; 1.272,86 ; -   ; 1.272,86 ; -   ; -   ; -   ; -   ; -   ; 1.272,86 ; -   ; -   ; -   ; -   
2021|08|CONTRIBUIÇÕES|Entrada|C170|2653|70|0.0000|0.0000|02|Não conferido;01/08/2021;2021;8;3;CONTRIBUIÇÕES;Entrada;C170;2653;70;0,0000;0,0000;2;Não conferido;8; 12.052,42 ; 0,02 ; 12.052,40 ; -   ; -   ; -   ; -   ; -   ; 12.052,40 ; -   ; -   ; -   ; -   
2021|08|CONTRIBUIÇÕES|Entrada|C170|2908|70|0.0000|0.0000|N/A|Não conferido;01/08/2021;2021;8;3;CONTRIBUIÇÕES;Entrada;C170;2908;70;0,0000;0,0000;N/A;Não conferido;1; 2.200,00 ; -   ; 2.200,00 ; -   ; -   ; -   ; -   ; -   ; 2.200,00 ; -   ; -   ; -   ; -   
2021|08|CONTRIBUIÇÕES|Entrada|C170|1653|51|1.6500|7.6000|02|Não conferido;01/08/2021;2021;8;3;CONTRIBUIÇÕES;Entrada;C170;1653;51;0,0165;0,0760;2;Não conferido;54; 544.630,01 ; 1.111,31 ; 543.518,70 ; 3.775,38 ; 453,05 ; -   ; -   ; -   ; 543.065,65 ; 543.518,70 ; 8.968,08 ; 41.307,44 ; 50.275,52 
2021|08|CONTRIBUIÇÕES|Entrada|C170|1407|70|0.0000|0.0000|02|Não conferido;01/08/2021;2021;8;3;CONTRIBUIÇÕES;Entrada;C170;1407;70;0,0000;0,0000;2;Não conferido;91; 38.047,94 ; 4.383,70 ; 33.664,24 ; 33,00 ; 3,96 ; -   ; -   ; -   ; 33.660,28 ; -   ; -   ; -   ; -   
2021|08|CONTRIBUIÇÕES|Entrada|C170|2916|70|0.0000|0.0000|N/A|Não conferido;01/08/2021;2021;8;3;CONTRIBUIÇÕES;Entrada;C170;2916;70;0,0000;0,0000;N/A;Não conferido;208; 27.204,00 ; -   ; 27.204,00 ; -   ; -   ; -   ; -   ; -   ; 27.204,00 ; -   ; -   ; -   ; -   
2021|08|CONTRIBUIÇÕES|Entrada|C170|1407|51|1.6500|7.6000|02|Não conferido;01/08/2021;2021;8;3;CONTRIBUIÇÕES;Entrada;C170;1407;51;0,0165;0,0760;2;Não conferido;1592; 867.252,66 ; 33.736,13 ; 833.516,53 ; 145,80 ; 26,24 ; -   ; -   ; -   ; 833.490,29 ; 833.516,53 ; 13.753,70 ; 63.347,30 ; 77.101,00 
2021|08|CONTRIBUIÇÕES|Entrada|C170|1556|51|1.6500|7.6000|02|Não conferido;01/08/2021;2021;8;3;CONTRIBUIÇÕES;Entrada;C170;1556;51;0,0165;0,0760;2;Não conferido;769; 766.059,30 ; 1.177,04 ; 764.882,26 ; 430.142,31 ; 77.166,40 ; -   ; -   ; -   ; 687.715,86 ; 764.882,26 ; 12.620,78 ; 58.131,17 ; 70.751,95 
2021|08|CONTRIBUIÇÕES|Entrada|C170|1653|70|0.0000|0.0000|02|Não conferido;01/08/2021;2021;8;3;CONTRIBUIÇÕES;Entrada;C170;1653;70;0,0000;0,0000;2;Não conferido;8; 1.128,49 ; -   ; 1.128,49 ; -   ; -   ; -   ; -   ; -   ; 1.128,49 ; -   ; -   ; -   ; -   
2021|08|CONTRIBUIÇÕES|Entrada|C170|1551|70|0.0000|0.0000|10|Não conferido;01/08/2021;2021;8;3;CONTRIBUIÇÕES;Entrada;C170;1551;70;0,0000;0,0000;10;Não conferido;95; 19.577.363,00 ; -   ; 19.577.363,00 ; 991.778,51 ; 131.906,37 ; -   ; -   ; -   ; 19.445.456,63 ; -   ; -   ; -   ; -   
2021|08|CONTRIBUIÇÕES|Entrada|C170|2556|70|0.0000|0.0000|02|Não conferido;01/08/2021;2021;8;3;CONTRIBUIÇÕES;Entrada;C170;2556;70;0,0000;0,0000;2;Não conferido;192; 99.814,33 ; 404,48 ; 99.409,85 ; 41.183,77 ; 5.020,11 ; -   ; -   ; -   ; 96.778,74 ; -   ; -   ; -   ; -   
2021|08|CONTRIBUIÇÕES|Entrada|C170|2407|51|1.6500|7.6000|02|Não conferido;01/08/2021;2021;8;3;CONTRIBUIÇÕES;Entrada;C170;2407;51;0,0165;0,0760;2;Não conferido;44; 55.705,75 ; 47,94 ; 55.657,81 ; 20.479,21 ; 2.302,83 ; -   ; -   ; -   ; 53.354,98 ; 55.657,81 ; 918,36 ; 4.230,00 ; 5.148,36 
2021|08|CONTRIBUIÇÕES|Entrada|C170|2552|70|0.0000|0.0000|N/A|Não conferido;01/08/2021;2021;8;3;CONTRIBUIÇÕES;Entrada;C170;2552;70;0,0000;0,0000;N/A;Não conferido;1; 135.000,00 ; -   ; 135.000,00 ; -   ; -   ; -   ; -   ; -   ; 135.000,00 ; -   ; -   ; -   ; -   
2021|08|CONTRIBUIÇÕES|Entrada|C170|2933|51|1.6500|7.6000|03|Não conferido;01/08/2021;2021;8;3;CONTRIBUIÇÕES;Entrada;C170;2933;51;0,0165;0,0760;3;Não conferido;22; 17.106,00 ; 35,08 ; 17.070,92 ; -   ; -   ; -   ; -   ; -   ; 17.070,92 ; 17.070,92 ; 281,70 ; 1.297,39 ; 1.579,09 
2021|08|CONTRIBUIÇÕES|Entrada|C170|1916|70|0.0000|0.0000|N/A|Não conferido;01/08/2021;2021;8;3;CONTRIBUIÇÕES;Entrada;C170;1916;70;0,0000;0,0000;N/A;Não conferido;87; 87,00 ; -   ; 87,00 ; -   ; -   ; -   ; -   ; -   ; 87,00 ; -   ; -   ; -   ; -   
2021|08|CONTRIBUIÇÕES|Entrada|C170|1556|70|0.0000|0.0000|02|Não conferido;01/08/2021;2021;8;3;CONTRIBUIÇÕES;Entrada;C170;1556;70;0,0000;0,0000;2;Não conferido;1433; 1.251.799,81 ; 8.803,25 ; 1.242.996,56 ; 741.910,94 ; 105.903,71 ; -   ; -   ; -   ; 1.137.092,85 ; -   ; -   ; -   ; -   
2021|08|CONTRIBUIÇÕES|Entrada|C170|2556|51|1.6500|7.6000|02|Não conferido;01/08/2021;2021;8;3;CONTRIBUIÇÕES;Entrada;C170;2556;51;0,0165;0,0760;2;Não conferido;147; 224.463,05 ; 109,45 ; 224.353,60 ; 39.372,41 ; 3.331,14 ; -   ; -   ; -   ; 221.022,46 ; 224.353,60 ; 3.701,86 ; 17.050,86 ; 20.752,72 
2021|08|CONTRIBUIÇÕES|Entrada|C170|2557|70|0.0000|0.0000|N/A|Não conferido;01/08/2021;2021;8;3;CONTRIBUIÇÕES;Entrada;C170;2557;70;0,0000;0,0000;N/A;Não conferido;7; 230.300,00 ; -   ; 230.300,00 ; -   ; -   ; -   ; -   ; -   ; 230.300,00 ; -   ; -   ; -   ; -   
2021|08|CONTRIBUIÇÕES|Entrada|C170|1126|51|1.6500|7.6000|02|Não conferido;01/08/2021;2021;8;3;CONTRIBUIÇÕES;Entrada;C170;1126;51;0,0165;0,0760;2;Não conferido;1; 2.078,00 ; 107,90 ; 1.970,10 ; -   ; -   ; -   ; -   ; -   ; 1.970,10 ; 1.970,10 ; 32,51 ; 149,73 ; 182,24 
2021|08|CONTRIBUIÇÕES|Entrada|C170|2126|51|1.6500|7.6000|02|Não conferido;01/08/2021;2021;8;3;CONTRIBUIÇÕES;Entrada;C170;2126;51;0,0165;0,0760;2;Não conferido;1; 248.241,21 ; -   ; 248.241,21 ; 238.603,50 ; 28.632,42 ; -   ; -   ; -   ; 219.608,79 ; 248.241,21 ; 4.095,98 ; 18.866,33 ; 22.962,31 
2021|08|CONTRIBUIÇÕES|Entrada|F130|F130|51|1.6500|7.6000|10|Não conferido;01/08/2021;2021;8;3;CONTRIBUIÇÕES;Entrada;F130;F130;51;0,0165;0,0760;10;Não conferido;2; 300.000,00 ; -   ; 300.000,00 ; -   ; -   ; -   ; -   ; -   ; 300.000,00 ; 300.000,00 ; 4.950,00 ; 22.800,00 ; 27.750,00 
2021|09|CONTRIBUIÇÕES|Entrada|C170|2557|70|0.0000|0.0000|N/A|Não conferido;01/09/2021;2021;9;3;CONTRIBUIÇÕES;Entrada;C170;2557;70;0,0000;0,0000;N/A;Não conferido;5; 108.000,00 ; -   ; 108.000,00 ; -   ; -   ; -   ; -   ; -   ; 108.000,00 ; -   ; -   ; -   ; -   
2021|09|CONTRIBUIÇÕES|Entrada|C170|1407|70|0.0000|0.0000|02|Não conferido;01/09/2021;2021;9;3;CONTRIBUIÇÕES;Entrada;C170;1407;70;0,0000;0,0000;2;Não conferido;52; 17.789,18 ; 762,13 ; 17.027,05 ; -   ; -   ; -   ; -   ; -   ; 17.027,05 ; -   ; -   ; -   ; -   
2021|09|CONTRIBUIÇÕES|Entrada|C170|2407|70|0.0000|0.0000|02|Não conferido;01/09/2021;2021;9;3;CONTRIBUIÇÕES;Entrada;C170;2407;70;0,0000;0,0000;2;Não conferido;2; 38.157,96 ; -   ; 38.157,96 ; 34.234,67 ; 2.396,43 ; -   ; -   ; -   ; 35.761,53 ; -   ; -   ; -   ; -   
2021|09|CONTRIBUIÇÕES|Entrada|C170|2556|70|0.0000|0.0000|02|Não conferido;01/09/2021;2021;9;3;CONTRIBUIÇÕES;Entrada;C170;2556;70;0,0000;0,0000;2;Não conferido;169; 268.977,39 ; 269,44 ; 268.707,95 ; 231.414,67 ; 27.703,40 ; -   ; -   ; -   ; 241.004,55 ; -   ; -   ; -   ; -   
2021|09|CONTRIBUIÇÕES|Entrada|C170|2902|98|0.0000|0.0000|N/A|Não conferido;01/09/2021;2021;9;3;CONTRIBUIÇÕES;Entrada;C170;2902;98;0,0000;0,0000;N/A;Não conferido;53; 100,00 ; -   ; 100,00 ; -   ; -   ; -   ; -   ; -   ; 100,00 ; -   ; -   ; -   ; -   
2021|09|CONTRIBUIÇÕES|Entrada|C170|1916|70|0.0000|0.0000|N/A|Não conferido;01/09/2021;2021;9;3;CONTRIBUIÇÕES;Entrada;C170;1916;70;0,0000;0,0000;N/A;Não conferido;94; 94,00 ; -   ; 94,00 ; -   ; -   ; -   ; -   ; -   ; 94,00 ; -   ; -   ; -   ; -   
2021|09|CONTRIBUIÇÕES|Entrada|C170|2908|70|0.0000|0.0000|N/A|Não conferido;01/09/2021;2021;9;3;CONTRIBUIÇÕES;Entrada;C170;2908;70;0,0000;0,0000;N/A;Não conferido;1; 800.000,00 ; -   ; 800.000,00 ; -   ; -   ; -   ; -   ; -   ; 800.000,00 ; -   ; -   ; -   ; -   
2021|09|CONTRIBUIÇÕES|Entrada|C170|2407|51|1.6500|7.6000|02|Não conferido;01/09/2021;2021;9;3;CONTRIBUIÇÕES;Entrada;C170;2407;51;0,0165;0,0760;2;Não conferido;76; 461.259,34 ; 291,92 ; 460.967,42 ; 411.442,91 ; 41.075,52 ; -   ; -   ; -   ; 419.891,90 ; 460.967,42 ; 7.606,01 ; 35.033,59 ; 42.639,60 
2021|09|CONTRIBUIÇÕES|Entrada|C170|2556|51|1.6500|7.6000|02|Não conferido;01/09/2021;2021;9;3;CONTRIBUIÇÕES;Entrada;C170;2556;51;0,0165;0,0760;2;Não conferido;122; 70.007,17 ; 2.279,23 ; 67.727,94 ; 24.741,64 ; 2.839,58 ; -   ; -   ; -   ; 64.888,36 ; 67.727,94 ; 1.117,48 ; 5.147,31 ; 6.264,79 
2021|09|CONTRIBUIÇÕES|Entrada|C170|2653|51|1.6500|7.6000|02|Não conferido;01/09/2021;2021;9;3;CONTRIBUIÇÕES;Entrada;C170;2653;51;0,0165;0,0760;2;Não conferido;138; 417.523,30 ; 19.987,26 ; 397.536,04 ; 353.009,57 ; 42.361,15 ; -   ; -   ; -   ; 355.174,89 ; 397.536,04 ; 6.559,32 ; 30.212,67 ; 36.771,99 
2021|09|CONTRIBUIÇÕES|Entrada|C170|2933|51|1.6500|7.6000|03|Não conferido;01/09/2021;2021;9;3;CONTRIBUIÇÕES;Entrada;C170;2933;51;0,0165;0,0760;3;Não conferido;4; 1.660,00 ; 9,47 ; 1.650,53 ; -   ; -   ; -   ; -   ; -   ; 1.650,53 ; 1.650,53 ; 27,24 ; 125,44 ; 152,68 
2021|09|CONTRIBUIÇÕES|Entrada|C170|1920|70|0.0000|0.0000|N/A|Não conferido;01/09/2021;2021;9;3;CONTRIBUIÇÕES;Entrada;C170;1920;70;0,0000;0,0000;N/A;Não conferido;3; 1.736,73 ; -   ; 1.736,73 ; -   ; -   ; -   ; -   ; -   ; 1.736,73 ; -   ; -   ; -   ; -   
2021|09|CONTRIBUIÇÕES|Entrada|C170|1653|51|1.6500|7.6000|02|Não conferido;01/09/2021;2021;9;3;CONTRIBUIÇÕES;Entrada;C170;1653;51;0,0165;0,0760;2;Não conferido;109; 503.543,80 ; 11.935,28 ; 491.608,52 ; 13.877,48 ; 1.665,29 ; -   ; -   ; -   ; 489.943,23 ; 491.608,52 ; 8.111,63 ; 37.362,20 ; 45.473,83 
2021|09|CONTRIBUIÇÕES|Entrada|C170|1551|70|0.0000|0.0000|10|Não conferido;01/09/2021;2021;9;3;CONTRIBUIÇÕES;Entrada;C170;1551;70;0,0000;0,0000;10;Não conferido;6; 3.624.000,00 ; -   ; 3.624.000,00 ; 75.500,08 ; 10.041,50 ; -   ; -   ; -   ; 3.613.958,50 ; -   ; -   ; -   ; -   
2021|09|CONTRIBUIÇÕES|Entrada|C170|2653|70|0.0000|0.0000|02|Não conferido;01/09/2021;2021;9;3;CONTRIBUIÇÕES;Entrada;C170;2653;70;0,0000;0,0000;2;Não conferido;6; 11.598,57 ; -   ; 11.598,57 ; -   ; -   ; -   ; -   ; -   ; 11.598,57 ; -   ; -   ; -   ; -   
2021|09|CONTRIBUIÇÕES|Entrada|C170|1554|70|0.0000|0.0000|N/A|Não conferido;01/09/2021;2021;9;3;CONTRIBUIÇÕES;Entrada;C170;1554;70;0,0000;0,0000;N/A;Não conferido;1; 135.000,00 ; -   ; 135.000,00 ; -   ; -   ; -   ; -   ; -   ; 135.000,00 ; -   ; -   ; -   ; -   
2021|09|CONTRIBUIÇÕES|Entrada|C170|2916|70|0.0000|0.0000|N/A|Não conferido;01/09/2021;2021;9;3;CONTRIBUIÇÕES;Entrada;C170;2916;70;0,0000;0,0000;N/A;Não conferido;3; 16.300,02 ; 0,02 ; 16.300,00 ; -   ; -   ; -   ; -   ; -   ; 16.300,00 ; -   ; -   ; -   ; -   
2021|09|CONTRIBUIÇÕES|Entrada|C170|1407|51|1.6500|7.6000|02|Não conferido;01/09/2021;2021;9;3;CONTRIBUIÇÕES;Entrada;C170;1407;51;0,0165;0,0760;2;Não conferido;1286; 846.392,59 ; 42.333,74 ; 804.058,85 ; -   ; -   ; -   ; -   ; -   ; 804.058,85 ; 804.058,85 ; 13.267,50 ; 61.108,40 ; 74.375,90 
2021|09|CONTRIBUIÇÕES|Entrada|C170|2552|70|0.0000|0.0000|N/A|Não conferido;01/09/2021;2021;9;3;CONTRIBUIÇÕES;Entrada;C170;2552;70;0,0000;0,0000;N/A;Não conferido;2; 734.500,00 ; -   ; 734.500,00 ; -   ; -   ; -   ; -   ; -   ; 734.500,00 ; -   ; -   ; -   ; -   
2021|09|CONTRIBUIÇÕES|Entrada|C170|1557|70|0.0000|0.0000|N/A|Não conferido;01/09/2021;2021;9;3;CONTRIBUIÇÕES;Entrada;C170;1557;70;0,0000;0,0000;N/A;Não conferido;2; 33.600,00 ; -   ; 33.600,00 ; -   ; -   ; -   ; -   ; -   ; 33.600,00 ; -   ; -   ; -   ; -   
2021|09|CONTRIBUIÇÕES|Entrada|C170|1556|70|0.0000|0.0000|02|Não conferido;01/09/2021;2021;9;3;CONTRIBUIÇÕES;Entrada;C170;1556;70;0,0000;0,0000;2;Não conferido;1234; 761.165,32 ; 6.312,63 ; 754.852,69 ; 328.088,60 ; 58.400,47 ; -   ; -   ; -   ; 696.452,22 ; -   ; -   ; -   ; -   
2021|09|CONTRIBUIÇÕES|Entrada|C170|1556|51|1.6500|7.6000|02|Não conferido;01/09/2021;2021;9;3;CONTRIBUIÇÕES;Entrada;C170;1556;51;0,0165;0,0760;2;Não conferido;464; 834.445,39 ; 2.314,14 ; 832.131,25 ; 145.036,61 ; 25.854,43 ; -   ; -   ; -   ; 806.276,82 ; 832.131,25 ; 13.730,33 ; 63.242,06 ; 76.972,39 
2021|09|CONTRIBUIÇÕES|Entrada|C170|1908|70|0.0000|0.0000|N/A|Não conferido;01/09/2021;2021;9;3;CONTRIBUIÇÕES;Entrada;C170;1908;70;0,0000;0,0000;N/A;Não conferido;7; 435.955,72 ; -   ; 435.955,72 ; -   ; -   ; -   ; -   ; -   ; 435.955,72 ; -   ; -   ; -   ; -   
2021|09|CONTRIBUIÇÕES|Entrada|C170|1653|70|0.0000|0.0000|02|Não conferido;01/09/2021;2021;9;3;CONTRIBUIÇÕES;Entrada;C170;1653;70;0,0000;0,0000;2;Não conferido;13; 2.812,45 ; -   ; 2.812,45 ; -   ; -   ; -   ; -   ; -   ; 2.812,45 ; -   ; -   ; -   ; -   
2021|10|CONTRIBUIÇÕES|Entrada|C170|1554|70|0.0000|0.0000|N/A|Não conferido;01/10/2021;2021;10;4;CONTRIBUIÇÕES;Entrada;C170;1554;70;0,0000;0,0000;N/A;Não conferido;1; 135.000,00 ; -   ; 135.000,00 ; -   ; -   ; -   ; -   ; -   ; 135.000,00 ; -   ; -   ; -   ; -   
2021|10|CONTRIBUIÇÕES|Entrada|C170|1407|70|0.0000|0.0000|02|Não conferido;01/10/2021;2021;10;4;CONTRIBUIÇÕES;Entrada;C170;1407;70;0,0000;0,0000;2;Não conferido;36; 6.051,00 ; 20,00 ; 6.031,00 ; -   ; -   ; -   ; -   ; -   ; 6.031,00 ; -   ; -   ; -   ; -   
2021|10|CONTRIBUIÇÕES|Entrada|C170|2949|70|0.0000|0.0000|N/A|Não conferido;01/10/2021;2021;10;4;CONTRIBUIÇÕES;Entrada;C170;2949;70;0,0000;0,0000;N/A;Não conferido;3; 534,13 ; -   ; 534,13 ; 244,90 ; 29,38 ; -   ; -   ; -   ; 504,75 ; -   ; -   ; -   ; -   
2021|10|CONTRIBUIÇÕES|Entrada|C170|2933|51|1.6500|7.6000|03|Não conferido;01/10/2021;2021;10;4;CONTRIBUIÇÕES;Entrada;C170;2933;51;0,0165;0,0760;3;Não conferido;2; 2.210,00 ; -   ; 2.210,00 ; -   ; -   ; -   ; -   ; -   ; 2.210,00 ; 2.210,00 ; 36,47 ; 167,96 ; 204,43 
2021|10|CONTRIBUIÇÕES|Entrada|C170|2407|70|0.0000|0.0000|02|Não conferido;01/10/2021;2021;10;4;CONTRIBUIÇÕES;Entrada;C170;2407;70;0,0000;0,0000;2;Não conferido;18; 71.396,03 ; 551,87 ; 70.844,16 ; 56.056,00 ; 3.782,79 ; -   ; -   ; -   ; 67.061,37 ; -   ; -   ; -   ; -   
2021|10|CONTRIBUIÇÕES|Entrada|C170|2653|51|1.6500|7.6000|02|Não conferido;01/10/2021;2021;10;4;CONTRIBUIÇÕES;Entrada;C170;2653;51;0,0165;0,0760;2;Não conferido;83; 389.548,71 ; 17.089,49 ; 372.459,22 ; 281.906,86 ; 33.828,87 ; -   ; -   ; -   ; 338.630,35 ; 372.459,22 ; 6.145,60 ; 28.306,89 ; 34.452,49 
2021|10|CONTRIBUIÇÕES|Entrada|C170|2908|70|0.0000|0.0000|N/A|Não conferido;01/10/2021;2021;10;4;CONTRIBUIÇÕES;Entrada;C170;2908;70;0,0000;0,0000;N/A;Não conferido;1; 1.950,00 ; -   ; 1.950,00 ; -   ; -   ; -   ; -   ; -   ; 1.950,00 ; -   ; -   ; -   ; -   
2021|10|CONTRIBUIÇÕES|Entrada|C170|1556|70|0.0000|0.0000|02|Não conferido;01/10/2021;2021;10;4;CONTRIBUIÇÕES;Entrada;C170;1556;70;0,0000;0,0000;2;Não conferido;498; 264.789,40 ; 5.083,10 ; 259.706,30 ; 28.032,95 ; 5.045,94 ; -   ; -   ; -   ; 254.660,36 ; -   ; -   ; -   ; -   
2021|10|CONTRIBUIÇÕES|Entrada|C170|2916|70|0.0000|0.0000|N/A|Não conferido;01/10/2021;2021;10;4;CONTRIBUIÇÕES;Entrada;C170;2916;70;0,0000;0,0000;N/A;Não conferido;25; 2.273,00 ; -   ; 2.273,00 ; -   ; -   ; -   ; -   ; -   ; 2.273,00 ; -   ; -   ; -   ; -   
2021|10|CONTRIBUIÇÕES|Entrada|C170|2557|70|0.0000|0.0000|N/A|Não conferido;01/10/2021;2021;10;4;CONTRIBUIÇÕES;Entrada;C170;2557;70;0,0000;0,0000;N/A;Não conferido;5; 410.000,00 ; -   ; 410.000,00 ; -   ; -   ; -   ; -   ; -   ; 410.000,00 ; -   ; -   ; -   ; -   
2021|10|CONTRIBUIÇÕES|Entrada|C170|1933|70|0.0000|0.0000|03|Não conferido;01/10/2021;2021;10;4;CONTRIBUIÇÕES;Entrada;C170;1933;70;0,0000;0,0000;3;Não conferido;1; 120,00 ; -   ; 120,00 ; -   ; -   ; -   ; -   ; -   ; 120,00 ; -   ; -   ; -   ; -   
2021|10|CONTRIBUIÇÕES|Entrada|C170|1653|51|1.6500|7.6000|02|Não conferido;01/10/2021;2021;10;4;CONTRIBUIÇÕES;Entrada;C170;1653;51;0,0165;0,0760;2;Não conferido;25; 236.640,76 ; 123,02 ; 236.517,74 ; 3.018,81 ; 362,26 ; -   ; -   ; -   ; 236.155,48 ; 236.517,74 ; 3.902,52 ; 17.975,33 ; 21.877,85 
2021|10|CONTRIBUIÇÕES|Entrada|C170|2915|70|0.0000|0.0000|N/A|Não conferido;01/10/2021;2021;10;4;CONTRIBUIÇÕES;Entrada;C170;2915;70;0,0000;0,0000;N/A;Não conferido;1; 1.950,00 ; -   ; 1.950,00 ; -   ; -   ; -   ; -   ; -   ; 1.950,00 ; -   ; -   ; -   ; -   
2021|10|CONTRIBUIÇÕES|Entrada|C170|2653|70|0.0000|0.0000|02|Não conferido;01/10/2021;2021;10;4;CONTRIBUIÇÕES;Entrada;C170;2653;70;0,0000;0,0000;2;Não conferido;11; 33.337,17 ; -   ; 33.337,17 ; -   ; -   ; -   ; -   ; -   ; 33.337,17 ; -   ; -   ; -   ; -   
2021|10|CONTRIBUIÇÕES|Entrada|C170|2556|70|0.0000|0.0000|02|Não conferido;01/10/2021;2021;10;4;CONTRIBUIÇÕES;Entrada;C170;2556;70;0,0000;0,0000;2;Não conferido;97; 81.517,52 ; 148,79 ; 81.368,73 ; 22.138,08 ; 2.701,02 ; -   ; -   ; -   ; 78.667,71 ; -   ; -   ; -   ; -   
2021|10|CONTRIBUIÇÕES|Entrada|C170|1407|51|1.6500|7.6000|02|Não conferido;01/10/2021;2021;10;4;CONTRIBUIÇÕES;Entrada;C170;1407;51;0,0165;0,0760;2;Não conferido;809; 428.791,08 ; 16.507,60 ; 412.283,48 ; 697,00 ; 125,46 ; -   ; -   ; -   ; 412.158,02 ; 412.283,48 ; 6.803,08 ; 31.333,50 ; 38.136,58 
2021|10|CONTRIBUIÇÕES|Entrada|C170|2552|70|0.0000|0.0000|N/A|Não conferido;01/10/2021;2021;10;4;CONTRIBUIÇÕES;Entrada;C170;2552;70;0,0000;0,0000;N/A;Não conferido;13; 2.864.000,00 ; -   ; 2.864.000,00 ; -   ; -   ; -   ; -   ; -   ; 2.864.000,00 ; -   ; -   ; -   ; -   
2021|10|CONTRIBUIÇÕES|Entrada|C170|1949|70|0.0000|0.0000|N/A|Não conferido;01/10/2021;2021;10;4;CONTRIBUIÇÕES;Entrada;C170;1949;70;0,0000;0,0000;N/A;Não conferido;1; 8,84 ; -   ; 8,84 ; -   ; -   ; -   ; -   ; -   ; 8,84 ; -   ; -   ; -   ; -   
2021|10|CONTRIBUIÇÕES|Entrada|C170|2556|51|1.6500|7.6000|02|Não conferido;01/10/2021;2021;10;4;CONTRIBUIÇÕES;Entrada;C170;2556;51;0,0165;0,0760;2;Não conferido;83; 123.629,44 ; 452,88 ; 123.176,56 ; 57.167,03 ; 4.114,19 ; -   ; -   ; -   ; 119.062,37 ; 123.176,56 ; 2.032,45 ; 9.361,42 ; 11.393,87 
2021|10|CONTRIBUIÇÕES|Entrada|C170|2407|51|1.6500|7.6000|02|Não conferido;01/10/2021;2021;10;4;CONTRIBUIÇÕES;Entrada;C170;2407;51;0,0165;0,0760;2;Não conferido;33; 602.183,84 ; -   ; 602.183,84 ; 568.196,84 ; 67.872,05 ; -   ; -   ; -   ; 534.311,79 ; 602.183,84 ; 9.936,06 ; 45.765,98 ; 55.702,04 
2021|10|CONTRIBUIÇÕES|Entrada|C170|1653|70|0.0000|0.0000|02|Não conferido;01/10/2021;2021;10;4;CONTRIBUIÇÕES;Entrada;C170;1653;70;0,0000;0,0000;2;Não conferido;29; 22.958,46 ; -   ; 22.958,46 ; 16.433,10 ; 2.957,96 ; -   ; -   ; -   ; 20.000,50 ; -   ; -   ; -   ; -   
2021|10|CONTRIBUIÇÕES|Entrada|C170|1556|51|1.6500|7.6000|02|Não conferido;01/10/2021;2021;10;4;CONTRIBUIÇÕES;Entrada;C170;1556;51;0,0165;0,0760;2;Não conferido;308; 214.251,40 ; 3.454,32 ; 210.797,08 ; 17.676,60 ; 3.181,80 ; -   ; -   ; -   ; 207.615,28 ; 210.797,08 ; 3.478,32 ; 16.020,62 ; 19.498,94 
2021|11|CONTRIBUIÇÕES|Entrada|C170|1653|70|0.0000|0.0000|02|Não conferido;01/11/2021;2021;11;4;CONTRIBUIÇÕES;Entrada;C170;1653;70;0,0000;0,0000;2;Não conferido;18; 4.253,72 ; -   ; 4.253,72 ; -   ; -   ; -   ; -   ; -   ; 4.253,72 ; -   ; -   ; -   ; -   
2021|11|CONTRIBUIÇÕES|Entrada|C170|1916|70|0.0000|0.0000|N/A|Não conferido;01/11/2021;2021;11;4;CONTRIBUIÇÕES;Entrada;C170;1916;70;0,0000;0,0000;N/A;Não conferido;19; 19,00 ; -   ; 19,00 ; -   ; -   ; -   ; -   ; -   ; 19,00 ; -   ; -   ; -   ; -   
2021|11|CONTRIBUIÇÕES|Entrada|C170|2407|51|1.6500|7.6000|02|Não conferido;01/11/2021;2021;11;4;CONTRIBUIÇÕES;Entrada;C170;2407;51;0,0165;0,0760;2;Não conferido;20; 209.723,72 ; -   ; 209.723,72 ; 197.955,33 ; 23.754,64 ; -   ; -   ; -   ; 185.969,08 ; 209.723,72 ; 3.460,44 ; 15.939,03 ; 19.399,47 
2021|11|CONTRIBUIÇÕES|Entrada|C170|2653|70|0.0000|0.0000|02|Não conferido;01/11/2021;2021;11;4;CONTRIBUIÇÕES;Entrada;C170;2653;70;0,0000;0,0000;2;Não conferido;2; 1.992,42 ; -   ; 1.992,42 ; -   ; -   ; -   ; -   ; -   ; 1.992,42 ; -   ; -   ; -   ; -   
2021|11|CONTRIBUIÇÕES|Entrada|C170|2557|70|0.0000|0.0000|N/A|Não conferido;01/11/2021;2021;11;4;CONTRIBUIÇÕES;Entrada;C170;2557;70;0,0000;0,0000;N/A;Não conferido;3; 120.010,00 ; -   ; 120.010,00 ; -   ; -   ; -   ; -   ; -   ; 120.010,00 ; -   ; -   ; -   ; -   
2021|11|CONTRIBUIÇÕES|Entrada|C170|1411|51|1.6500|7.6000|12|Não conferido;01/11/2021;2021;11;4;CONTRIBUIÇÕES;Entrada;C170;1411;51;0,0165;0,0760;12;Não conferido;1; 76,00 ; -   ; 76,00 ; -   ; -   ; -   ; -   ; -   ; 76,00 ; 76,00 ; 1,25 ; 5,78 ; 7,03 
2021|11|CONTRIBUIÇÕES|Entrada|C170|1653|51|1.6500|7.6000|02|Não conferido;01/11/2021;2021;11;4;CONTRIBUIÇÕES;Entrada;C170;1653;51;0,0165;0,0760;2;Não conferido;41; 396.930,54 ; 0,01 ; 396.930,53 ; 11.192,02 ; 1.343,04 ; -   ; -   ; -   ; 395.587,49 ; 396.930,53 ; 6.549,34 ; 30.166,72 ; 36.716,06 
2021|11|CONTRIBUIÇÕES|Entrada|C170|1556|51|1.6500|7.6000|02|Não conferido;01/11/2021;2021;11;4;CONTRIBUIÇÕES;Entrada;C170;1556;51;0,0165;0,0760;2;Não conferido;415; 238.862,86 ; 467,08 ; 238.395,78 ; 36.575,67 ; 6.406,36 ; -   ; -   ; -   ; 231.989,42 ; 238.395,78 ; 3.933,72 ; 18.118,14 ; 22.051,86 
2021|11|CONTRIBUIÇÕES|Entrada|C170|1902|98|0.0000|0.0000|N/A|Não conferido;01/11/2021;2021;11;4;CONTRIBUIÇÕES;Entrada;C170;1902;98;0,0000;0,0000;N/A;Não conferido;1; 1,00 ; -   ; 1,00 ; -   ; -   ; -   ; -   ; -   ; 1,00 ; -   ; -   ; -   ; -   
2021|11|CONTRIBUIÇÕES|Entrada|C170|2407|70|0.0000|0.0000|02|Não conferido;01/11/2021;2021;11;4;CONTRIBUIÇÕES;Entrada;C170;2407;70;0,0000;0,0000;2;Não conferido;6; 87.847,13 ; -   ; 87.847,13 ; 79.892,52 ; 5.592,48 ; -   ; -   ; -   ; 82.254,65 ; -   ; -   ; -   ; -   
2021|11|CONTRIBUIÇÕES|Entrada|C170|2933|51|1.6500|7.6000|03|Não conferido;01/11/2021;2021;11;4;CONTRIBUIÇÕES;Entrada;C170;2933;51;0,0165;0,0760;3;Não conferido;9; 12.046,30 ; -   ; 12.046,30 ; -   ; -   ; -   ; -   ; -   ; 12.046,30 ; 12.046,30 ; 198,78 ; 915,52 ; 1.114,30 
2021|11|CONTRIBUIÇÕES|Entrada|C170|2556|51|1.6500|7.6000|02|Não conferido;01/11/2021;2021;11;4;CONTRIBUIÇÕES;Entrada;C170;2556;51;0,0165;0,0760;2;Não conferido;106; 79.973,49 ; -   ; 79.973,49 ; 44.140,27 ; 3.724,72 ; -   ; -   ; -   ; 76.248,77 ; 79.973,49 ; 1.319,60 ; 6.077,97 ; 7.397,57 
2021|11|CONTRIBUIÇÕES|Entrada|C170|2556|70|0.0000|0.0000|02|Não conferido;01/11/2021;2021;11;4;CONTRIBUIÇÕES;Entrada;C170;2556;70;0,0000;0,0000;2;Não conferido;56; 76.234,52 ; 435,08 ; 75.799,44 ; 14.445,18 ; 1.217,87 ; -   ; -   ; -   ; 74.581,57 ; -   ; -   ; -   ; -   
2021|11|CONTRIBUIÇÕES|Entrada|C170|1554|70|0.0000|0.0000|N/A|Não conferido;01/11/2021;2021;11;4;CONTRIBUIÇÕES;Entrada;C170;1554;70;0,0000;0,0000;N/A;Não conferido;11; 2.594.000,00 ; -   ; 2.594.000,00 ; -   ; -   ; -   ; -   ; -   ; 2.594.000,00 ; -   ; -   ; -   ; -   
2021|11|CONTRIBUIÇÕES|Entrada|C170|1556|70|0.0000|0.0000|02|Não conferido;01/11/2021;2021;11;4;CONTRIBUIÇÕES;Entrada;C170;1556;70;0,0000;0,0000;2;Não conferido;517; 4.144.226,64 ; 3.338,69 ; 4.140.887,95 ; 3.912.207,72 ; 526.032,33 ; -   ; -   ; -   ; 3.614.855,62 ; -   ; -   ; -   ; -   
2021|11|CONTRIBUIÇÕES|Entrada|C170|2916|70|0.0000|0.0000|N/A|Não conferido;01/11/2021;2021;11;4;CONTRIBUIÇÕES;Entrada;C170;2916;70;0,0000;0,0000;N/A;Não conferido;119; 418,00 ; -   ; 418,00 ; -   ; -   ; -   ; -   ; -   ; 418,00 ; -   ; -   ; -   ; -   
2021|11|CONTRIBUIÇÕES|Entrada|C170|1126|51|1.6500|7.6000|02|Não conferido;01/11/2021;2021;11;4;CONTRIBUIÇÕES;Entrada;C170;1126;51;0,0165;0,0760;2;Não conferido;1; 5.874,00 ; 124,00 ; 5.750,00 ; -   ; -   ; -   ; -   ; -   ; 5.750,00 ; 5.750,00 ; 94,88 ; 437,00 ; 531,88 
2021|11|CONTRIBUIÇÕES|Entrada|C170|1407|70|0.0000|0.0000|02|Não conferido;01/11/2021;2021;11;4;CONTRIBUIÇÕES;Entrada;C170;1407;70;0,0000;0,0000;2;Não conferido;29; 8.592,84 ; -   ; 8.592,84 ; -   ; -   ; -   ; -   ; -   ; 8.592,84 ; -   ; -   ; -   ; -   
2021|11|CONTRIBUIÇÕES|Entrada|C170|1407|51|1.6500|7.6000|02|Não conferido;01/11/2021;2021;11;4;CONTRIBUIÇÕES;Entrada;C170;1407;51;0,0165;0,0760;2;Não conferido;838; 559.899,07 ; 31.086,93 ; 528.812,14 ; 2.090,99 ; 376,38 ; -   ; -   ; -   ; 528.435,76 ; 528.812,14 ; 8.725,91 ; 40.189,64 ; 48.915,55 
2021|11|CONTRIBUIÇÕES|Entrada|C170|1551|70|0.0000|0.0000|10|Não conferido;01/11/2021;2021;11;4;CONTRIBUIÇÕES;Entrada;C170;1551;70;0,0000;0,0000;10;Não conferido;10; 6.550.000,00 ; -   ; 6.550.000,00 ; 136.458,30 ; 18.149,00 ; -   ; -   ; -   ; 6.531.851,00 ; -   ; -   ; -   ; -   
2021|11|CONTRIBUIÇÕES|Entrada|C170|2653|51|1.6500|7.6000|02|Não conferido;01/11/2021;2021;11;4;CONTRIBUIÇÕES;Entrada;C170;2653;51;0,0165;0,0760;2;Não conferido;73; 292.141,39 ; 3.790,01 ; 288.351,38 ; 151.793,70 ; 18.215,28 ; -   ; -   ; -   ; 270.136,10 ; 288.351,38 ; 4.757,82 ; 21.914,67 ; 26.672,49 
2021|12|CONTRIBUIÇÕES|Entrada|C170|1407|70|0.0000|0.0000|02|Não conferido;01/12/2021;2021;12;4;CONTRIBUIÇÕES;Entrada;C170;1407;70;0,0000;0,0000;2;Não conferido;58; 33.842,31 ; 2.280,00 ; 31.562,31 ; -   ; -   ; -   ; -   ; -   ; 31.562,31 ; -   ; -   ; -   ; -   
2021|12|CONTRIBUIÇÕES|Entrada|C170|1653|70|0.0000|0.0000|02|Não conferido;01/12/2021;2021;12;4;CONTRIBUIÇÕES;Entrada;C170;1653;70;0,0000;0,0000;2;Não conferido;8; 1.491,07 ; -   ; 1.491,07 ; -   ; -   ; -   ; -   ; -   ; 1.491,07 ; -   ; -   ; -   ; -   
2021|12|CONTRIBUIÇÕES|Entrada|C170|1556|70|0.0000|0.0000|02|Não conferido;01/12/2021;2021;12;4;CONTRIBUIÇÕES;Entrada;C170;1556;70;0,0000;0,0000;2;Não conferido;1179; 3.483.444,94 ; 4.871,22 ; 3.478.573,72 ; 3.004.557,50 ; 447.117,50 ; -   ; -   ; -   ; 3.031.456,22 ; -   ; -   ; -   ; -   
2021|12|CONTRIBUIÇÕES|Entrada|C170|1556|51|1.6500|7.6000|02|Não conferido;01/12/2021;2021;12;4;CONTRIBUIÇÕES;Entrada;C170;1556;51;0,0165;0,0760;2;Não conferido;553; 1.487.794,64 ; 1.328,36 ; 1.486.466,28 ; 1.303.881,24 ; 234.402,24 ; -   ; -   ; -   ; 1.252.064,04 ; 1.486.466,28 ; 24.527,02 ; 112.971,41 ; 137.498,43 
2021|12|CONTRIBUIÇÕES|Entrada|C170|2653|51|1.6500|7.6000|02|Não conferido;01/12/2021;2021;12;4;CONTRIBUIÇÕES;Entrada;C170;2653;51;0,0165;0,0760;2;Não conferido;161; 548.597,66 ; 17.678,84 ; 530.918,82 ; 512.153,06 ; 61.458,33 ; -   ; -   ; -   ; 469.460,49 ; 530.918,82 ; 8.760,19 ; 40.349,84 ; 49.110,03 
2021|12|CONTRIBUIÇÕES|Entrada|C170|1922|51|1.6500|7.6000|N/A|Não conferido;01/12/2021;2021;12;4;CONTRIBUIÇÕES;Entrada;C170;1922;51;0,0165;0,0760;N/A;Não conferido;4; 550.000,00 ; -   ; 550.000,00 ; -   ; -   ; -   ; -   ; -   ; 550.000,00 ; 550.000,00 ; 9.075,02 ; 41.800,00 ; 50.875,02 
2021|12|CONTRIBUIÇÕES|Entrada|C170|1916|70|0.0000|0.0000|N/A|Não conferido;01/12/2021;2021;12;4;CONTRIBUIÇÕES;Entrada;C170;1916;70;0,0000;0,0000;N/A;Não conferido;141; 8.722,00 ; -   ; 8.722,00 ; -   ; -   ; -   ; -   ; -   ; 8.722,00 ; -   ; -   ; -   ; -   
2021|12|CONTRIBUIÇÕES|Entrada|C170|2653|70|0.0000|0.0000|02|Não conferido;01/12/2021;2021;12;4;CONTRIBUIÇÕES;Entrada;C170;2653;70;0,0000;0,0000;2;Não conferido;11; 16.255,55 ; 58,81 ; 16.196,74 ; -   ; -   ; -   ; -   ; -   ; 16.196,74 ; -   ; -   ; -   ; -   
2021|12|CONTRIBUIÇÕES|Entrada|C170|2551|70|0.0000|0.0000|10|Não conferido;01/12/2021;2021;12;4;CONTRIBUIÇÕES;Entrada;C170;2551;70;0,0000;0,0000;10;Não conferido;1; 9.000,00 ; -   ; 9.000,00 ; -   ; -   ; -   ; -   ; -   ; 9.000,00 ; -   ; -   ; -   ; -   
2021|12|CONTRIBUIÇÕES|Entrada|C170|1202|51|1.6500|7.6000|12|Não conferido;01/12/2021;2021;12;4;CONTRIBUIÇÕES;Entrada;C170;1202;51;0,0165;0,0760;12;Não conferido;1; 324,00 ; -   ; 324,00 ; -   ; -   ; -   ; -   ; -   ; 324,00 ; 324,00 ; 5,35 ; 24,62 ; 29,97 
2021|12|CONTRIBUIÇÕES|Entrada|C170|2916|70|0.0000|0.0000|N/A|Não conferido;01/12/2021;2021;12;4;CONTRIBUIÇÕES;Entrada;C170;2916;70;0,0000;0,0000;N/A;Não conferido;159; 1.654,00 ; -   ; 1.654,00 ; -   ; -   ; -   ; -   ; -   ; 1.654,00 ; -   ; -   ; -   ; -   
2021|12|CONTRIBUIÇÕES|Entrada|C170|1653|51|1.6500|7.6000|02|Não conferido;01/12/2021;2021;12;4;CONTRIBUIÇÕES;Entrada;C170;1653;51;0,0165;0,0760;2;Não conferido;66; 459.694,47 ; 4,50 ; 459.689,97 ; 60.492,11 ; 7.259,04 ; -   ; -   ; -   ; 452.430,93 ; 459.689,97 ; 7.584,91 ; 34.936,45 ; 42.521,36 
2021|12|CONTRIBUIÇÕES|Entrada|C170|2556|70|0.0000|0.0000|02|Não conferido;01/12/2021;2021;12;4;CONTRIBUIÇÕES;Entrada;C170;2556;70;0,0000;0,0000;2;Não conferido;144; 267.683,36 ; 202,34 ; 267.481,02 ; 260.607,60 ; 31.963,09 ; -   ; -   ; -   ; 235.517,93 ; -   ; -   ; -   ; -   
2021|12|CONTRIBUIÇÕES|Entrada|C170|2407|51|1.6500|7.6000|02|Não conferido;01/12/2021;2021;12;4;CONTRIBUIÇÕES;Entrada;C170;2407;51;0,0165;0,0760;2;Não conferido;79; 347.858,99 ; 203,02 ; 347.655,97 ; 316.360,42 ; 37.629,60 ; -   ; -   ; -   ; 310.026,37 ; 347.655,97 ; 5.736,34 ; 26.421,89 ; 32.158,23 
2021|12|CONTRIBUIÇÕES|Entrada|C170|2407|70|0.0000|0.0000|02|Não conferido;01/12/2021;2021;12;4;CONTRIBUIÇÕES;Entrada;C170;2407;70;0,0000;0,0000;2;Não conferido;8; 42.877,89 ; -   ; 42.877,89 ; 36.288,13 ; 2.540,17 ; -   ; -   ; -   ; 40.337,72 ; -   ; -   ; -   ; -   
2021|12|CONTRIBUIÇÕES|Entrada|C170|2933|51|1.6500|7.6000|03|Não conferido;01/12/2021;2021;12;4;CONTRIBUIÇÕES;Entrada;C170;2933;51;0,0165;0,0760;3;Não conferido;2; 630,00 ; 0,14 ; 629,86 ; -   ; -   ; -   ; -   ; -   ; 629,86 ; 629,86 ; 10,39 ; 47,87 ; 58,26 
2021|12|CONTRIBUIÇÕES|Entrada|C170|2411|51|1.6500|7.6000|12|Não conferido;01/12/2021;2021;12;4;CONTRIBUIÇÕES;Entrada;C170;2411;51;0,0165;0,0760;12;Não conferido;1; 2.906,40 ; -   ; 2.906,40 ; 2.549,47 ; 101,98 ; -   ; -   ; -   ; 2.804,42 ; 2.906,40 ; 47,96 ; 220,89 ; 268,85 
2021|12|CONTRIBUIÇÕES|Entrada|C170|2556|51|1.6500|7.6000|02|Não conferido;01/12/2021;2021;12;4;CONTRIBUIÇÕES;Entrada;C170;2556;51;0,0165;0,0760;2;Não conferido;235; 189.434,09 ; 313,78 ; 189.120,31 ; 129.971,86 ; 9.719,63 ; -   ; -   ; -   ; 179.400,68 ; 189.120,31 ; 3.120,56 ; 14.373,07 ; 17.493,63 
2021|12|CONTRIBUIÇÕES|Entrada|C170|1551|70|0.0000|0.0000|10|Não conferido;01/12/2021;2021;12;4;CONTRIBUIÇÕES;Entrada;C170;1551;70;0,0000;0,0000;10;Não conferido;64; 10.393.900,00 ; -   ; 10.393.900,00 ; 64.347,20 ; 8.645,02 ; -   ; -   ; -   ; 10.385.254,98 ; -   ; -   ; -   ; -   
2021|12|CONTRIBUIÇÕES|Entrada|C170|1407|51|1.6500|7.6000|02|Não conferido;01/12/2021;2021;12;4;CONTRIBUIÇÕES;Entrada;C170;1407;51;0,0165;0,0760;2;Não conferido;1447; 1.657.225,76 ; 43.163,47 ; 1.614.062,29 ; 1.301,60 ; 234,29 ; -   ; -   ; -   ; 1.613.828,00 ; 1.614.062,29 ; 26.632,68 ; 122.668,51 ; 149.301,19 
2021|12|CONTRIBUIÇÕES|Entrada|C170|1411|51|1.6500|7.6000|12|Não conferido;01/12/2021;2021;12;4;CONTRIBUIÇÕES;Entrada;C170;1411;51;0,0165;0,0760;12;Não conferido;2; 453,00 ; 68,00 ; 385,00 ; -   ; -   ; -   ; -   ; -   ; 385,00 ; 385,00 ; 6,35 ; 29,26 ; 35,61 
2021|12|CONTRIBUIÇÕES|Entrada|C170|2557|70|0.0000|0.0000|N/A|Não conferido;01/12/2021;2021;12;4;CONTRIBUIÇÕES;Entrada;C170;2557;70;0,0000;0,0000;N/A;Não conferido;6; 314.000,00 ; -   ; 314.000,00 ; -   ; -   ; -   ; -   ; -   ; 314.000,00 ; -   ; -   ; -   ; -   
2021|12|CONTRIBUIÇÕES|Entrada|C170|1949|70|0.0000|0.0000|N/A|Não conferido;01/12/2021;2021;12;4;CONTRIBUIÇÕES;Entrada;C170;1949;70;0,0000;0,0000;N/A;Não conferido;6; 4.008,89 ; -   ; 4.008,89 ; -   ; -   ; -   ; -   ; -   ; 4.008,89 ; -   ; -   ; -   ; -   
2021|12|CONTRIBUIÇÕES|Entrada|C170|2910|70|0.0000|0.0000|N/A|Não conferido;01/12/2021;2021;12;4;CONTRIBUIÇÕES;Entrada;C170;2910;70;0,0000;0,0000;N/A;Não conferido;1; 2.709,99 ; -   ; 2.709,99 ; 2.377,18 ; 95,09 ; -   ; -   ; -   ; 2.614,90 ; -   ; -   ; -   ; -   
2021|12|CONTRIBUIÇÕES|Entrada|C170|1102|51|1.6500|7.6000|01|Não conferido;01/12/2021;2021;12;4;CONTRIBUIÇÕES;Entrada;C170;1102;51;0,0165;0,0760;1;Não conferido;8; 469,00 ; -   ; 469,00 ; 469,00 ; 84,42 ; -   ; -   ; -   ; 384,58 ; 469,00 ; 7,74 ; 35,65 ; 43,39 
2021|12|CONTRIBUIÇÕES|Entrada|F130|F130|51|1.6500|7.6000|10|Não conferido;01/12/2021;2021;12;4;CONTRIBUIÇÕES;Entrada;F130;F130;51;0,0165;0,0760;10;Não conferido;5; 2.085.000,00 ; -   ; 2.085.000,00 ; -   ; -   ; -   ; -   ; -   ; 2.085.000,00 ; 1.906.447,50 ; 31.456,40 ; 144.890,00 ; 176.346,40 
2022|01|CONTRIBUIÇÕES|Entrada|C170|2653|51|1.6500|7.6000|02|Não conferido;01/01/2022;2022;1;1;CONTRIBUIÇÕES;Entrada;C170;2653;51;0,0165;0,0760;2;Não conferido;112; 393.414,70 ; 21.598,38 ; 371.816,32 ; 349.580,45 ; 43.230,41 ; -   ; -   ; -   ; 328.585,91 ; 371.816,32 ; 6.135,00 ; 28.258,07 ; 34.393,07 
2022|01|CONTRIBUIÇÕES|Entrada|C170|1556|51|1.6500|7.6000|02|Não conferido;01/01/2022;2022;1;1;CONTRIBUIÇÕES;Entrada;C170;1556;51;0,0165;0,0760;2;Não conferido;478; 298.589,05 ; 581,98 ; 298.007,07 ; 95.512,80 ; 16.803,47 ; -   ; -   ; -   ; 281.203,60 ; 298.007,07 ; 4.917,43 ; 22.648,58 ; 27.566,01 
2022|01|CONTRIBUIÇÕES|Entrada|C170|2933|51|1.6500|7.6000|03|Não conferido;01/01/2022;2022;1;1;CONTRIBUIÇÕES;Entrada;C170;2933;51;0,0165;0,0760;3;Não conferido;5; 4.830,00 ; 0,08 ; 4.829,92 ; -   ; -   ; -   ; -   ; -   ; 4.829,92 ; 4.829,92 ; 79,70 ; 367,07 ; 446,77 
2022|01|CONTRIBUIÇÕES|Entrada|C170|1407|51|1.6500|7.6000|02|Não conferido;01/01/2022;2022;1;1;CONTRIBUIÇÕES;Entrada;C170;1407;51;0,0165;0,0760;2;Não conferido;1303; 856.706,78 ; 40.106,64 ; 816.600,14 ; 1.267,21 ; 221,52 ; -   ; -   ; -   ; 816.378,62 ; 816.600,14 ; 13.474,75 ; 62.061,47 ; 75.536,22 
2022|01|CONTRIBUIÇÕES|Entrada|C170|2407|51|1.6500|7.6000|02|Não conferido;01/01/2022;2022;1;1;CONTRIBUIÇÕES;Entrada;C170;2407;51;0,0165;0,0760;2;Não conferido;94; 63.424,27 ; 0,03 ; 63.424,24 ; 27.215,01 ; 2.686,03 ; -   ; -   ; -   ; 60.738,21 ; 63.424,24 ; 1.046,46 ; 4.820,23 ; 5.866,69 
2022|01|CONTRIBUIÇÕES|Entrada|C170|1126|51|1.6500|7.6000|02|Não conferido;01/01/2022;2022;1;1;CONTRIBUIÇÕES;Entrada;C170;1126;51;0,0165;0,0760;2;Não conferido;1; 6.072,00 ; 22,00 ; 6.050,00 ; -   ; -   ; -   ; -   ; -   ; 6.050,00 ; 6.050,00 ; 99,83 ; 459,80 ; 559,63 
2022|01|CONTRIBUIÇÕES|Entrada|C170|1556|70|0.0000|0.0000|02|Não conferido;01/01/2022;2022;1;1;CONTRIBUIÇÕES;Entrada;C170;1556;70;0,0000;0,0000;2;Não conferido;924; 6.178.604,12 ; 4.064,86 ; 6.174.539,26 ; 5.480.594,05 ; 801.110,06 ; -   ; -   ; -   ; 5.373.429,20 ; -   ; -   ; -   ; -   
2022|01|CONTRIBUIÇÕES|Entrada|C170|1916|70|0.0000|0.0000|N/A|Não conferido;01/01/2022;2022;1;1;CONTRIBUIÇÕES;Entrada;C170;1916;70;0,0000;0,0000;N/A;Não conferido;123; 123,00 ; -   ; 123,00 ; -   ; -   ; -   ; -   ; -   ; 123,00 ; -   ; -   ; -   ; -   
2022|01|CONTRIBUIÇÕES|Entrada|C170|2916|70|0.0000|0.0000|N/A|Não conferido;01/01/2022;2022;1;1;CONTRIBUIÇÕES;Entrada;C170;2916;70;0,0000;0,0000;N/A;Não conferido;121; 519,00 ; -   ; 519,00 ; -   ; -   ; -   ; -   ; -   ; 519,00 ; -   ; -   ; -   ; -   
2022|01|CONTRIBUIÇÕES|Entrada|C170|2653|70|0.0000|0.0000|02|Não conferido;01/01/2022;2022;1;1;CONTRIBUIÇÕES;Entrada;C170;2653;70;0,0000;0,0000;2;Não conferido;2; 1.170,42 ; -   ; 1.170,42 ; 1.170,42 ; 140,45 ; -   ; -   ; -   ; 1.029,97 ; -   ; -   ; -   ; -   
2022|01|CONTRIBUIÇÕES|Entrada|C170|1653|51|1.6500|7.6000|02|Não conferido;01/01/2022;2022;1;1;CONTRIBUIÇÕES;Entrada;C170;1653;51;0,0165;0,0760;2;Não conferido;113; 358.569,68 ; 7.501,01 ; 351.068,67 ; 62.712,76 ; 7.525,55 ; -   ; -   ; -   ; 343.543,12 ; 351.068,67 ; 5.792,68 ; 26.681,21 ; 32.473,89 
2022|01|CONTRIBUIÇÕES|Entrada|C170|2557|70|0.0000|0.0000|N/A|Não conferido;01/01/2022;2022;1;1;CONTRIBUIÇÕES;Entrada;C170;2557;70;0,0000;0,0000;N/A;Não conferido;3; 122.000,00 ; -   ; 122.000,00 ; -   ; -   ; -   ; -   ; -   ; 122.000,00 ; -   ; -   ; -   ; -   
2022|01|CONTRIBUIÇÕES|Entrada|C170|2552|70|0.0000|0.0000|N/A|Não conferido;01/01/2022;2022;1;1;CONTRIBUIÇÕES;Entrada;C170;2552;70;0,0000;0,0000;N/A;Não conferido;8; 2.653.500,00 ; -   ; 2.653.500,00 ; -   ; -   ; -   ; -   ; -   ; 2.653.500,00 ; -   ; -   ; -   ; -   
2022|01|CONTRIBUIÇÕES|Entrada|C170|1910|70|0.0000|0.0000|N/A|Não conferido;01/01/2022;2022;1;1;CONTRIBUIÇÕES;Entrada;C170;1910;70;0,0000;0,0000;N/A;Não conferido;1; 32,00 ; -   ; 32,00 ; 32,00 ; 5,76 ; -   ; -   ; -   ; 26,24 ; -   ; -   ; -   ; -   
2022|01|CONTRIBUIÇÕES|Entrada|C170|2556|51|1.6500|7.6000|02|Não conferido;01/01/2022;2022;1;1;CONTRIBUIÇÕES;Entrada;C170;2556;51;0,0165;0,0760;2;Não conferido;137; 147.077,20 ; 0,22 ; 147.076,98 ; 43.130,48 ; 5.290,93 ; -   ; -   ; -   ; 141.786,05 ; 147.076,98 ; 2.426,82 ; 11.177,84 ; 13.604,66 
2022|01|CONTRIBUIÇÕES|Entrada|C170|2556|70|0.0000|0.0000|02|Não conferido;01/01/2022;2022;1;1;CONTRIBUIÇÕES;Entrada;C170;2556;70;0,0000;0,0000;2;Não conferido;96; 55.503,78 ; 65,70 ; 55.438,08 ; 31.373,09 ; 3.972,15 ; -   ; -   ; -   ; 51.465,93 ; -   ; -   ; -   ; -   
2022|01|CONTRIBUIÇÕES|Entrada|C170|2407|70|0.0000|0.0000|02|Não conferido;01/01/2022;2022;1;1;CONTRIBUIÇÕES;Entrada;C170;2407;70;0,0000;0,0000;2;Não conferido;25; 7.255,40 ; -   ; 7.255,40 ; 73,60 ; 8,83 ; -   ; -   ; -   ; 7.246,57 ; -   ; -   ; -   ; -   
2022|01|CONTRIBUIÇÕES|Entrada|C170|1653|70|0.0000|0.0000|02|Não conferido;01/01/2022;2022;1;1;CONTRIBUIÇÕES;Entrada;C170;1653;70;0,0000;0,0000;2;Não conferido;5; 1.214,44 ; -   ; 1.214,44 ; -   ; -   ; -   ; -   ; -   ; 1.214,44 ; -   ; -   ; -   ; -   
2022|01|CONTRIBUIÇÕES|Entrada|C170|1551|70|0.0000|0.0000|10|Não conferido;01/01/2022;2022;1;1;CONTRIBUIÇÕES;Entrada;C170;1551;70;0,0000;0,0000;10;Não conferido;3; 426.250,00 ; -   ; 426.250,00 ; -   ; -   ; -   ; -   ; -   ; 426.250,00 ; -   ; -   ; -   ; -   
2022|01|CONTRIBUIÇÕES|Entrada|C170|1908|70|0.0000|0.0000|N/A|Não conferido;01/01/2022;2022;1;1;CONTRIBUIÇÕES;Entrada;C170;1908;70;0,0000;0,0000;N/A;Não conferido;17; 2.483,24 ; -   ; 2.483,24 ; -   ; -   ; -   ; -   ; -   ; 2.483,24 ; -   ; -   ; -   ; -   
2022|01|CONTRIBUIÇÕES|Entrada|C170|1407|70|0.0000|0.0000|02|Não conferido;01/01/2022;2022;1;1;CONTRIBUIÇÕES;Entrada;C170;1407;70;0,0000;0,0000;2;Não conferido;49; 14.744,62 ; 140,00 ; 14.604,62 ; -   ; -   ; -   ; -   ; -   ; 14.604,62 ; -   ; -   ; -   ; -   
2022|01|CONTRIBUIÇÕES|Entrada|D100|1353|98|0.0000|0.0000|07|Não conferido;01/01/2022;2022;1;1;CONTRIBUIÇÕES;Entrada;D100;1353;98;0,0000;0,0000;7;Não conferido;2; 12.812,50 ; -   ; 12.812,50 ; -   ; -   ; -   ; -   ; -   ; 12.812,50 ; -   ; -   ; -   ; -   
2022|01|CONTRIBUIÇÕES|Entrada|F130|F130|51|1.6500|7.6000|10|Não conferido;01/01/2022;2022;1;1;CONTRIBUIÇÕES;Entrada;F130;F130;51;0,0165;0,0760;10;Não conferido;5; 3.290.000,00 ; -   ; 3.290.000,00 ; -   ; -   ; -   ; -   ; -   ; 3.290.000,00 ; 2.852.430,00 ; 47.065,12 ; 216.784,68 ; 263.849,80 
2022|02|CONTRIBUIÇÕES|Entrada|C170|2933|51|1.6500|7.6000|03|Não conferido;01/02/2022;2022;2;1;CONTRIBUIÇÕES;Entrada;C170;2933;51;0,0165;0,0760;3;Não conferido;2; 1.810,00 ; -   ; 1.810,00 ; -   ; -   ; -   ; -   ; -   ; 1.810,00 ; 1.810,00 ; 29,87 ; 137,56 ; 167,43 
2022|02|CONTRIBUIÇÕES|Entrada|C170|1925|98|0.0000|0.0000|N/A|Não conferido;01/02/2022;2022;2;1;CONTRIBUIÇÕES;Entrada;C170;1925;98;0,0000;0,0000;N/A;Não conferido;3; 297.531,72 ; -   ; 297.531,72 ; -   ; -   ; -   ; -   ; -   ; 297.531,72 ; -   ; -   ; -   ; -   
2022|02|CONTRIBUIÇÕES|Entrada|C170|2653|51|1.6500|7.6000|02|Não conferido;01/02/2022;2022;2;1;CONTRIBUIÇÕES;Entrada;C170;2653;51;0,0165;0,0760;2;Não conferido;118; 438.580,69 ; 17.717,82 ; 420.862,87 ; 394.646,64 ; 47.357,60 ; -   ; -   ; -   ; 373.640,98 ; 420.862,87 ; 6.944,28 ; 31.985,60 ; 38.929,88 
2022|02|CONTRIBUIÇÕES|Entrada|C170|2908|70|0.0000|0.0000|N/A|Não conferido;01/02/2022;2022;2;1;CONTRIBUIÇÕES;Entrada;C170;2908;70;0,0000;0,0000;N/A;Não conferido;1; 900,00 ; -   ; 900,00 ; -   ; -   ; -   ; -   ; -   ; 900,00 ; -   ; -   ; -   ; -   
2022|02|CONTRIBUIÇÕES|Entrada|C170|2916|70|0.0000|0.0000|N/A|Não conferido;01/02/2022;2022;2;1;CONTRIBUIÇÕES;Entrada;C170;2916;70;0,0000;0,0000;N/A;Não conferido;35; 17.532,00 ; -   ; 17.532,00 ; -   ; -   ; -   ; -   ; -   ; 17.532,00 ; -   ; -   ; -   ; -   
2022|02|CONTRIBUIÇÕES|Entrada|C170|1556|70|0.0000|0.0000|02|Não conferido;01/02/2022;2022;2;1;CONTRIBUIÇÕES;Entrada;C170;1556;70;0,0000;0,0000;2;Não conferido;947; 652.802,31 ; 6.884,48 ; 645.917,83 ; 193.773,84 ; 33.699,04 ; -   ; -   ; -   ; 612.218,79 ; -   ; -   ; -   ; -   
2022|02|CONTRIBUIÇÕES|Entrada|C170|1910|70|0.0000|0.0000|N/A|Não conferido;01/02/2022;2022;2;1;CONTRIBUIÇÕES;Entrada;C170;1910;70;0,0000;0,0000;N/A;Não conferido;1; 98,46 ; -   ; 98,46 ; 65,64 ; 11,82 ; -   ; -   ; -   ; 86,64 ; -   ; -   ; -   ; -   
2022|02|CONTRIBUIÇÕES|Entrada|C170|1653|70|0.0000|0.0000|02|Não conferido;01/02/2022;2022;2;1;CONTRIBUIÇÕES;Entrada;C170;1653;70;0,0000;0,0000;2;Não conferido;6; 1.375,55 ; -   ; 1.375,55 ; -   ; -   ; -   ; -   ; -   ; 1.375,55 ; -   ; -   ; -   ; -   
2022|02|CONTRIBUIÇÕES|Entrada|C170|1407|70|0.0000|0.0000|02|Não conferido;01/02/2022;2022;2;1;CONTRIBUIÇÕES;Entrada;C170;1407;70;0,0000;0,0000;2;Não conferido;27; 42.807,25 ; 8.430,00 ; 34.377,25 ; -   ; -   ; -   ; -   ; -   ; 34.377,25 ; -   ; -   ; -   ; -   
2022|02|CONTRIBUIÇÕES|Entrada|C170|2556|51|1.6500|7.6000|02|Não conferido;01/02/2022;2022;2;1;CONTRIBUIÇÕES;Entrada;C170;2556;51;0,0165;0,0760;2;Não conferido;110; 90.676,05 ; 11,21 ; 90.664,84 ; 31.642,34 ; 4.006,84 ; -   ; -   ; -   ; 86.658,00 ; 90.664,84 ; 1.496,06 ; 6.890,47 ; 8.386,53 
2022|02|CONTRIBUIÇÕES|Entrada|C170|2653|70|0.0000|0.0000|02|Não conferido;01/02/2022;2022;2;1;CONTRIBUIÇÕES;Entrada;C170;2653;70;0,0000;0,0000;2;Não conferido;9; 24.709,01 ; -   ; 24.709,01 ; -   ; -   ; -   ; -   ; -   ; 24.709,01 ; -   ; -   ; -   ; -   
2022|02|CONTRIBUIÇÕES|Entrada|C170|1556|51|1.6500|7.6000|02|Não conferido;01/02/2022;2022;2;1;CONTRIBUIÇÕES;Entrada;C170;1556;51;0,0165;0,0760;2;Não conferido;318; 285.689,92 ; 3.440,29 ; 282.249,63 ; 146.500,65 ; 26.370,12 ; -   ; -   ; -   ; 255.879,51 ; 282.249,63 ; 4.657,23 ; 21.450,98 ; 26.108,21 
2022|02|CONTRIBUIÇÕES|Entrada|C170|1916|70|0.0000|0.0000|N/A|Não conferido;01/02/2022;2022;2;1;CONTRIBUIÇÕES;Entrada;C170;1916;70;0,0000;0,0000;N/A;Não conferido;98; 639,63 ; -   ; 639,63 ; -   ; -   ; -   ; -   ; -   ; 639,63 ; -   ; -   ; -   ; -   
2022|02|CONTRIBUIÇÕES|Entrada|C170|1653|51|1.6500|7.6000|02|Não conferido;01/02/2022;2022;2;1;CONTRIBUIÇÕES;Entrada;C170;1653;51;0,0165;0,0760;2;Não conferido;81; 142.753,49 ; 3.254,02 ; 139.499,47 ; 35.936,29 ; 4.312,37 ; -   ; -   ; -   ; 135.187,10 ; 139.499,47 ; 2.301,75 ; 10.601,96 ; 12.903,71 
2022|02|CONTRIBUIÇÕES|Entrada|C170|1551|70|0.0000|0.0000|10|Não conferido;01/02/2022;2022;2;1;CONTRIBUIÇÕES;Entrada;C170;1551;70;0,0000;0,0000;10;Não conferido;23; 4.273.500,00 ; -   ; 4.273.500,00 ; 65.685,79 ; 9.262,94 ; -   ; -   ; -   ; 4.264.237,06 ; -   ; -   ; -   ; -   
2022|02|CONTRIBUIÇÕES|Entrada|C170|1411|51|1.6500|7.6000|12|Não conferido;01/02/2022;2022;2;1;CONTRIBUIÇÕES;Entrada;C170;1411;51;0,0165;0,0760;12;Não conferido;1; 319,27 ; 121,27 ; 198,00 ; -   ; -   ; -   ; -   ; -   ; 198,00 ; 198,00 ; 3,27 ; 15,05 ; 18,32 
2022|02|CONTRIBUIÇÕES|Entrada|C170|2552|70|0.0000|0.0000|N/A|Não conferido;01/02/2022;2022;2;1;CONTRIBUIÇÕES;Entrada;C170;2552;70;0,0000;0,0000;N/A;Não conferido;3; 1.390.000,00 ; -   ; 1.390.000,00 ; -   ; -   ; -   ; -   ; -   ; 1.390.000,00 ; -   ; -   ; -   ; -   
2022|02|CONTRIBUIÇÕES|Entrada|C170|2557|70|0.0000|0.0000|N/A|Não conferido;01/02/2022;2022;2;1;CONTRIBUIÇÕES;Entrada;C170;2557;70;0,0000;0,0000;N/A;Não conferido;5; 97.000,00 ; -   ; 97.000,00 ; -   ; -   ; -   ; -   ; -   ; 97.000,00 ; -   ; -   ; -   ; -   
2022|02|CONTRIBUIÇÕES|Entrada|C170|1554|70|0.0000|0.0000|N/A|Não conferido;01/02/2022;2022;2;1;CONTRIBUIÇÕES;Entrada;C170;1554;70;0,0000;0,0000;N/A;Não conferido;6; 2.203.500,00 ; -   ; 2.203.500,00 ; -   ; -   ; -   ; -   ; -   ; 2.203.500,00 ; -   ; -   ; -   ; -   
2022|02|CONTRIBUIÇÕES|Entrada|C170|1908|70|0.0000|0.0000|N/A|Não conferido;01/02/2022;2022;2;1;CONTRIBUIÇÕES;Entrada;C170;1908;70;0,0000;0,0000;N/A;Não conferido;4; 25.923,38 ; -   ; 25.923,38 ; -   ; -   ; -   ; -   ; -   ; 25.923,38 ; -   ; -   ; -   ; -   
2022|02|CONTRIBUIÇÕES|Entrada|C170|2556|70|0.0000|0.0000|02|Não conferido;01/02/2022;2022;2;1;CONTRIBUIÇÕES;Entrada;C170;2556;70;0,0000;0,0000;2;Não conferido;107; 44.747,90 ; 17,00 ; 44.730,90 ; 19.857,47 ; 2.550,22 ; -   ; -   ; -   ; 42.180,68 ; -   ; -   ; -   ; -   
2022|02|CONTRIBUIÇÕES|Entrada|C170|2407|51|1.6500|7.6000|02|Não conferido;01/02/2022;2022;2;1;CONTRIBUIÇÕES;Entrada;C170;2407;51;0,0165;0,0760;2;Não conferido;102; 69.328,59 ; 515,99 ; 68.812,60 ; 26.063,28 ; 2.847,12 ; -   ; -   ; -   ; 65.965,48 ; 68.812,60 ; 1.135,46 ; 5.229,77 ; 6.365,23 
2022|02|CONTRIBUIÇÕES|Entrada|C170|2407|70|0.0000|0.0000|02|Não conferido;01/02/2022;2022;2;1;CONTRIBUIÇÕES;Entrada;C170;2407;70;0,0000;0,0000;2;Não conferido;52; 407.304,72 ; -   ; 407.304,72 ; -   ; -   ; -   ; -   ; -   ; 407.304,72 ; -   ; -   ; -   ; -   
2022|02|CONTRIBUIÇÕES|Entrada|C170|1407|51|1.6500|7.6000|02|Não conferido;01/02/2022;2022;2;1;CONTRIBUIÇÕES;Entrada;C170;1407;51;0,0165;0,0760;2;Não conferido;1034; 827.436,62 ; 44.897,49 ; 782.539,13 ; 4.063,60 ; 731,45 ; -   ; -   ; -   ; 781.807,68 ; 782.539,13 ; 12.912,32 ; 59.472,85 ; 72.385,17 
2022|02|CONTRIBUIÇÕES|Entrada|C170|1126|51|1.6500|7.6000|02|Não conferido;01/02/2022;2022;2;1;CONTRIBUIÇÕES;Entrada;C170;1126;51;0,0165;0,0760;2;Não conferido;3; 521.009,44 ; -   ; 521.009,44 ; 531.429,62 ; 95.657,33 ; -   ; -   ; -   ; 425.352,11 ; 521.009,44 ; 8.596,66 ; 39.596,73 ; 48.193,39 
2022|02|CONTRIBUIÇÕES|Entrada|F130|F130|51|1.6500|7.6000|10|Não conferido;01/02/2022;2022;2;1;CONTRIBUIÇÕES;Entrada;F130;F130;51;0,0165;0,0760;10;Não conferido;2; 945.500,00 ; -   ; 945.500,00 ; -   ; -   ; -   ; -   ; -   ; 945.500,00 ; 943.698,96 ; 15.571,03 ; 71.721,12 ; 87.292,15 
2022|03|CONTRIBUIÇÕES|Entrada|C170|2653|70|0.0000|0.0000|02|Não conferido;01/03/2022;2022;3;1;CONTRIBUIÇÕES;Entrada;C170;2653;70;0,0000;0,0000;2;Não conferido;2; 1.916,70 ; -   ; 1.916,70 ; -   ; -   ; -   ; -   ; -   ; 1.916,70 ; -   ; -   ; -   ; -   
2022|03|CONTRIBUIÇÕES|Entrada|C170|2407|70|0.0000|0.0000|02|Não conferido;01/03/2022;2022;3;1;CONTRIBUIÇÕES;Entrada;C170;2407;70;0,0000;0,0000;2;Não conferido;15; 5.115,96 ; -   ; 5.115,96 ; 2.820,83 ; 338,50 ; -   ; -   ; -   ; 4.777,46 ; -   ; -   ; -   ; -   
2022|03|CONTRIBUIÇÕES|Entrada|C170|2407|51|1.6500|7.6000|02|Não conferido;01/03/2022;2022;3;1;CONTRIBUIÇÕES;Entrada;C170;2407;51;0,0165;0,0760;2;Não conferido;40; 21.683,81 ; 538,18 ; 21.145,63 ; 14.997,80 ; 1.721,42 ; -   ; -   ; -   ; 19.424,21 ; 21.145,63 ; 348,92 ; 1.607,06 ; 1.955,98 
2022|03|CONTRIBUIÇÕES|Entrada|C170|2556|51|1.6500|7.6000|02|Não conferido;01/03/2022;2022;3;1;CONTRIBUIÇÕES;Entrada;C170;2556;51;0,0165;0,0760;2;Não conferido;40; 8.945,94 ; 0,03 ; 8.945,91 ; 8.787,15 ; 1.214,27 ; -   ; -   ; -   ; 7.731,64 ; 8.945,91 ; 147,66 ; 679,88 ; 827,54 
2022|03|CONTRIBUIÇÕES|Entrada|C170|1916|70|0.0000|0.0000|N/A|Não conferido;01/03/2022;2022;3;1;CONTRIBUIÇÕES;Entrada;C170;1916;70;0,0000;0,0000;N/A;Não conferido;1; 1,00 ; -   ; 1,00 ; -   ; -   ; -   ; -   ; -   ; 1,00 ; -   ; -   ; -   ; -   
2022|03|CONTRIBUIÇÕES|Entrada|C170|1556|70|0.0000|0.0000|02|Não conferido;01/03/2022;2022;3;1;CONTRIBUIÇÕES;Entrada;C170;1556;70;0,0000;0,0000;2;Não conferido;170; 146.813,15 ; 1.282,06 ; 145.531,09 ; 47.767,31 ; 8.570,31 ; -   ; -   ; -   ; 136.960,78 ; -   ; -   ; -   ; -   
2022|03|CONTRIBUIÇÕES|Entrada|C170|1653|51|1.6500|7.6000|02|Não conferido;01/03/2022;2022;3;1;CONTRIBUIÇÕES;Entrada;C170;1653;51;0,0165;0,0760;2;Não conferido;16; 59.730,36 ; 0,03 ; 59.730,33 ; 10.766,59 ; 1.291,99 ; -   ; -   ; -   ; 58.438,34 ; 59.730,33 ; 985,57 ; 4.539,52 ; 5.525,09 
2022|03|CONTRIBUIÇÕES|Entrada|C170|1556|51|1.6500|7.6000|02|Não conferido;01/03/2022;2022;3;1;CONTRIBUIÇÕES;Entrada;C170;1556;51;0,0165;0,0760;2;Não conferido;41; 17.389,31 ; 1.441,59 ; 15.947,72 ; 15.286,47 ; 2.751,56 ; -   ; -   ; -   ; 13.196,16 ; 15.947,72 ; 263,18 ; 1.212,09 ; 1.475,27 
2022|03|CONTRIBUIÇÕES|Entrada|C170|2653|51|1.6500|7.6000|02|Não conferido;01/03/2022;2022;3;1;CONTRIBUIÇÕES;Entrada;C170;2653;51;0,0165;0,0760;2;Não conferido;63; 238.491,95 ; 10.001,83 ; 228.490,12 ; 136.596,92 ; 16.391,64 ; -   ; -   ; -   ; 212.098,48 ; 228.490,12 ; 3.770,14 ; 17.365,27 ; 21.135,41 
2022|03|CONTRIBUIÇÕES|Entrada|C170|1407|51|1.6500|7.6000|02|Não conferido;01/03/2022;2022;3;1;CONTRIBUIÇÕES;Entrada;C170;1407;51;0,0165;0,0760;2;Não conferido;161; 192.240,80 ; 7.855,62 ; 184.385,18 ; -   ; -   ; -   ; -   ; -   ; 184.385,18 ; 184.385,18 ; 3.042,39 ; 14.013,28 ; 17.055,67 
2022|03|CONTRIBUIÇÕES|Entrada|C170|1551|70|0.0000|0.0000|10|Não conferido;01/03/2022;2022;3;1;CONTRIBUIÇÕES;Entrada;C170;1551;70;0,0000;0,0000;10;Não conferido;4; 728.000,00 ; -   ; 728.000,00 ; -   ; -   ; -   ; -   ; -   ; 728.000,00 ; -   ; -   ; -   ; -   
2022|03|CONTRIBUIÇÕES|Entrada|C170|2556|70|0.0000|0.0000|02|Não conferido;01/03/2022;2022;3;1;CONTRIBUIÇÕES;Entrada;C170;2556;70;0,0000;0,0000;2;Não conferido;18; 8.206,58 ; -   ; 8.206,58 ; 7.226,25 ; 924,82 ; -   ; -   ; -   ; 7.281,76 ; -   ; -   ; -   ; -   
2022|03|CONTRIBUIÇÕES|Entrada|D100|1353|98|0.0000|0.0000|07|Não conferido;01/03/2022;2022;3;1;CONTRIBUIÇÕES;Entrada;D100;1353;98;0,0000;0,0000;7;Não conferido;8; 28.878,70 ; -   ; 28.878,70 ; -   ; 3.062,25 ; -   ; -   ; -   ; 28.878,70 ; -   ; -   ; -   ; -   
2022|04|CONTRIBUIÇÕES|Entrada|C170|2552|70|0.0000|0.0000|N/A|Não conferido;01/04/2022;2022;4;2;CONTRIBUIÇÕES;Entrada;C170;2552;70;0,0000;0,0000;N/A;Não conferido;4; 2.248.500,00 ; -   ; 2.248.500,00 ; -   ; -   ; -   ; -   ; -   ; 2.248.500,00 ; -   ; -   ; -   ; -   
2022|04|CONTRIBUIÇÕES|Entrada|C170|2949|70|0.0000|0.0000|N/A|Não conferido;01/04/2022;2022;4;2;CONTRIBUIÇÕES;Entrada;C170;2949;70;0,0000;0,0000;N/A;Não conferido;5; 882,49 ; -   ; 882,49 ; -   ; -   ; -   ; -   ; -   ; 882,49 ; -   ; -   ; -   ; -   
2022|04|CONTRIBUIÇÕES|Entrada|C170|1411|51|1.6500|7.6000|12|Não conferido;01/04/2022;2022;4;2;CONTRIBUIÇÕES;Entrada;C170;1411;51;0,0165;0,0760;12;Não conferido;8; 16.420,05 ; -   ; 16.420,05 ; -   ; -   ; -   ; -   ; -   ; 16.420,05 ; 16.420,05 ; 270,94 ; 1.247,93 ; 1.518,87 
2022|04|CONTRIBUIÇÕES|Entrada|C170|2407|51|1.6500|7.6000|02|Não conferido;01/04/2022;2022;4;2;CONTRIBUIÇÕES;Entrada;C170;2407;51;0,0165;0,0760;2;Não conferido;110; 312.895,77 ; 1.075,14 ; 311.820,63 ; 241.961,40 ; 12.085,89 ; -   ; -   ; -   ; 299.734,74 ; 311.820,63 ; 5.145,09 ; 23.698,35 ; 28.843,44 
2022|04|CONTRIBUIÇÕES|Entrada|C170|1407|51|1.6500|7.6000|02|Não conferido;01/04/2022;2022;4;2;CONTRIBUIÇÕES;Entrada;C170;1407;51;0,0165;0,0760;2;Não conferido;892; 863.993,12 ; 50.752,17 ; 813.240,95 ; 306,00 ; 55,08 ; -   ; -   ; -   ; 813.185,87 ; 813.240,95 ; 13.419,04 ; 61.806,25 ; 75.225,29 
2022|04|CONTRIBUIÇÕES|Entrada|C170|1910|70|0.0000|0.0000|N/A|Não conferido;01/04/2022;2022;4;2;CONTRIBUIÇÕES;Entrada;C170;1910;70;0,0000;0,0000;N/A;Não conferido;2; 3.466,19 ; -   ; 3.466,19 ; -   ; -   ; -   ; -   ; -   ; 3.466,19 ; -   ; -   ; -   ; -   
2022|04|CONTRIBUIÇÕES|Entrada|C170|1653|70|0.0000|0.0000|02|Não conferido;01/04/2022;2022;4;2;CONTRIBUIÇÕES;Entrada;C170;1653;70;0,0000;0,0000;2;Não conferido;15; 32.457,63 ; 4.150,50 ; 28.307,13 ; -   ; -   ; -   ; -   ; -   ; 28.307,13 ; -   ; -   ; -   ; -   
2022|04|CONTRIBUIÇÕES|Entrada|C170|1556|70|0.0000|0.0000|02|Não conferido;01/04/2022;2022;4;2;CONTRIBUIÇÕES;Entrada;C170;1556;70;0,0000;0,0000;2;Não conferido;493; 361.314,52 ; 3.413,15 ; 357.901,37 ; 79.204,71 ; 14.108,60 ; -   ; -   ; -   ; 343.792,77 ; -   ; -   ; -   ; -   
2022|04|CONTRIBUIÇÕES|Entrada|C170|2933|51|1.6500|7.6000|03|Não conferido;01/04/2022;2022;4;2;CONTRIBUIÇÕES;Entrada;C170;2933;51;0,0165;0,0760;3;Não conferido;7; 3.605,00 ; 4,08 ; 3.600,92 ; -   ; -   ; -   ; -   ; -   ; 3.600,92 ; 3.600,92 ; 59,41 ; 273,67 ; 333,08 
2022|04|CONTRIBUIÇÕES|Entrada|C170|2102|51|1.6500|7.6000|01|Não conferido;01/04/2022;2022;4;2;CONTRIBUIÇÕES;Entrada;C170;2102;51;0,0165;0,0760;1;Não conferido;1; 2.975,00 ; -   ; 2.975,00 ; -   ; -   ; -   ; -   ; -   ; 2.975,00 ; 2.975,00 ; 49,09 ; 226,10 ; 275,19 
2022|04|CONTRIBUIÇÕES|Entrada|C170|2556|70|0.0000|0.0000|02|Não conferido;01/04/2022;2022;4;2;CONTRIBUIÇÕES;Entrada;C170;2556;70;0,0000;0,0000;2;Não conferido;119; 163.427,58 ; 487,68 ; 162.939,90 ; 17.191,72 ; 1.308,51 ; -   ; -   ; -   ; 161.631,39 ; -   ; -   ; -   ; -   
2022|04|CONTRIBUIÇÕES|Entrada|C170|2653|51|0.0000|0.0000|02|Não conferido;01/04/2022;2022;4;2;CONTRIBUIÇÕES;Entrada;C170;2653;51;0,0000;0,0000;2;Não conferido;2; 4.182,69 ; 4.182,69 ; -   ; 4.182,69 ; 501,92 ; -   ; -   ; -   ; -   ; -   ; -   ; -   ; -   
2022|04|CONTRIBUIÇÕES|Entrada|C170|1653|51|1.6500|7.6000|02|Não conferido;01/04/2022;2022;4;2;CONTRIBUIÇÕES;Entrada;C170;1653;51;0,0165;0,0760;2;Não conferido;44; 78.021,22 ; 0,10 ; 78.021,12 ; 10.162,26 ; 1.219,46 ; -   ; -   ; -   ; 76.801,66 ; 78.021,12 ; 1.287,34 ; 5.929,63 ; 7.216,97 
2022|04|CONTRIBUIÇÕES|Entrada|C170|2916|70|0.0000|0.0000|N/A|Não conferido;01/04/2022;2022;4;2;CONTRIBUIÇÕES;Entrada;C170;2916;70;0,0000;0,0000;N/A;Não conferido;2; 7.000,00 ; -   ; 7.000,00 ; -   ; -   ; -   ; -   ; -   ; 7.000,00 ; -   ; -   ; -   ; -   
2022|04|CONTRIBUIÇÕES|Entrada|C170|1407|70|0.0000|0.0000|02|Não conferido;01/04/2022;2022;4;2;CONTRIBUIÇÕES;Entrada;C170;1407;70;0,0000;0,0000;2;Não conferido;19; 7.791,74 ; 19,00 ; 7.772,74 ; -   ; -   ; -   ; -   ; -   ; 7.772,74 ; -   ; -   ; -   ; -   
2022|04|CONTRIBUIÇÕES|Entrada|C170|2556|51|1.6500|7.6000|02|Não conferido;01/04/2022;2022;4;2;CONTRIBUIÇÕES;Entrada;C170;2556;51;0,0165;0,0760;2;Não conferido;162; 98.588,25 ; 476,85 ; 98.111,40 ; 45.482,05 ; 5.520,07 ; -   ; -   ; -   ; 92.591,33 ; 98.111,40 ; 1.618,89 ; 7.456,48 ; 9.075,37 
2022|04|CONTRIBUIÇÕES|Entrada|C170|2407|70|0.0000|0.0000|02|Não conferido;01/04/2022;2022;4;2;CONTRIBUIÇÕES;Entrada;C170;2407;70;0,0000;0,0000;2;Não conferido;79; 10.520,14 ; 104,60 ; 10.415,54 ; -   ; -   ; -   ; -   ; -   ; 10.415,54 ; -   ; -   ; -   ; -   
2022|04|CONTRIBUIÇÕES|Entrada|C170|2653|51|1.6500|7.6000|02|Não conferido;01/04/2022;2022;4;2;CONTRIBUIÇÕES;Entrada;C170;2653;51;0,0165;0,0760;2;Não conferido;172; 570.809,68 ; 4.442,77 ; 566.366,91 ; 552.456,95 ; 66.294,88 ; -   ; -   ; -   ; 500.072,03 ; 566.366,91 ; 9.345,10 ; 43.043,92 ; 52.389,02 
2022|04|CONTRIBUIÇÕES|Entrada|C170|1556|51|1.6500|7.6000|02|Não conferido;01/04/2022;2022;4;2;CONTRIBUIÇÕES;Entrada;C170;1556;51;0,0165;0,0760;2;Não conferido;413; 292.669,01 ; 479,10 ; 292.189,91 ; 55.180,76 ; 9.904,42 ; -   ; -   ; -   ; 282.285,49 ; 292.189,91 ; 4.821,90 ; 22.207,13 ; 27.029,03 
2022|04|CONTRIBUIÇÕES|Entrada|C170|2557|70|0.0000|0.0000|N/A|Não conferido;01/04/2022;2022;4;2;CONTRIBUIÇÕES;Entrada;C170;2557;70;0,0000;0,0000;N/A;Não conferido;1; 90.000,00 ; -   ; 90.000,00 ; -   ; -   ; -   ; -   ; -   ; 90.000,00 ; -   ; -   ; -   ; -   
2022|04|CONTRIBUIÇÕES|Entrada|D100|1353|98|0.0000|0.0000|07|Não conferido;01/04/2022;2022;4;2;CONTRIBUIÇÕES;Entrada;D100;1353;98;0,0000;0,0000;7;Não conferido;2; 3.564,20 ; -   ; 3.564,20 ; -   ; -   ; -   ; -   ; -   ; 3.564,20 ; -   ; -   ; -   ; -   
2022|05|CONTRIBUIÇÕES|Entrada|C170|2556|51|1.6500|7.6000|02|Não conferido;01/05/2022;2022;5;2;CONTRIBUIÇÕES;Entrada;C170;2556;51;0,0165;0,0760;2;Não conferido;199; 113.245,75 ; 1.114,12 ; 112.131,63 ; 20.643,50 ; 2.689,53 ; -   ; -   ; -   ; 109.442,10 ; 112.131,63 ; 1.850,24 ; 8.521,93 ; 10.372,17 
2022|05|CONTRIBUIÇÕES|Entrada|C170|1653|51|1.6500|7.6000|02|Não conferido;01/05/2022;2022;5;2;CONTRIBUIÇÕES;Entrada;C170;1653;51;0,0165;0,0760;2;Não conferido;33; 40.907,48 ; -   ; 40.907,48 ; 17.930,02 ; 2.581,74 ; -   ; -   ; -   ; 38.325,74 ; 40.907,48 ; 674,95 ; 3.108,96 ; 3.783,91 
2022|05|CONTRIBUIÇÕES|Entrada|C170|1407|70|0.0000|0.0000|02|Não conferido;01/05/2022;2022;5;2;CONTRIBUIÇÕES;Entrada;C170;1407;70;0,0000;0,0000;2;Não conferido;16; 6.054,61 ; 5,49 ; 6.049,12 ; -   ; -   ; -   ; -   ; -   ; 6.049,12 ; -   ; -   ; -   ; -   
2022|05|CONTRIBUIÇÕES|Entrada|C170|1407|51|1.6500|7.6000|02|Não conferido;01/05/2022;2022;5;2;CONTRIBUIÇÕES;Entrada;C170;1407;51;0,0165;0,0760;2;Não conferido;879; 569.629,02 ; 26.472,28 ; 543.156,74 ; 32.129,10 ; 5.783,24 ; -   ; -   ; -   ; 537.373,50 ; 543.156,74 ; 8.962,53 ; 41.279,81 ; 50.242,34 
2022|05|CONTRIBUIÇÕES|Entrada|C170|1916|70|0.0000|0.0000|N/A|Não conferido;01/05/2022;2022;5;2;CONTRIBUIÇÕES;Entrada;C170;1916;70;0,0000;0,0000;N/A;Não conferido;152; 152,00 ; -   ; 152,00 ; -   ; -   ; -   ; -   ; -   ; 152,00 ; -   ; -   ; -   ; -   
2022|05|CONTRIBUIÇÕES|Entrada|C170|1922|51|1.6500|7.6000|N/A|Não conferido;01/05/2022;2022;5;2;CONTRIBUIÇÕES;Entrada;C170;1922;51;0,0165;0,0760;N/A;Não conferido;1; 169,86 ; -   ; 169,86 ; -   ; -   ; -   ; -   ; -   ; 169,86 ; 169,86 ; 2,80 ; 12,91 ; 15,71 
2022|05|CONTRIBUIÇÕES|Entrada|C170|2556|70|0.0000|0.0000|02|Não conferido;01/05/2022;2022;5;2;CONTRIBUIÇÕES;Entrada;C170;2556;70;0,0000;0,0000;2;Não conferido;121; 149.481,69 ; -   ; 149.481,69 ; 6.073,27 ; 790,06 ; -   ; -   ; -   ; 148.691,63 ; -   ; -   ; -   ; -   
2022|05|CONTRIBUIÇÕES|Entrada|C170|2949|70|0.0000|0.0000|N/A|Não conferido;01/05/2022;2022;5;2;CONTRIBUIÇÕES;Entrada;C170;2949;70;0,0000;0,0000;N/A;Não conferido;1; 88,78 ; -   ; 88,78 ; -   ; -   ; -   ; -   ; -   ; 88,78 ; -   ; -   ; -   ; -   
2022|05|CONTRIBUIÇÕES|Entrada|C170|1556|70|0.0000|0.0000|02|Não conferido;01/05/2022;2022;5;2;CONTRIBUIÇÕES;Entrada;C170;1556;70;0,0000;0,0000;2;Não conferido;621; 837.132,81 ; 3.830,05 ; 833.302,76 ; 516.544,80 ; 92.667,40 ; -   ; -   ; -   ; 740.635,36 ; -   ; -   ; -   ; -   
2022|05|CONTRIBUIÇÕES|Entrada|C170|2653|51|1.6500|7.6000|02|Não conferido;01/05/2022;2022;5;2;CONTRIBUIÇÕES;Entrada;C170;2653;51;0,0165;0,0760;2;Não conferido;169; 588.868,48 ; 4.225,13 ; 584.643,35 ; 573.021,90 ; 68.764,17 ; -   ; -   ; -   ; 515.879,18 ; 584.643,35 ; 9.646,62 ; 44.432,93 ; 54.079,55 
2022|05|CONTRIBUIÇÕES|Entrada|C170|1910|70|0.0000|0.0000|N/A|Não conferido;01/05/2022;2022;5;2;CONTRIBUIÇÕES;Entrada;C170;1910;70;0,0000;0,0000;N/A;Não conferido;2; 2.925,75 ; -   ; 2.925,75 ; 131,29 ; 23,63 ; -   ; -   ; -   ; 2.902,12 ; -   ; -   ; -   ; -   
2022|05|CONTRIBUIÇÕES|Entrada|C170|1411|51|1.6500|7.6000|12|Não conferido;01/05/2022;2022;5;2;CONTRIBUIÇÕES;Entrada;C170;1411;51;0,0165;0,0760;12;Não conferido;2; 6.580,00 ; -   ; 6.580,00 ; -   ; -   ; -   ; -   ; -   ; 6.580,00 ; 6.580,00 ; 108,57 ; 500,08 ; 608,65 
2022|05|CONTRIBUIÇÕES|Entrada|C170|2407|51|1.6500|7.6000|02|Não conferido;01/05/2022;2022;5;2;CONTRIBUIÇÕES;Entrada;C170;2407;51;0,0165;0,0760;2;Não conferido;201; 384.734,43 ; 1.611,36 ; 383.123,07 ; 36.139,35 ; 4.295,80 ; -   ; -   ; -   ; 378.827,27 ; 383.123,07 ; 6.321,65 ; 29.117,34 ; 35.438,99 
2022|05|CONTRIBUIÇÕES|Entrada|C170|2933|51|1.6500|7.6000|03|Não conferido;01/05/2022;2022;5;2;CONTRIBUIÇÕES;Entrada;C170;2933;51;0,0165;0,0760;3;Não conferido;3; 3.600,00 ; -   ; 3.600,00 ; -   ; -   ; -   ; -   ; -   ; 3.600,00 ; 3.600,00 ; 59,41 ; 273,60 ; 333,01 
2022|05|CONTRIBUIÇÕES|Entrada|C170|2407|70|0.0000|0.0000|02|Não conferido;01/05/2022;2022;5;2;CONTRIBUIÇÕES;Entrada;C170;2407;70;0,0000;0,0000;2;Não conferido;51; 12.701,28 ; 279,00 ; 12.422,28 ; -   ; -   ; -   ; -   ; -   ; 12.422,28 ; -   ; -   ; -   ; -   
2022|05|CONTRIBUIÇÕES|Entrada|C170|2916|70|0.0000|0.0000|N/A|Não conferido;01/05/2022;2022;5;2;CONTRIBUIÇÕES;Entrada;C170;2916;70;0,0000;0,0000;N/A;Não conferido;6; 10.250,00 ; -   ; 10.250,00 ; -   ; -   ; -   ; -   ; -   ; 10.250,00 ; -   ; -   ; -   ; -   
2022|05|CONTRIBUIÇÕES|Entrada|C170|1556|51|1.6500|7.6000|02|Não conferido;01/05/2022;2022;5;2;CONTRIBUIÇÕES;Entrada;C170;1556;51;0,0165;0,0760;2;Não conferido;283; 189.657,40 ; 311,18 ; 189.346,22 ; 58.903,43 ; 9.714,75 ; -   ; -   ; -   ; 179.631,47 ; 189.346,22 ; 3.124,40 ; 14.390,36 ; 17.514,76 
2022|05|CONTRIBUIÇÕES|Entrada|C170|1653|70|0.0000|0.0000|02|Não conferido;01/05/2022;2022;5;2;CONTRIBUIÇÕES;Entrada;C170;1653;70;0,0000;0,0000;2;Não conferido;11; 28.371,71 ; 4.052,07 ; 24.319,64 ; 10.837,46 ; 1.950,74 ; -   ; -   ; -   ; 22.368,90 ; -   ; -   ; -   ; -   
2022|06|CONTRIBUIÇÕES|Entrada|C170|2557|70|0.0000|0.0000|N/A|Não conferido;01/06/2022;2022;6;2;CONTRIBUIÇÕES;Entrada;C170;2557;70;0,0000;0,0000;N/A;Não conferido;2; 63.000,00 ; -   ; 63.000,00 ; -   ; -   ; -   ; -   ; -   ; 63.000,00 ; -   ; -   ; -   ; -   
2022|06|CONTRIBUIÇÕES|Entrada|C170|2407|51|1.6500|7.6000|02|Não conferido;01/06/2022;2022;6;2;CONTRIBUIÇÕES;Entrada;C170;2407;51;0,0165;0,0760;2;Não conferido;225; 736.624,37 ; 2.356,42 ; 734.267,95 ; 339.736,91 ; 40.449,19 ; -   ; -   ; -   ; 693.818,76 ; 734.267,95 ; 12.115,57 ; 55.804,37 ; 67.919,94 
2022|06|CONTRIBUIÇÕES|Entrada|C170|1102|51|1.6500|7.6000|01|Não conferido;01/06/2022;2022;6;2;CONTRIBUIÇÕES;Entrada;C170;1102;51;0,0165;0,0760;1;Não conferido;1; 700,00 ; -   ; 700,00 ; -   ; -   ; -   ; -   ; -   ; 700,00 ; 700,00 ; 11,55 ; 53,20 ; 64,75 
2022|06|CONTRIBUIÇÕES|Entrada|C170|2653|51|1.6500|7.6000|02|Não conferido;01/06/2022;2022;6;2;CONTRIBUIÇÕES;Entrada;C170;2653;51;0,0165;0,0760;2;Não conferido;158; 654.332,03 ; 5.221,26 ; 649.110,77 ; -   ; -   ; -   ; -   ; -   ; 649.110,77 ; 649.110,77 ; 10.710,39 ; 49.332,42 ; 60.042,81 
2022|06|CONTRIBUIÇÕES|Entrada|C170|1407|51|1.6500|7.6000|02|Não conferido;01/06/2022;2022;6;2;CONTRIBUIÇÕES;Entrada;C170;1407;51;0,0165;0,0760;2;Não conferido;840; 590.330,54 ; 21.142,80 ; 569.187,74 ; 3.692,33 ; 644,40 ; -   ; -   ; -   ; 568.543,34 ; 569.187,74 ; 9.392,28 ; 43.258,32 ; 52.650,60 
2022|06|CONTRIBUIÇÕES|Entrada|C170|2552|70|0.0000|0.0000|N/A|Não conferido;01/06/2022;2022;6;2;CONTRIBUIÇÕES;Entrada;C170;2552;70;0,0000;0,0000;N/A;Não conferido;2; 270.000,00 ; -   ; 270.000,00 ; -   ; -   ; -   ; -   ; -   ; 270.000,00 ; -   ; -   ; -   ; -   
2022|06|CONTRIBUIÇÕES|Entrada|C170|1407|70|0.0000|0.0000|02|Não conferido;01/06/2022;2022;6;2;CONTRIBUIÇÕES;Entrada;C170;1407;70;0,0000;0,0000;2;Não conferido;83; 14.575,83 ; 3,98 ; 14.571,85 ; -   ; -   ; -   ; -   ; -   ; 14.571,85 ; -   ; -   ; -   ; -   
2022|06|CONTRIBUIÇÕES|Entrada|C170|2407|70|0.0000|0.0000|02|Não conferido;01/06/2022;2022;6;2;CONTRIBUIÇÕES;Entrada;C170;2407;70;0,0000;0,0000;2;Não conferido;36; 14.461,23 ; 384,18 ; 14.077,05 ; -   ; -   ; -   ; -   ; -   ; 14.077,05 ; -   ; -   ; -   ; -   
2022|06|CONTRIBUIÇÕES|Entrada|C170|1916|70|0.0000|0.0000|N/A|Não conferido;01/06/2022;2022;6;2;CONTRIBUIÇÕES;Entrada;C170;1916;70;0,0000;0,0000;N/A;Não conferido;140; 31.109,00 ; -   ; 31.109,00 ; -   ; -   ; -   ; -   ; -   ; 31.109,00 ; -   ; -   ; -   ; -   
2022|06|CONTRIBUIÇÕES|Entrada|C170|2916|70|0.0000|0.0000|N/A|Não conferido;01/06/2022;2022;6;2;CONTRIBUIÇÕES;Entrada;C170;2916;70;0,0000;0,0000;N/A;Não conferido;5; 30.000,00 ; -   ; 30.000,00 ; -   ; -   ; -   ; -   ; -   ; 30.000,00 ; -   ; -   ; -   ; -   
2022|06|CONTRIBUIÇÕES|Entrada|C170|2933|51|1.6500|7.6000|03|Não conferido;01/06/2022;2022;6;2;CONTRIBUIÇÕES;Entrada;C170;2933;51;0,0165;0,0760;3;Não conferido;2; 2.830,00 ; -   ; 2.830,00 ; -   ; -   ; -   ; -   ; -   ; 2.830,00 ; 2.830,00 ; 46,70 ; 215,08 ; 261,78 
2022|06|CONTRIBUIÇÕES|Entrada|C170|1556|51|1.6500|7.6000|02|Não conferido;01/06/2022;2022;6;2;CONTRIBUIÇÕES;Entrada;C170;1556;51;0,0165;0,0760;2;Não conferido;283; 481.636,37 ; 1.243,81 ; 480.392,56 ; 341.039,16 ; 61.387,09 ; -   ; -   ; -   ; 419.005,47 ; 480.392,56 ; 7.926,76 ; 36.509,84 ; 44.436,60 
2022|06|CONTRIBUIÇÕES|Entrada|C170|1653|70|0.0000|0.0000|02|Não conferido;01/06/2022;2022;6;2;CONTRIBUIÇÕES;Entrada;C170;1653;70;0,0000;0,0000;2;Não conferido;4; 13.862,13 ; 1.064,21 ; 12.797,92 ; -   ; -   ; -   ; -   ; -   ; 12.797,92 ; -   ; -   ; -   ; -   
2022|06|CONTRIBUIÇÕES|Entrada|C170|2556|70|0.0000|0.0000|02|Não conferido;01/06/2022;2022;6;2;CONTRIBUIÇÕES;Entrada;C170;2556;70;0,0000;0,0000;2;Não conferido;77; 50.340,66 ; -   ; 50.340,66 ; 17.959,98 ; 2.569,44 ; -   ; -   ; -   ; 47.771,22 ; -   ; -   ; -   ; -   
2022|06|CONTRIBUIÇÕES|Entrada|C170|2556|51|1.6500|7.6000|02|Não conferido;01/06/2022;2022;6;2;CONTRIBUIÇÕES;Entrada;C170;2556;51;0,0165;0,0760;2;Não conferido;225; 178.903,45 ; 114,86 ; 178.788,59 ; 68.359,14 ; 9.041,93 ; -   ; -   ; -   ; 169.746,66 ; 178.788,59 ; 2.950,14 ; 13.587,84 ; 16.537,98 
2022|06|CONTRIBUIÇÕES|Entrada|C170|1556|70|0.0000|0.0000|02|Não conferido;01/06/2022;2022;6;2;CONTRIBUIÇÕES;Entrada;C170;1556;70;0,0000;0,0000;2;Não conferido;541; 320.791,31 ; 2.096,12 ; 318.695,19 ; 62.228,51 ; 10.996,95 ; -   ; -   ; -   ; 307.698,24 ; -   ; -   ; -   ; -   
2022|06|CONTRIBUIÇÕES|Entrada|C170|2653|70|0.0000|0.0000|02|Não conferido;01/06/2022;2022;6;2;CONTRIBUIÇÕES;Entrada;C170;2653;70;0,0000;0,0000;2;Não conferido;11; 47.570,57 ; 1.127,18 ; 46.443,39 ; -   ; -   ; -   ; -   ; -   ; 46.443,39 ; -   ; -   ; -   ; -   
2022|06|CONTRIBUIÇÕES|Entrada|C170|1653|51|1.6500|7.6000|02|Não conferido;01/06/2022;2022;6;2;CONTRIBUIÇÕES;Entrada;C170;1653;51;0,0165;0,0760;2;Não conferido;48; 755.123,12 ; -   ; 755.123,12 ; 2.042,12 ; 367,58 ; -   ; -   ; -   ; 754.755,54 ; 755.123,12 ; 12.459,55 ; 57.389,36 ; 69.848,91 
2022|07|CONTRIBUIÇÕES|Entrada|C170|1653|51|1.6500|7.6000|02|Não conferido;01/07/2022;2022;7;3;CONTRIBUIÇÕES;Entrada;C170;1653;51;0,0165;0,0760;2;Não conferido;34; 47.505,44 ; -   ; 47.505,44 ; -   ; -   ; -   ; -   ; -   ; 47.505,44 ; 47.505,44 ; 783,84 ; 3.610,40 ; 4.394,24 
2022|07|CONTRIBUIÇÕES|Entrada|C170|1949|70|0.0000|0.0000|N/A|Não conferido;01/07/2022;2022;7;3;CONTRIBUIÇÕES;Entrada;C170;1949;70;0,0000;0,0000;N/A;Não conferido;17; 15.203,03 ; -   ; 15.203,03 ; -   ; -   ; -   ; -   ; -   ; 15.203,03 ; -   ; -   ; -   ; -   
2022|07|CONTRIBUIÇÕES|Entrada|C170|2949|98|0.0000|0.0000|N/A|Não conferido;01/07/2022;2022;7;3;CONTRIBUIÇÕES;Entrada;C170;2949;98;0,0000;0,0000;N/A;Não conferido;1; 77,36 ; -   ; 77,36 ; 77,36 ; 9,28 ; -   ; -   ; -   ; 68,08 ; -   ; -   ; -   ; -   
2022|07|CONTRIBUIÇÕES|Entrada|C170|1916|70|0.0000|0.0000|N/A|Não conferido;01/07/2022;2022;7;3;CONTRIBUIÇÕES;Entrada;C170;1916;70;0,0000;0,0000;N/A;Não conferido;149; 149,00 ; -   ; 149,00 ; -   ; -   ; -   ; -   ; -   ; 149,00 ; -   ; -   ; -   ; -   
2022|07|CONTRIBUIÇÕES|Entrada|C170|2407|70|0.0000|0.0000|02|Não conferido;01/07/2022;2022;7;3;CONTRIBUIÇÕES;Entrada;C170;2407;70;0,0000;0,0000;2;Não conferido;7; 3.154,76 ; 406,18 ; 2.748,58 ; -   ; -   ; -   ; -   ; -   ; 2.748,58 ; -   ; -   ; -   ; -   
2022|07|CONTRIBUIÇÕES|Entrada|C170|2556|51|1.6500|7.6000|02|Não conferido;01/07/2022;2022;7;3;CONTRIBUIÇÕES;Entrada;C170;2556;51;0,0165;0,0760;2;Não conferido;244; 140.825,56 ; 1.208,91 ; 139.616,65 ; 50.311,05 ; 5.701,27 ; -   ; -   ; -   ; 133.915,38 ; 139.616,65 ; 2.303,70 ; 10.610,89 ; 12.914,59 
2022|07|CONTRIBUIÇÕES|Entrada|C170|2556|70|0.0000|0.0000|02|Não conferido;01/07/2022;2022;7;3;CONTRIBUIÇÕES;Entrada;C170;2556;70;0,0000;0,0000;2;Não conferido;65; 28.167,65 ; 325,64 ; 27.842,01 ; 5.232,49 ; 571,34 ; -   ; -   ; -   ; 27.270,67 ; -   ; -   ; -   ; -   
2022|07|CONTRIBUIÇÕES|Entrada|C170|2653|51|1.6500|7.6000|02|Não conferido;01/07/2022;2022;7;3;CONTRIBUIÇÕES;Entrada;C170;2653;51;0,0165;0,0760;2;Não conferido;104; 466.057,02 ; 0,05 ; 466.056,97 ; 432,89 ; 60,97 ; -   ; -   ; -   ; 465.996,00 ; 466.056,97 ; 7.689,93 ; 35.420,29 ; 43.110,22 
2022|07|CONTRIBUIÇÕES|Entrada|C170|2916|70|0.0000|0.0000|N/A|Não conferido;01/07/2022;2022;7;3;CONTRIBUIÇÕES;Entrada;C170;2916;70;0,0000;0,0000;N/A;Não conferido;4; 23.500,00 ; -   ; 23.500,00 ; -   ; -   ; -   ; -   ; -   ; 23.500,00 ; -   ; -   ; -   ; -   
2022|07|CONTRIBUIÇÕES|Entrada|C170|2407|51|1.6500|7.6000|02|Não conferido;01/07/2022;2022;7;3;CONTRIBUIÇÕES;Entrada;C170;2407;51;0,0165;0,0760;2;Não conferido;56; 27.392,16 ; 1.019,53 ; 26.372,63 ; 12.149,84 ; 1.353,82 ; -   ; -   ; -   ; 25.018,81 ; 26.372,63 ; 435,16 ; 2.004,32 ; 2.439,48 
2022|07|CONTRIBUIÇÕES|Entrada|C170|1653|70|0.0000|0.0000|02|Não conferido;01/07/2022;2022;7;3;CONTRIBUIÇÕES;Entrada;C170;1653;70;0,0000;0,0000;2;Não conferido;5; 11.160,82 ; 1.345,37 ; 9.815,45 ; -   ; -   ; -   ; -   ; -   ; 9.815,45 ; -   ; -   ; -   ; -   
2022|07|CONTRIBUIÇÕES|Entrada|C170|1411|51|1.6500|7.6000|12|Não conferido;01/07/2022;2022;7;3;CONTRIBUIÇÕES;Entrada;C170;1411;51;0,0165;0,0760;12;Não conferido;1; 705,44 ; -   ; 705,44 ; -   ; -   ; -   ; -   ; -   ; 705,44 ; 705,44 ; 11,64 ; 53,61 ; 65,25 
2022|07|CONTRIBUIÇÕES|Entrada|C170|1556|51|1.6500|7.6000|02|Não conferido;01/07/2022;2022;7;3;CONTRIBUIÇÕES;Entrada;C170;1556;51;0,0165;0,0760;2;Não conferido;305; 585.653,66 ; 34.185,40 ; 551.468,26 ; 325.794,78 ; 58.597,92 ; -   ; -   ; -   ; 492.870,34 ; 551.468,26 ; 9.099,41 ; 41.911,59 ; 51.011,00 
2022|07|CONTRIBUIÇÕES|Entrada|C170|1556|70|0.0000|0.0000|02|Não conferido;01/07/2022;2022;7;3;CONTRIBUIÇÕES;Entrada;C170;1556;70;0,0000;0,0000;2;Não conferido;559; 421.903,53 ; 11.170,91 ; 410.732,62 ; 107.335,35 ; 17.670,18 ; -   ; -   ; -   ; 393.062,44 ; -   ; -   ; -   ; -   
2022|07|CONTRIBUIÇÕES|Entrada|C170|1407|51|1.6500|7.6000|02|Não conferido;01/07/2022;2022;7;3;CONTRIBUIÇÕES;Entrada;C170;1407;51;0,0165;0,0760;2;Não conferido;572; 392.623,32 ; 9.955,75 ; 382.667,57 ; 10.855,93 ; 1.954,07 ; -   ; -   ; -   ; 380.713,50 ; 382.667,57 ; 6.314,12 ; 29.082,71 ; 35.396,83 
2022|07|CONTRIBUIÇÕES|Entrada|C170|1407|70|0.0000|0.0000|02|Não conferido;01/07/2022;2022;7;3;CONTRIBUIÇÕES;Entrada;C170;1407;70;0,0000;0,0000;2;Não conferido;19; 4.099,01 ; -   ; 4.099,01 ; 730,44 ; 97,16 ; -   ; -   ; -   ; 4.001,85 ; -   ; -   ; -   ; -   
2022|07|CONTRIBUIÇÕES|Entrada|C170|2933|51|1.6500|7.6000|03|Não conferido;01/07/2022;2022;7;3;CONTRIBUIÇÕES;Entrada;C170;2933;51;0,0165;0,0760;3;Não conferido;14; 19.448,00 ; 1,19 ; 19.446,81 ; -   ; -   ; -   ; -   ; -   ; 19.446,81 ; 19.446,81 ; 320,91 ; 1.477,96 ; 1.798,87 
2022|07|CONTRIBUIÇÕES|Entrada|C170|1102|51|1.6500|7.6000|01|Não conferido;01/07/2022;2022;7;3;CONTRIBUIÇÕES;Entrada;C170;1102;51;0,0165;0,0760;1;Não conferido;4; 1.842,49 ; 45,37 ; 1.797,12 ; 1.797,12 ; 323,48 ; -   ; -   ; -   ; 1.473,64 ; 1.797,12 ; 29,65 ; 136,58 ; 166,23 
2022|07|CONTRIBUIÇÕES|Entrada|C170|2949|70|0.0000|0.0000|N/A|Não conferido;01/07/2022;2022;7;3;CONTRIBUIÇÕES;Entrada;C170;2949;70;0,0000;0,0000;N/A;Não conferido;4; 1.443,66 ; -   ; 1.443,66 ; 1.443,66 ; 173,24 ; -   ; -   ; -   ; 1.270,42 ; -   ; -   ; -   ; -   
2022|08|CONTRIBUIÇÕES|Entrada|C170|1653|51|1.6500|7.6000|02|Não conferido;01/08/2022;2022;8;3;CONTRIBUIÇÕES;Entrada;C170;1653;51;0,0165;0,0760;2;Não conferido;8; 6.419,50 ; -   ; 6.419,50 ; -   ; -   ; -   ; -   ; -   ; 6.419,50 ; 6.419,50 ; 105,92 ; 487,89 ; 593,81 
2022|08|CONTRIBUIÇÕES|Entrada|C170|2556|51|1.6500|7.6000|02|Não conferido;01/08/2022;2022;8;3;CONTRIBUIÇÕES;Entrada;C170;2556;51;0,0165;0,0760;2;Não conferido;68; 141.584,51 ; -   ; 141.584,51 ; 133.660,55 ; 14.125,14 ; -   ; -   ; -   ; 127.459,37 ; 141.584,51 ; 2.336,23 ; 10.760,39 ; 13.096,62 
2022|08|CONTRIBUIÇÕES|Entrada|C170|2556|70|0.0000|0.0000|02|Não conferido;01/08/2022;2022;8;3;CONTRIBUIÇÕES;Entrada;C170;2556;70;0,0000;0,0000;2;Não conferido;97; 117.157,09 ; 674,00 ; 116.483,09 ; 34.400,45 ; 6.060,03 ; -   ; -   ; -   ; 110.423,06 ; -   ; -   ; -   ; -   
2022|08|CONTRIBUIÇÕES|Entrada|C170|2653|70|0.0000|0.0000|02|Não conferido;01/08/2022;2022;8;3;CONTRIBUIÇÕES;Entrada;C170;2653;70;0,0000;0,0000;2;Não conferido;2; 35.950,00 ; -   ; 35.950,00 ; 16.000,00 ; 2.880,00 ; -   ; -   ; -   ; 33.070,00 ; -   ; -   ; -   ; -   
2022|08|CONTRIBUIÇÕES|Entrada|C170|2653|51|1.6500|7.6000|02|Não conferido;01/08/2022;2022;8;3;CONTRIBUIÇÕES;Entrada;C170;2653;51;0,0165;0,0760;2;Não conferido;2; 1.498,52 ; -   ; 1.498,52 ; -   ; -   ; -   ; -   ; -   ; 1.498,52 ; 1.498,52 ; 24,72 ; 113,88 ; 138,60 
2022|08|CONTRIBUIÇÕES|Entrada|C170|2407|51|1.6500|7.6000|02|Não conferido;01/08/2022;2022;8;3;CONTRIBUIÇÕES;Entrada;C170;2407;51;0,0165;0,0760;2;Não conferido;123; 101.438,62 ; 42,00 ; 101.396,62 ; 10.846,22 ; 1.536,62 ; -   ; -   ; -   ; 99.860,00 ; 101.396,62 ; 1.673,06 ; 7.706,12 ; 9.379,18 
2022|08|CONTRIBUIÇÕES|Entrada|C170|1407|51|1.6500|7.6000|02|Não conferido;01/08/2022;2022;8;3;CONTRIBUIÇÕES;Entrada;C170;1407;51;0,0165;0,0760;2;Não conferido;417; 206.152,94 ; 3.943,51 ; 202.209,43 ; 2.850,00 ; 513,00 ; -   ; -   ; -   ; 201.696,43 ; 202.209,43 ; 3.336,73 ; 15.367,89 ; 18.704,62 
2022|08|CONTRIBUIÇÕES|Entrada|C170|1556|70|0.0000|0.0000|02|Não conferido;01/08/2022;2022;8;3;CONTRIBUIÇÕES;Entrada;C170;1556;70;0,0000;0,0000;2;Não conferido;117; 81.323,16 ; 152,52 ; 81.170,64 ; 9.254,63 ; 1.306,63 ; -   ; -   ; -   ; 79.864,01 ; -   ; -   ; -   ; -   
2022|08|CONTRIBUIÇÕES|Entrada|C170|1556|51|1.6500|7.6000|02|Não conferido;01/08/2022;2022;8;3;CONTRIBUIÇÕES;Entrada;C170;1556;51;0,0165;0,0760;2;Não conferido;159; 85.323,26 ; -   ; 85.323,26 ; 10.272,05 ; 1.838,01 ; -   ; -   ; -   ; 83.485,25 ; 85.323,26 ; 1.408,00 ; 6.484,59 ; 7.892,59 
2022|08|CONTRIBUIÇÕES|Entrada|C170|1407|70|0.0000|0.0000|02|Não conferido;01/08/2022;2022;8;3;CONTRIBUIÇÕES;Entrada;C170;1407;70;0,0000;0,0000;2;Não conferido;9; 1.197,09 ; 2,00 ; 1.195,09 ; -   ; -   ; -   ; -   ; -   ; 1.195,09 ; -   ; -   ; -   ; -   
2022|08|CONTRIBUIÇÕES|Entrada|C170|2933|51|1.6500|7.6000|03|Não conferido;01/08/2022;2022;8;3;CONTRIBUIÇÕES;Entrada;C170;2933;51;0,0165;0,0760;3;Não conferido;3; 4.430,00 ; -   ; 4.430,00 ; -   ; -   ; -   ; -   ; -   ; 4.430,00 ; 4.430,00 ; 73,11 ; 336,68 ; 409,79 
2022|08|CONTRIBUIÇÕES|Entrada|C170|2552|70|0.0000|0.0000|N/A|Não conferido;01/08/2022;2022;8;3;CONTRIBUIÇÕES;Entrada;C170;2552;70;0,0000;0,0000;N/A;Não conferido;2; 270.000,00 ; -   ; 270.000,00 ; -   ; -   ; -   ; -   ; -   ; 270.000,00 ; -   ; -   ; -   ; -   
2022|09|CONTRIBUIÇÕES|Entrada|C170|2933|51|1.6500|7.6000|03|Não conferido;01/09/2022;2022;9;3;CONTRIBUIÇÕES;Entrada;C170;2933;51;0,0165;0,0760;3;Não conferido;4; 3.080,00 ; 1,56 ; 3.078,44 ; -   ; -   ; -   ; -   ; -   ; 3.078,44 ; 3.078,44 ; 50,80 ; 233,96 ; 284,76 
2022|09|CONTRIBUIÇÕES|Entrada|C170|1556|51|1.6500|7.6000|02|Não conferido;01/09/2022;2022;9;3;CONTRIBUIÇÕES;Entrada;C170;1556;51;0,0165;0,0760;2;Não conferido;80; 41.594,88 ; -   ; 41.594,88 ; 3.849,81 ; 684,04 ; -   ; -   ; -   ; 40.910,84 ; 41.594,88 ; 686,42 ; 3.161,24 ; 3.847,66 
2022|09|CONTRIBUIÇÕES|Entrada|C170|1653|51|1.6500|7.6000|02|Não conferido;01/09/2022;2022;9;3;CONTRIBUIÇÕES;Entrada;C170;1653;51;0,0165;0,0760;2;Não conferido;8; 14.170,56 ; -   ; 14.170,56 ; -   ; -   ; -   ; -   ; -   ; 14.170,56 ; 14.170,56 ; 233,82 ; 1.076,95 ; 1.310,77 
2022|09|CONTRIBUIÇÕES|Entrada|C170|2653|51|1.6500|7.6000|02|Não conferido;01/09/2022;2022;9;3;CONTRIBUIÇÕES;Entrada;C170;2653;51;0,0165;0,0760;2;Não conferido;3; 1.672,46 ; -   ; 1.672,46 ; -   ; -   ; -   ; -   ; -   ; 1.672,46 ; 1.672,46 ; 27,59 ; 127,10 ; 154,69 
2022|09|CONTRIBUIÇÕES|Entrada|C170|1407|51|1.6500|7.6000|02|Não conferido;01/09/2022;2022;9;3;CONTRIBUIÇÕES;Entrada;C170;1407;51;0,0165;0,0760;2;Não conferido;695; 355.708,67 ; 6.438,79 ; 349.269,88 ; -   ; -   ; -   ; -   ; -   ; 349.269,88 ; 349.269,88 ; 5.763,75 ; 26.544,53 ; 32.308,28 
2022|09|CONTRIBUIÇÕES|Entrada|C170|2407|70|0.0000|0.0000|02|Não conferido;01/09/2022;2022;9;3;CONTRIBUIÇÕES;Entrada;C170;2407;70;0,0000;0,0000;2;Não conferido;5; 202,15 ; -   ; 202,15 ; -   ; -   ; -   ; -   ; -   ; 202,15 ; -   ; -   ; -   ; -   
2022|09|CONTRIBUIÇÕES|Entrada|C170|2556|70|0.0000|0.0000|02|Não conferido;01/09/2022;2022;9;3;CONTRIBUIÇÕES;Entrada;C170;2556;70;0,0000;0,0000;2;Não conferido;88; 164.047,76 ; -   ; 164.047,76 ; 86.450,06 ; 15.348,08 ; -   ; -   ; -   ; 148.699,68 ; -   ; -   ; -   ; -   
2022|09|CONTRIBUIÇÕES|Entrada|C170|2653|70|0.0000|0.0000|02|Não conferido;01/09/2022;2022;9;3;CONTRIBUIÇÕES;Entrada;C170;2653;70;0,0000;0,0000;2;Não conferido;2; 20.154,00 ; -   ; 20.154,00 ; 20.154,00 ; 3.627,72 ; -   ; -   ; -   ; 16.526,28 ; -   ; -   ; -   ; -   
2022|09|CONTRIBUIÇÕES|Entrada|C170|2407|51|1.6500|7.6000|02|Não conferido;01/09/2022;2022;9;3;CONTRIBUIÇÕES;Entrada;C170;2407;51;0,0165;0,0760;2;Não conferido;84; 98.088,36 ; 39,88 ; 98.048,48 ; 4.444,98 ; 264,80 ; -   ; -   ; -   ; 97.783,68 ; 98.048,48 ; 1.617,89 ; 7.451,69 ; 9.069,58 
2022|09|CONTRIBUIÇÕES|Entrada|C170|2556|51|1.6500|7.6000|02|Não conferido;01/09/2022;2022;9;3;CONTRIBUIÇÕES;Entrada;C170;2556;51;0,0165;0,0760;2;Não conferido;85; 133.149,11 ; 4,94 ; 133.144,17 ; 88.071,67 ; 6.093,92 ; -   ; -   ; -   ; 127.050,25 ; 133.144,17 ; 2.196,93 ; 10.118,97 ; 12.315,90 
2022|09|CONTRIBUIÇÕES|Entrada|C170|1556|70|0.0000|0.0000|02|Não conferido;01/09/2022;2022;9;3;CONTRIBUIÇÕES;Entrada;C170;1556;70;0,0000;0,0000;2;Não conferido;79; 30.267,81 ; 30,00 ; 30.237,81 ; 1.363,38 ; 245,41 ; -   ; -   ; -   ; 29.992,40 ; -   ; -   ; -   ; -   
2022|09|CONTRIBUIÇÕES|Entrada|C170|1407|70|0.0000|0.0000|02|Não conferido;01/09/2022;2022;9;3;CONTRIBUIÇÕES;Entrada;C170;1407;70;0,0000;0,0000;2;Não conferido;2; 719,99 ; -   ; 719,99 ; -   ; -   ; -   ; -   ; -   ; 719,99 ; -   ; -   ; -   ; -   
2022|10|CONTRIBUIÇÕES|Entrada|C170|2916|70|0.0000|0.0000|N/A|Não conferido;01/10/2022;2022;10;4;CONTRIBUIÇÕES;Entrada;C170;2916;70;0,0000;0,0000;N/A;Não conferido;6; 28.600,00 ; -   ; 28.600,00 ; -   ; -   ; -   ; -   ; -   ; 28.600,00 ; -   ; -   ; -   ; -   
2022|10|CONTRIBUIÇÕES|Entrada|C170|2556|70|0.0000|0.0000|02|Não conferido;01/10/2022;2022;10;4;CONTRIBUIÇÕES;Entrada;C170;2556;70;0,0000;0,0000;2;Não conferido;328; 334.981,43 ; 280,65 ; 334.700,78 ; 96.490,00 ; 16.234,92 ; -   ; -   ; -   ; 318.537,86 ; -   ; -   ; -   ; -   
2022|10|CONTRIBUIÇÕES|Entrada|C170|1551|70|0.0000|0.0000|10|Não conferido;01/10/2022;2022;10;4;CONTRIBUIÇÕES;Entrada;C170;1551;70;0,0000;0,0000;10;Não conferido;1; 182.000,00 ; -   ; 182.000,00 ; 134.479,80 ; 24.206,36 ; -   ; -   ; -   ; 157.793,64 ; -   ; -   ; -   ; -   
2022|10|CONTRIBUIÇÕES|Entrada|C170|2933|51|1.6500|7.6000|03|Não conferido;01/10/2022;2022;10;4;CONTRIBUIÇÕES;Entrada;C170;2933;51;0,0165;0,0760;3;Não conferido;7; 7.960,00 ; 32,73 ; 7.927,27 ; -   ; -   ; -   ; -   ; -   ; 7.927,27 ; 7.927,27 ; 130,82 ; 602,47 ; 733,29 
2022|10|CONTRIBUIÇÕES|Entrada|C170|2552|70|0.0000|0.0000|N/A|Não conferido;01/10/2022;2022;10;4;CONTRIBUIÇÕES;Entrada;C170;2552;70;0,0000;0,0000;N/A;Não conferido;2; 1.200,00 ; -   ; 1.200,00 ; -   ; -   ; -   ; -   ; -   ; 1.200,00 ; -   ; -   ; -   ; -   
2022|10|CONTRIBUIÇÕES|Entrada|C170|1653|51|1.6500|7.6000|02|Não conferido;01/10/2022;2022;10;4;CONTRIBUIÇÕES;Entrada;C170;1653;51;0,0165;0,0760;2;Não conferido;58; 128.635,75 ; -   ; 128.635,75 ; -   ; -   ; -   ; -   ; -   ; 128.635,75 ; 128.635,75 ; 2.122,49 ; 9.776,33 ; 11.898,82 
2022|10|CONTRIBUIÇÕES|Entrada|C170|1411|51|1.6500|7.6000|12|Não conferido;01/10/2022;2022;10;4;CONTRIBUIÇÕES;Entrada;C170;1411;51;0,0165;0,0760;12;Não conferido;1; 1.430,54 ; -   ; 1.430,54 ; -   ; -   ; -   ; -   ; -   ; 1.430,54 ; 1.430,54 ; 23,60 ; 108,72 ; 132,32 
2022|10|CONTRIBUIÇÕES|Entrada|C170|2653|70|0.0000|0.0000|02|Não conferido;01/10/2022;2022;10;4;CONTRIBUIÇÕES;Entrada;C170;2653;70;0,0000;0,0000;2;Não conferido;105; 313.252,28 ; 45,60 ; 313.206,68 ; 54.780,00 ; 9.860,40 ; -   ; -   ; -   ; 303.346,28 ; -   ; -   ; -   ; -   
2022|10|CONTRIBUIÇÕES|Entrada|C170|2557|70|0.0000|0.0000|N/A|Não conferido;01/10/2022;2022;10;4;CONTRIBUIÇÕES;Entrada;C170;2557;70;0,0000;0,0000;N/A;Não conferido;4; 111.774,66 ; -   ; 111.774,66 ; -   ; -   ; -   ; -   ; -   ; 111.774,66 ; -   ; -   ; -   ; -   
2022|10|CONTRIBUIÇÕES|Entrada|C170|2653|51|1.6500|7.6000|02|Não conferido;01/10/2022;2022;10;4;CONTRIBUIÇÕES;Entrada;C170;2653;51;0,0165;0,0760;2;Não conferido;307; 849.297,65 ; 1.442,64 ; 847.855,01 ; -   ; -   ; -   ; -   ; -   ; 847.855,01 ; 847.855,01 ; 13.989,60 ; 64.436,95 ; 78.426,55 
2022|10|CONTRIBUIÇÕES|Entrada|C170|2556|51|1.6500|7.6000|02|Não conferido;01/10/2022;2022;10;4;CONTRIBUIÇÕES;Entrada;C170;2556;51;0,0165;0,0760;2;Não conferido;421; 656.153,19 ; 1.573,87 ; 654.579,32 ; 595.068,80 ; 68.916,73 ; -   ; -   ; -   ; 585.662,59 ; 654.579,32 ; 10.800,79 ; 49.747,95 ; 60.548,74 
2022|10|CONTRIBUIÇÕES|Entrada|C170|2407|70|0.0000|0.0000|02|Não conferido;01/10/2022;2022;10;4;CONTRIBUIÇÕES;Entrada;C170;2407;70;0,0000;0,0000;2;Não conferido;13; 22.730,27 ; 160,00 ; 22.570,27 ; 848,82 ; 101,85 ; -   ; -   ; -   ; 22.468,42 ; -   ; -   ; -   ; -   
2022|10|CONTRIBUIÇÕES|Entrada|C170|2407|51|1.6500|7.6000|02|Não conferido;01/10/2022;2022;10;4;CONTRIBUIÇÕES;Entrada;C170;2407;51;0,0165;0,0760;2;Não conferido;401; 329.189,99 ; 1.094,84 ; 328.095,15 ; 39.883,24 ; 4.223,16 ; -   ; -   ; -   ; 323.871,99 ; 328.095,15 ; 5.413,70 ; 24.935,25 ; 30.348,95 
2022|10|CONTRIBUIÇÕES|Entrada|C170|1556|70|0.0000|0.0000|02|Não conferido;01/10/2022;2022;10;4;CONTRIBUIÇÕES;Entrada;C170;1556;70;0,0000;0,0000;2;Não conferido;302; 388.003,67 ; 7.283,94 ; 380.719,73 ; 209.703,20 ; 37.350,88 ; -   ; -   ; -   ; 343.368,85 ; -   ; -   ; -   ; -   
2022|10|CONTRIBUIÇÕES|Entrada|C170|1407|51|1.6500|7.6000|02|Não conferido;01/10/2022;2022;10;4;CONTRIBUIÇÕES;Entrada;C170;1407;51;0,0165;0,0760;2;Não conferido;813; 740.681,37 ; 60.874,64 ; 679.806,73 ; 864,00 ; 155,52 ; -   ; -   ; -   ; 679.651,21 ; 679.806,73 ; 11.217,11 ; 51.665,27 ; 62.882,38 
2022|10|CONTRIBUIÇÕES|Entrada|C170|1653|70|0.0000|0.0000|02|Não conferido;01/10/2022;2022;10;4;CONTRIBUIÇÕES;Entrada;C170;1653;70;0,0000;0,0000;2;Não conferido;6; 35.043,08 ; 234,25 ; 34.808,83 ; 30.525,82 ; 5.494,65 ; -   ; -   ; -   ; 29.314,18 ; -   ; -   ; -   ; -   
2022|10|CONTRIBUIÇÕES|Entrada|C170|1407|70|0.0000|0.0000|02|Não conferido;01/10/2022;2022;10;4;CONTRIBUIÇÕES;Entrada;C170;1407;70;0,0000;0,0000;2;Não conferido;33; 9.427,42 ; -   ; 9.427,42 ; 121,50 ; 16,16 ; -   ; -   ; -   ; 9.411,26 ; -   ; -   ; -   ; -   
2022|10|CONTRIBUIÇÕES|Entrada|C170|1556|51|1.6500|7.6000|02|Não conferido;01/10/2022;2022;10;4;CONTRIBUIÇÕES;Entrada;C170;1556;51;0,0165;0,0760;2;Não conferido;159; 73.875,93 ; 257,35 ; 73.618,58 ; 43.024,29 ; 7.753,78 ; -   ; -   ; -   ; 65.864,80 ; 73.618,58 ; 1.214,80 ; 5.595,04 ; 6.809,84 
2023|01|CONTRIBUIÇÕES|Entrada|C170|2653|51|1.6500|7.6000|02|Não conferido;01/01/2023;2023;1;1;CONTRIBUIÇÕES;Entrada;C170;2653;51;0,0165;0,0760;2;Não conferido;139; 537.369,43 ; 556,47 ; 536.812,96 ; -   ; -   ; -   ; -   ; -   ; 536.812,96 ; 536.812,96 ; 8.857,57 ; 40.797,83 ; 49.655,40 
2023|01|CONTRIBUIÇÕES|Entrada|C170|2933|70|0.0000|0.0000|03|Não conferido;01/01/2023;2023;1;1;CONTRIBUIÇÕES;Entrada;C170;2933;70;0,0000;0,0000;3;Não conferido;4; 5.370,00 ; -   ; 5.370,00 ; -   ; -   ; -   ; -   ; -   ; 5.370,00 ; -   ; -   ; -   ; -   
2023|01|CONTRIBUIÇÕES|Entrada|C170|2933|51|1.6500|7.6000|03|Não conferido;01/01/2023;2023;1;1;CONTRIBUIÇÕES;Entrada;C170;2933;51;0,0165;0,0760;3;Não conferido;12; 13.040,00 ; 180,97 ; 12.859,03 ; -   ; -   ; -   ; -   ; -   ; 12.859,03 ; 12.859,03 ; 212,21 ; 977,29 ; 1.189,50 
2023|01|CONTRIBUIÇÕES|Entrada|C170|1653|51|1.6500|7.6000|02|Não conferido;01/01/2023;2023;1;1;CONTRIBUIÇÕES;Entrada;C170;1653;51;0,0165;0,0760;2;Não conferido;14; 1.527.544,26 ; 37,80 ; 1.527.506,46 ; -   ; -   ; -   ; -   ; -   ; 1.527.506,46 ; 1.527.506,46 ; 25.203,84 ; 116.090,49 ; 141.294,33 
2023|01|CONTRIBUIÇÕES|Entrada|C170|1407|70|0.0000|0.0000|02|Não conferido;01/01/2023;2023;1;1;CONTRIBUIÇÕES;Entrada;C170;1407;70;0,0000;0,0000;2;Não conferido;51; 8.405,37 ; -   ; 8.405,37 ; -   ; -   ; -   ; -   ; -   ; 8.405,37 ; -   ; -   ; -   ; -   
2023|01|CONTRIBUIÇÕES|Entrada|C170|2916|70|0.0000|0.0000|N/A|Não conferido;01/01/2023;2023;1;1;CONTRIBUIÇÕES;Entrada;C170;2916;70;0,0000;0,0000;N/A;Não conferido;2; 19.000,00 ; -   ; 19.000,00 ; -   ; -   ; -   ; -   ; -   ; 19.000,00 ; -   ; -   ; -   ; -   
2023|01|CONTRIBUIÇÕES|Entrada|C170|1916|70|0.0000|0.0000|N/A|Não conferido;01/01/2023;2023;1;1;CONTRIBUIÇÕES;Entrada;C170;1916;70;0,0000;0,0000;N/A;Não conferido;1; 1.500,00 ; -   ; 1.500,00 ; -   ; -   ; -   ; -   ; -   ; 1.500,00 ; -   ; -   ; -   ; -   
2023|01|CONTRIBUIÇÕES|Entrada|C170|1556|70|0.0000|0.0000|02|Não conferido;01/01/2023;2023;1;1;CONTRIBUIÇÕES;Entrada;C170;1556;70;0,0000;0,0000;2;Não conferido;340; 207.904,48 ; 1.952,70 ; 205.951,78 ; 87.704,22 ; 15.273,42 ; -   ; -   ; -   ; 190.678,36 ; -   ; -   ; -   ; -   
2023|01|CONTRIBUIÇÕES|Entrada|C170|2407|51|1.6500|7.6000|02|Não conferido;01/01/2023;2023;1;1;CONTRIBUIÇÕES;Entrada;C170;2407;51;0,0165;0,0760;2;Não conferido;200; 99.501,38 ; 2.144,30 ; 97.357,08 ; 33.752,06 ; 3.800,39 ; -   ; -   ; -   ; 93.556,69 ; 97.357,08 ; 1.606,44 ; 7.399,20 ; 9.005,64 
2023|01|CONTRIBUIÇÕES|Entrada|C170|2407|70|0.0000|0.0000|02|Não conferido;01/01/2023;2023;1;1;CONTRIBUIÇÕES;Entrada;C170;2407;70;0,0000;0,0000;2;Não conferido;8; 1.054,23 ; -   ; 1.054,23 ; -   ; -   ; -   ; -   ; -   ; 1.054,23 ; -   ; -   ; -   ; -   
2023|01|CONTRIBUIÇÕES|Entrada|C170|1653|70|0.0000|0.0000|02|Não conferido;01/01/2023;2023;1;1;CONTRIBUIÇÕES;Entrada;C170;1653;70;0,0000;0,0000;2;Não conferido;9; 6.912,74 ; 194,11 ; 6.718,63 ; 3.400,00 ; 612,00 ; -   ; -   ; -   ; 6.106,63 ; -   ; -   ; -   ; -   
2023|01|CONTRIBUIÇÕES|Entrada|C170|2152|70|0.0000|0.0000|N/A|Não conferido;01/01/2023;2023;1;1;CONTRIBUIÇÕES;Entrada;C170;2152;70;0,0000;0,0000;N/A;Não conferido;5; 43.400,00 ; -   ; 43.400,00 ; -   ; -   ; -   ; -   ; -   ; 43.400,00 ; -   ; -   ; -   ; -   
2023|01|CONTRIBUIÇÕES|Entrada|C170|1407|70|1.6500|7.6000|02|Não conferido;01/01/2023;2023;1;1;CONTRIBUIÇÕES;Entrada;C170;1407;70;0,0165;0,0760;2;Não conferido;2; 7.432,50 ; -   ; 7.432,50 ; -   ; -   ; -   ; -   ; -   ; 7.432,50 ; 7.432,50 ; 122,64 ; 564,87 ; 687,51 
2023|01|CONTRIBUIÇÕES|Entrada|C170|1556|51|1.6500|7.6000|02|Não conferido;01/01/2023;2023;1;1;CONTRIBUIÇÕES;Entrada;C170;1556;51;0,0165;0,0760;2;Não conferido;303; 531.820,77 ; 93,72 ; 531.727,05 ; 436.088,05 ; 78.222,27 ; -   ; -   ; -   ; 453.504,78 ; 531.727,05 ; 8.773,63 ; 40.411,29 ; 49.184,92 
2023|01|CONTRIBUIÇÕES|Entrada|C170|2556|51|1.6500|7.6000|02|Não conferido;01/01/2023;2023;1;1;CONTRIBUIÇÕES;Entrada;C170;2556;51;0,0165;0,0760;2;Não conferido;173; 519.179,51 ; 3.942,47 ; 515.237,04 ; 397.514,13 ; 45.334,61 ; -   ; -   ; -   ; 469.902,43 ; 515.237,04 ; 8.501,43 ; 39.157,99 ; 47.659,42 
2023|01|CONTRIBUIÇÕES|Entrada|C170|1949|70|0.0000|0.0000|N/A|Não conferido;01/01/2023;2023;1;1;CONTRIBUIÇÕES;Entrada;C170;1949;70;0,0000;0,0000;N/A;Não conferido;3; 5.441,59 ; -   ; 5.441,59 ; 5.365,69 ; 965,82 ; -   ; -   ; -   ; 4.475,77 ; -   ; -   ; -   ; -   
2023|01|CONTRIBUIÇÕES|Entrada|C170|2949|70|0.0000|0.0000|N/A|Não conferido;01/01/2023;2023;1;1;CONTRIBUIÇÕES;Entrada;C170;2949;70;0,0000;0,0000;N/A;Não conferido;8; 2.332,85 ; -   ; 2.332,85 ; 2.332,85 ; 279,95 ; -   ; -   ; -   ; 2.052,90 ; -   ; -   ; -   ; -   
2023|01|CONTRIBUIÇÕES|Entrada|C170|1407|51|1.6500|7.6000|02|Não conferido;01/01/2023;2023;1;1;CONTRIBUIÇÕES;Entrada;C170;1407;51;0,0165;0,0760;2;Não conferido;816; 690.548,89 ; 55.795,29 ; 634.753,60 ; -   ; -   ; -   ; -   ; -   ; 634.753,60 ; 634.753,60 ; 10.473,88 ; 48.241,26 ; 58.715,14 
2023|01|CONTRIBUIÇÕES|Entrada|C170|2556|70|0.0000|0.0000|02|Não conferido;01/01/2023;2023;1;1;CONTRIBUIÇÕES;Entrada;C170;2556;70;0,0000;0,0000;2;Não conferido;57; 33.520,50 ; -   ; 33.520,50 ; 6.588,22 ; 1.124,79 ; -   ; -   ; -   ; 32.395,71 ; -   ; -   ; -   ; -   
2023|01|CONTRIBUIÇÕES|Entrada|D100|1353|98|0.0000|0.0000|07|Não conferido;01/01/2023;2023;1;1;CONTRIBUIÇÕES;Entrada;D100;1353;98;0,0000;0,0000;7;Não conferido;2; 72,53 ; -   ; 72,53 ; -   ; 8,70 ; -   ; -   ; -   ; 72,53 ; -   ; -   ; -   ; -   
2023|02|CONTRIBUIÇÕES|Entrada|C170|1407|51|1.6500|7.6000|02|Não conferido;01/02/2023;2023;2;1;CONTRIBUIÇÕES;Entrada;C170;1407;51;0,0165;0,0760;2;Não conferido;87; 95.461,45 ; 8.544,00 ; 86.917,45 ; -   ; -   ; -   ; -   ; -   ; 86.917,45 ; 86.917,45 ; 1.434,23 ; 6.605,71 ; 8.039,94 
2023|02|CONTRIBUIÇÕES|Entrada|C170|1556|51|1.6500|7.6000|02|Não conferido;01/02/2023;2023;2;1;CONTRIBUIÇÕES;Entrada;C170;1556;51;0,0165;0,0760;2;Não conferido;46; 26.788,61 ; 316,53 ; 26.472,08 ; 8.792,67 ; 1.582,68 ; -   ; -   ; -   ; 24.889,40 ; 26.472,08 ; 436,79 ; 2.011,84 ; 2.448,63 
2023|02|CONTRIBUIÇÕES|Entrada|C170|2556|70|0.0000|0.0000|02|Não conferido;01/02/2023;2023;2;1;CONTRIBUIÇÕES;Entrada;C170;2556;70;0,0000;0,0000;2;Não conferido;15; 8.462,98 ; 44,71 ; 8.418,27 ; 1.201,73 ; 210,96 ; -   ; -   ; -   ; 8.207,31 ; -   ; -   ; -   ; -   
2023|02|CONTRIBUIÇÕES|Entrada|C170|2653|51|1.6500|7.6000|02|Não conferido;01/02/2023;2023;2;1;CONTRIBUIÇÕES;Entrada;C170;2653;51;0,0165;0,0760;2;Não conferido;20; 55.206,74 ; -   ; 55.206,74 ; -   ; -   ; -   ; -   ; -   ; 55.206,74 ; 55.206,74 ; 910,91 ; 4.195,73 ; 5.106,64 
2023|02|CONTRIBUIÇÕES|Entrada|C170|2407|70|0.0000|0.0000|02|Não conferido;01/02/2023;2023;2;1;CONTRIBUIÇÕES;Entrada;C170;2407;70;0,0000;0,0000;2;Não conferido;3; 1.312,56 ; -   ; 1.312,56 ; -   ; -   ; -   ; -   ; -   ; 1.312,56 ; -   ; -   ; -   ; -   
2023|02|CONTRIBUIÇÕES|Entrada|C170|2407|51|1.6500|7.6000|02|Não conferido;01/02/2023;2023;2;1;CONTRIBUIÇÕES;Entrada;C170;2407;51;0,0165;0,0760;2;Não conferido;31; 42.535,76 ; 0,01 ; 42.535,75 ; 3.103,40 ; 296,41 ; -   ; -   ; -   ; 42.239,34 ; 42.535,75 ; 701,85 ; 3.232,72 ; 3.934,57 
2023|02|CONTRIBUIÇÕES|Entrada|C170|1556|70|0.0000|0.0000|02|Não conferido;01/02/2023;2023;2;1;CONTRIBUIÇÕES;Entrada;C170;1556;70;0,0000;0,0000;2;Não conferido;83; 19.905,85 ; -   ; 19.905,85 ; 8.176,63 ; 1.420,26 ; -   ; -   ; -   ; 18.485,59 ; -   ; -   ; -   ; -   
2023|02|CONTRIBUIÇÕES|Entrada|C170|2556|51|1.6500|7.6000|02|Não conferido;01/02/2023;2023;2;1;CONTRIBUIÇÕES;Entrada;C170;2556;51;0,0165;0,0760;2;Não conferido;49; 276.848,70 ; 2.241,76 ; 274.606,94 ; 211.786,74 ; 25.460,40 ; -   ; -   ; -   ; 249.146,54 ; 274.606,94 ; 4.531,04 ; 20.870,10 ; 25.401,14 
2023|02|CONTRIBUIÇÕES|Entrada|C170|1653|51|1.6500|7.6000|02|Não conferido;01/02/2023;2023;2;1;CONTRIBUIÇÕES;Entrada;C170;1653;51;0,0165;0,0760;2;Não conferido;3; 734.406,30 ; -   ; 734.406,30 ; -   ; -   ; -   ; -   ; -   ; 734.406,30 ; 734.406,30 ; 12.117,71 ; 55.814,88 ; 67.932,59 
2023|02|CONTRIBUIÇÕES|Entrada|C170|1407|70|0.0000|0.0000|02|Não conferido;01/02/2023;2023;2;1;CONTRIBUIÇÕES;Entrada;C170;1407;70;0,0000;0,0000;2;Não conferido;1; 44,34 ; -   ; 44,34 ; -   ; -   ; -   ; -   ; -   ; 44,34 ; -   ; -   ; -   ; -   
2023|02|CONTRIBUIÇÕES|Entrada|D100|1353|98|0.0000|0.0000|07|Não conferido;01/02/2023;2023;2;1;CONTRIBUIÇÕES;Entrada;D100;1353;98;0,0000;0,0000;7;Não conferido;52; 19.531,79 ; -   ; 19.531,79 ; -   ; 2.343,57 ; -   ; -   ; -   ; 19.531,79 ; -   ; -   ; -   ; -   
2023|03|CONTRIBUIÇÕES|Entrada|C170|1407|70|0.0000|0.0000|02|Não conferido;01/03/2023;2023;3;1;CONTRIBUIÇÕES;Entrada;C170;1407;70;0,0000;0,0000;2;Não conferido;45; 13.217,23 ; -   ; 13.217,23 ; -   ; -   ; -   ; -   ; -   ; 13.217,23 ; -   ; -   ; -   ; -   
2023|03|CONTRIBUIÇÕES|Entrada|C170|2653|51|1.6500|7.6000|02|Não conferido;01/03/2023;2023;3;1;CONTRIBUIÇÕES;Entrada;C170;2653;51;0,0165;0,0760;2;Não conferido;215; 514.056,70 ; 2.800,23 ; 511.256,47 ; -   ; -   ; -   ; -   ; -   ; 511.256,47 ; 511.256,47 ; 8.435,71 ; 38.855,48 ; 47.291,19 
2023|03|CONTRIBUIÇÕES|Entrada|C170|1556|51|1.6500|7.6000|02|Não conferido;01/03/2023;2023;3;1;CONTRIBUIÇÕES;Entrada;C170;1556;51;0,0165;0,0760;2;Não conferido;168; 502.283,08 ; 895,42 ; 501.387,66 ; 463.157,94 ; 83.355,37 ; -   ; -   ; -   ; 418.032,29 ; 501.387,66 ; 8.272,99 ; 38.105,47 ; 46.378,46 
2023|03|CONTRIBUIÇÕES|Entrada|C170|2556|51|1.6500|7.6000|02|Não conferido;01/03/2023;2023;3;1;CONTRIBUIÇÕES;Entrada;C170;2556;51;0,0165;0,0760;2;Não conferido;198; 216.962,12 ; 5.652,01 ; 211.310,11 ; 82.986,78 ; 8.329,82 ; -   ; -   ; -   ; 202.980,29 ; 211.310,11 ; 3.486,67 ; 16.059,52 ; 19.546,19 
2023|03|CONTRIBUIÇÕES|Entrada|C170|2407|70|0.0000|0.0000|02|Não conferido;01/03/2023;2023;3;1;CONTRIBUIÇÕES;Entrada;C170;2407;70;0,0000;0,0000;2;Não conferido;83; 26.399,79 ; 1.386,47 ; 25.013,32 ; 4.457,78 ; 289,52 ; -   ; -   ; -   ; 24.723,80 ; -   ; -   ; -   ; -   
2023|03|CONTRIBUIÇÕES|Entrada|C170|2916|70|0.0000|0.0000|N/A|Não conferido;01/03/2023;2023;3;1;CONTRIBUIÇÕES;Entrada;C170;2916;70;0,0000;0,0000;N/A;Não conferido;18; 31.513,98 ; -   ; 31.513,98 ; -   ; -   ; -   ; -   ; -   ; 31.513,98 ; -   ; -   ; -   ; -   
2023|03|CONTRIBUIÇÕES|Entrada|C170|1949|70|0.0000|0.0000|N/A|Não conferido;01/03/2023;2023;3;1;CONTRIBUIÇÕES;Entrada;C170;1949;70;0,0000;0,0000;N/A;Não conferido;1; 1.592,78 ; -   ; 1.592,78 ; -   ; -   ; -   ; -   ; -   ; 1.592,78 ; -   ; -   ; -   ; -   
2023|03|CONTRIBUIÇÕES|Entrada|C170|2933|51|1.6500|7.6000|03|Não conferido;01/03/2023;2023;3;1;CONTRIBUIÇÕES;Entrada;C170;2933;51;0,0165;0,0760;3;Não conferido;9; 8.850,00 ; 9,00 ; 8.841,00 ; -   ; -   ; -   ; -   ; -   ; 8.841,00 ; 8.841,00 ; 145,89 ; 671,92 ; 817,81 
2023|03|CONTRIBUIÇÕES|Entrada|C170|1653|51|1.6500|7.6000|02|Não conferido;01/03/2023;2023;3;1;CONTRIBUIÇÕES;Entrada;C170;1653;51;0,0165;0,0760;2;Não conferido;19; 1.381.882,62 ; 1.090,73 ; 1.380.791,89 ; -   ; -   ; -   ; -   ; -   ; 1.380.791,89 ; 1.380.791,89 ; 22.783,06 ; 104.940,22 ; 127.723,28 
2023|03|CONTRIBUIÇÕES|Entrada|C170|2653|70|0.0000|0.0000|02|Não conferido;01/03/2023;2023;3;1;CONTRIBUIÇÕES;Entrada;C170;2653;70;0,0000;0,0000;2;Não conferido;3; 1.858,50 ; -   ; 1.858,50 ; -   ; -   ; -   ; -   ; -   ; 1.858,50 ; -   ; -   ; -   ; -   
2023|03|CONTRIBUIÇÕES|Entrada|C170|2552|70|0.0000|0.0000|N/A|Não conferido;01/03/2023;2023;3;1;CONTRIBUIÇÕES;Entrada;C170;2552;70;0,0000;0,0000;N/A;Não conferido;4; 3.400.000,00 ; -   ; 3.400.000,00 ; -   ; -   ; -   ; -   ; -   ; 3.400.000,00 ; -   ; -   ; -   ; -   
2023|03|CONTRIBUIÇÕES|Entrada|C170|1556|70|0.0000|0.0000|02|Não conferido;01/03/2023;2023;3;1;CONTRIBUIÇÕES;Entrada;C170;1556;70;0,0000;0,0000;2;Não conferido;204; 126.828,17 ; 2.022,54 ; 124.805,63 ; 37.894,63 ; 6.392,24 ; -   ; -   ; -   ; 118.413,39 ; -   ; -   ; -   ; -   
2023|03|CONTRIBUIÇÕES|Entrada|C170|1653|70|0.0000|0.0000|02|Não conferido;01/03/2023;2023;3;1;CONTRIBUIÇÕES;Entrada;C170;1653;70;0,0000;0,0000;2;Não conferido;12; 281.595,91 ; -   ; 281.595,91 ; 59.499,81 ; 10.709,97 ; -   ; -   ; -   ; 270.885,94 ; -   ; -   ; -   ; -   
2023|03|CONTRIBUIÇÕES|Entrada|C170|2152|70|0.0000|0.0000|N/A|Não conferido;01/03/2023;2023;3;1;CONTRIBUIÇÕES;Entrada;C170;2152;70;0,0000;0,0000;N/A;Não conferido;8; 20.781,57 ; -   ; 20.781,57 ; -   ; -   ; -   ; -   ; -   ; 20.781,57 ; -   ; -   ; -   ; -   
2023|03|CONTRIBUIÇÕES|Entrada|C170|2407|51|1.6500|7.6000|02|Não conferido;01/03/2023;2023;3;1;CONTRIBUIÇÕES;Entrada;C170;2407;51;0,0165;0,0760;2;Não conferido;104; 78.477,81 ; 1.499,83 ; 76.977,98 ; 22.717,35 ; 2.367,96 ; -   ; -   ; -   ; 74.610,02 ; 76.977,98 ; 1.270,14 ; 5.850,35 ; 7.120,49 
2023|03|CONTRIBUIÇÕES|Entrada|C170|1407|51|1.6500|7.6000|02|Não conferido;01/03/2023;2023;3;1;CONTRIBUIÇÕES;Entrada;C170;1407;51;0,0165;0,0760;2;Não conferido;503; 363.615,33 ; 29.277,52 ; 334.337,81 ; 453,00 ; 81,54 ; -   ; -   ; -   ; 334.256,27 ; 334.337,81 ; 5.516,87 ; 25.409,74 ; 30.926,61 
2023|03|CONTRIBUIÇÕES|Entrada|C170|2556|70|0.0000|0.0000|02|Não conferido;01/03/2023;2023;3;1;CONTRIBUIÇÕES;Entrada;C170;2556;70;0,0000;0,0000;2;Não conferido;45; 23.799,57 ; 41,19 ; 23.758,38 ; 3.712,13 ; 644,53 ; -   ; -   ; -   ; 23.113,85 ; -   ; -   ; -   ; -   
2023|03|CONTRIBUIÇÕES|Entrada|C170|2949|70|0.0000|0.0000|N/A|Não conferido;01/03/2023;2023;3;1;CONTRIBUIÇÕES;Entrada;C170;2949;70;0,0000;0,0000;N/A;Não conferido;3; 12.811,14 ; -   ; 12.811,14 ; 5.811,14 ; 697,34 ; -   ; -   ; -   ; 12.113,80 ; -   ; -   ; -   ; -   
2023|03|CONTRIBUIÇÕES|Entrada|D100|1353|98|0.0000|0.0000|07|Não conferido;01/03/2023;2023;3;1;CONTRIBUIÇÕES;Entrada;D100;1353;98;0,0000;0,0000;7;Não conferido;42; 3.416,77 ; -   ; 3.416,77 ; -   ; 373,99 ; -   ; -   ; -   ; 3.416,77 ; -   ; -   ; -   ; -   
2023|04|CONTRIBUIÇÕES|Entrada|C170|2916|70|0.0000|0.0000|N/A|Não conferido;01/04/2023;2023;4;2;CONTRIBUIÇÕES;Entrada;C170;2916;70;0,0000;0,0000;N/A;Não conferido;20; 9.018,00 ; -   ; 9.018,00 ; -   ; -   ; -   ; -   ; -   ; 9.018,00 ; -   ; -   ; -   ; -   
2023|04|CONTRIBUIÇÕES|Entrada|C170|1653|51|1.6500|7.6000|02|Não conferido;01/04/2023;2023;4;2;CONTRIBUIÇÕES;Entrada;C170;1653;51;0,0165;0,0760;2;Não conferido;17; 1.548.346,99 ; -   ; 1.548.346,99 ; -   ; -   ; -   ; -   ; -   ; 1.548.346,99 ; 1.548.346,99 ; 25.547,73 ; 117.674,37 ; 143.222,10 
2023|04|CONTRIBUIÇÕES|Entrada|C170|2556|70|0.0000|0.0000|02|Não conferido;01/04/2023;2023;4;2;CONTRIBUIÇÕES;Entrada;C170;2556;70;0,0000;0,0000;2;Não conferido;41; 5.392,38 ; 139,62 ; 5.252,76 ; 3.624,38 ; 620,64 ; -   ; -   ; -   ; 4.632,12 ; -   ; -   ; -   ; -   
2023|04|CONTRIBUIÇÕES|Entrada|C170|2407|51|1.6500|7.6000|02|Não conferido;01/04/2023;2023;4;2;CONTRIBUIÇÕES;Entrada;C170;2407;51;0,0165;0,0760;2;Não conferido;72; 25.386,14 ; 312,59 ; 25.073,55 ; 7.473,72 ; 896,85 ; -   ; -   ; -   ; 24.176,70 ; 25.073,55 ; 413,75 ; 1.905,60 ; 2.319,35 
2023|04|CONTRIBUIÇÕES|Entrada|C170|2552|70|0.0000|0.0000|N/A|Não conferido;01/04/2023;2023;4;2;CONTRIBUIÇÕES;Entrada;C170;2552;70;0,0000;0,0000;N/A;Não conferido;1; 100.000,00 ; -   ; 100.000,00 ; 100.000,00 ; 12.000,00 ; -   ; -   ; -   ; 88.000,00 ; -   ; -   ; -   ; -   
2023|04|CONTRIBUIÇÕES|Entrada|C170|1407|51|1.6500|7.6000|02|Não conferido;01/04/2023;2023;4;2;CONTRIBUIÇÕES;Entrada;C170;1407;51;0,0165;0,0760;2;Não conferido;263; 245.265,04 ; 15.927,96 ; 229.337,08 ; 450,00 ; 81,00 ; -   ; -   ; -   ; 229.256,08 ; 229.337,08 ; 3.784,22 ; 17.429,59 ; 21.213,81 
2023|04|CONTRIBUIÇÕES|Entrada|C170|2653|70|0.0000|0.0000|02|Não conferido;01/04/2023;2023;4;2;CONTRIBUIÇÕES;Entrada;C170;2653;70;0,0000;0,0000;2;Não conferido;5; 657,28 ; -   ; 657,28 ; -   ; -   ; -   ; -   ; -   ; 657,28 ; -   ; -   ; -   ; -   
2023|04|CONTRIBUIÇÕES|Entrada|C170|2653|51|1.6500|7.6000|02|Não conferido;01/04/2023;2023;4;2;CONTRIBUIÇÕES;Entrada;C170;2653;51;0,0165;0,0760;2;Não conferido;154; 411.661,45 ; 752,82 ; 410.908,63 ; -   ; -   ; -   ; -   ; -   ; 410.908,63 ; 410.908,63 ; 6.780,00 ; 31.228,98 ; 38.008,98 
2023|04|CONTRIBUIÇÕES|Entrada|C170|1556|70|0.0000|0.0000|02|Não conferido;01/04/2023;2023;4;2;CONTRIBUIÇÕES;Entrada;C170;1556;70;0,0000;0,0000;2;Não conferido;150; 80.328,38 ; 1.218,68 ; 79.109,70 ; 22.624,30 ; 3.779,19 ; -   ; -   ; -   ; 75.330,51 ; -   ; -   ; -   ; -   
2023|04|CONTRIBUIÇÕES|Entrada|C170|1653|70|0.0000|0.0000|02|Não conferido;01/04/2023;2023;4;2;CONTRIBUIÇÕES;Entrada;C170;1653;70;0,0000;0,0000;2;Não conferido;11; 47.245,98 ; 174,31 ; 47.071,67 ; 44.219,67 ; 7.959,54 ; -   ; -   ; -   ; 39.112,13 ; -   ; -   ; -   ; -   
2023|04|CONTRIBUIÇÕES|Entrada|C170|1407|70|0.0000|0.0000|02|Não conferido;01/04/2023;2023;4;2;CONTRIBUIÇÕES;Entrada;C170;1407;70;0,0000;0,0000;2;Não conferido;5; 471,21 ; -   ; 471,21 ; -   ; -   ; -   ; -   ; -   ; 471,21 ; -   ; -   ; -   ; -   
2023|04|CONTRIBUIÇÕES|Entrada|C170|2556|51|1.6500|7.6000|02|Não conferido;01/04/2023;2023;4;2;CONTRIBUIÇÕES;Entrada;C170;2556;51;0,0165;0,0760;2;Não conferido;180; 268.359,19 ; 5.181,07 ; 263.178,12 ; 42.515,23 ; 4.893,53 ; -   ; -   ; -   ; 258.284,59 ; 263.178,12 ; 4.342,47 ; 20.001,53 ; 24.344,00 
2023|04|CONTRIBUIÇÕES|Entrada|C170|2407|70|0.0000|0.0000|02|Não conferido;01/04/2023;2023;4;2;CONTRIBUIÇÕES;Entrada;C170;2407;70;0,0000;0,0000;2;Não conferido;43; 8.351,57 ; 49,46 ; 8.302,11 ; -   ; -   ; -   ; -   ; -   ; 8.302,11 ; -   ; -   ; -   ; -   
2023|04|CONTRIBUIÇÕES|Entrada|C170|1556|51|1.6500|7.6000|02|Não conferido;01/04/2023;2023;4;2;CONTRIBUIÇÕES;Entrada;C170;1556;51;0,0165;0,0760;2;Não conferido;150; 460.012,85 ; 253,13 ; 459.759,72 ; 379.386,37 ; 68.216,08 ; -   ; -   ; -   ; 391.543,64 ; 459.759,72 ; 7.586,09 ; 34.941,73 ; 42.527,82 
2023|04|CONTRIBUIÇÕES|Entrada|C170|2949|70|0.0000|0.0000|N/A|Não conferido;01/04/2023;2023;4;2;CONTRIBUIÇÕES;Entrada;C170;2949;70;0,0000;0,0000;N/A;Não conferido;2; 6.342,58 ; -   ; 6.342,58 ; -   ; -   ; -   ; -   ; -   ; 6.342,58 ; -   ; -   ; -   ; -   
2023|04|CONTRIBUIÇÕES|Entrada|D100|1353|98|0.0000|0.0000|07|Não conferido;01/04/2023;2023;4;2;CONTRIBUIÇÕES;Entrada;D100;1353;98;0,0000;0,0000;7;Não conferido;10; 587,51 ; -   ; 587,51 ; -   ; 70,50 ; -   ; -   ; -   ; 587,51 ; -   ; -   ; -   ; -   
2023|05|CONTRIBUIÇÕES|Entrada|C170|1407|70|0.0000|0.0000|02|Não conferido;01/05/2023;2023;5;2;CONTRIBUIÇÕES;Entrada;C170;1407;70;0,0000;0,0000;2;Não conferido;28; 4.994,21 ; -   ; 4.994,21 ; -   ; -   ; -   ; -   ; -   ; 4.994,21 ; -   ; -   ; -   ; -   
2023|05|CONTRIBUIÇÕES|Entrada|C170|1407|51|1.6500|7.6000|02|Não conferido;01/05/2023;2023;5;2;CONTRIBUIÇÕES;Entrada;C170;1407;51;0,0165;0,0760;2;Não conferido;424; 436.023,56 ; 35.597,55 ; 400.426,01 ; -   ; -   ; -   ; -   ; -   ; 400.426,01 ; 400.426,01 ; 6.607,25 ; 30.432,30 ; 37.039,55 
2023|05|CONTRIBUIÇÕES|Entrada|C170|1556|70|0.0000|0.0000|02|Não conferido;01/05/2023;2023;5;2;CONTRIBUIÇÕES;Entrada;C170;1556;70;0,0000;0,0000;2;Não conferido;278; 91.012,84 ; 1.538,86 ; 89.473,98 ; 33.637,13 ; 5.788,72 ; -   ; -   ; -   ; 83.685,26 ; -   ; -   ; -   ; -   
2023|05|CONTRIBUIÇÕES|Entrada|C170|1556|51|1.6500|7.6000|02|Não conferido;01/05/2023;2023;5;2;CONTRIBUIÇÕES;Entrada;C170;1556;51;0,0165;0,0760;2;Não conferido;183; 213.500,57 ; 862,26 ; 212.638,31 ; 34.377,14 ; 6.153,22 ; -   ; -   ; -   ; 206.485,09 ; 212.638,31 ; 3.508,61 ; 16.160,50 ; 19.669,11 
2023|05|CONTRIBUIÇÕES|Entrada|C170|1653|70|0.0000|0.0000|02|Não conferido;01/05/2023;2023;5;2;CONTRIBUIÇÕES;Entrada;C170;1653;70;0,0000;0,0000;2;Não conferido;16; 54.920,49 ; 60,83 ; 54.859,66 ; 48.395,17 ; 8.711,13 ; -   ; -   ; -   ; 46.148,53 ; -   ; -   ; -   ; -   
2023|05|CONTRIBUIÇÕES|Entrada|C170|2556|70|0.0000|0.0000|02|Não conferido;01/05/2023;2023;5;2;CONTRIBUIÇÕES;Entrada;C170;2556;70;0,0000;0,0000;2;Não conferido;37; 17.432,39 ; 3,52 ; 17.428,87 ; 4.036,97 ; 634,30 ; -   ; -   ; -   ; 16.794,57 ; -   ; -   ; -   ; -   
2023|05|CONTRIBUIÇÕES|Entrada|C170|2916|70|0.0000|0.0000|N/A|Não conferido;01/05/2023;2023;5;2;CONTRIBUIÇÕES;Entrada;C170;2916;70;0,0000;0,0000;N/A;Não conferido;77; 22.740,00 ; -   ; 22.740,00 ; -   ; -   ; -   ; -   ; -   ; 22.740,00 ; -   ; -   ; -   ; -   
2023|05|CONTRIBUIÇÕES|Entrada|C170|2407|70|0.0000|0.0000|02|Não conferido;01/05/2023;2023;5;2;CONTRIBUIÇÕES;Entrada;C170;2407;70;0,0000;0,0000;2;Não conferido;46; 17.475,75 ; 1.666,01 ; 15.809,74 ; -   ; -   ; -   ; -   ; -   ; 15.809,74 ; -   ; -   ; -   ; -   
2023|05|CONTRIBUIÇÕES|Entrada|C170|2653|51|1.6500|7.6000|02|Não conferido;01/05/2023;2023;5;2;CONTRIBUIÇÕES;Entrada;C170;2653;51;0,0165;0,0760;2;Não conferido;275; 564.421,69 ; 544,95 ; 563.876,74 ; -   ; -   ; -   ; -   ; -   ; 563.876,74 ; 563.876,74 ; 9.304,02 ; 42.854,67 ; 52.158,69 
2023|05|CONTRIBUIÇÕES|Entrada|C170|1949|70|0.0000|0.0000|N/A|Não conferido;01/05/2023;2023;5;2;CONTRIBUIÇÕES;Entrada;C170;1949;70;0,0000;0,0000;N/A;Não conferido;5; 6.123,68 ; -   ; 6.123,68 ; 5.563,96 ; 1.001,51 ; -   ; -   ; -   ; 5.122,17 ; -   ; -   ; -   ; -   
2023|05|CONTRIBUIÇÕES|Entrada|C170|2933|51|1.6500|7.6000|03|Não conferido;01/05/2023;2023;5;2;CONTRIBUIÇÕES;Entrada;C170;2933;51;0,0165;0,0760;3;Não conferido;1; 1.450,00 ; -   ; 1.450,00 ; -   ; -   ; -   ; -   ; -   ; 1.450,00 ; 1.450,00 ; 23,93 ; 110,20 ; 134,13 
2023|05|CONTRIBUIÇÕES|Entrada|C170|2933|70|0.0000|0.0000|03|Não conferido;01/05/2023;2023;5;2;CONTRIBUIÇÕES;Entrada;C170;2933;70;0,0000;0,0000;3;Não conferido;2; 3.400,00 ; -   ; 3.400,00 ; -   ; -   ; -   ; -   ; -   ; 3.400,00 ; -   ; -   ; -   ; -   
2023|05|CONTRIBUIÇÕES|Entrada|C170|2552|70|0.0000|0.0000|N/A|Não conferido;01/05/2023;2023;5;2;CONTRIBUIÇÕES;Entrada;C170;2552;70;0,0000;0,0000;N/A;Não conferido;2; 200.000,00 ; -   ; 200.000,00 ; 200.000,00 ; 24.000,00 ; -   ; -   ; -   ; 176.000,00 ; -   ; -   ; -   ; -   
2023|05|CONTRIBUIÇÕES|Entrada|C170|2407|51|1.6500|7.6000|02|Não conferido;01/05/2023;2023;5;2;CONTRIBUIÇÕES;Entrada;C170;2407;51;0,0165;0,0760;2;Não conferido;121; 50.918,30 ; 1.299,07 ; 49.619,23 ; 16.540,16 ; 1.578,77 ; -   ; -   ; -   ; 48.040,46 ; 49.619,23 ; 818,72 ; 3.771,05 ; 4.589,77 
2023|05|CONTRIBUIÇÕES|Entrada|C170|1653|51|1.6500|7.6000|02|Não conferido;01/05/2023;2023;5;2;CONTRIBUIÇÕES;Entrada;C170;1653;51;0,0165;0,0760;2;Não conferido;27; 66.820,61 ; 242,01 ; 66.578,60 ; -   ; -   ; -   ; -   ; -   ; 66.578,60 ; 66.578,60 ; 1.098,54 ; 5.059,96 ; 6.158,50 
2023|05|CONTRIBUIÇÕES|Entrada|C170|2556|51|1.6500|7.6000|02|Não conferido;01/05/2023;2023;5;2;CONTRIBUIÇÕES;Entrada;C170;2556;51;0,0165;0,0760;2;Não conferido;281; 295.296,63 ; 20.682,95 ; 274.613,68 ; 67.632,04 ; 7.784,04 ; -   ; -   ; -   ; 266.829,64 ; 274.613,68 ; 4.531,20 ; 20.870,65 ; 25.401,85 
2023|05|CONTRIBUIÇÕES|Entrada|C170|2653|70|0.0000|0.0000|02|Não conferido;01/05/2023;2023;5;2;CONTRIBUIÇÕES;Entrada;C170;2653;70;0,0000;0,0000;2;Não conferido;2; 1.729,60 ; -   ; 1.729,60 ; -   ; -   ; -   ; -   ; -   ; 1.729,60 ; -   ; -   ; -   ; -   
2023|06|CONTRIBUIÇÕES|Entrada|C170|1407|51|1.6500|7.6000|02|Não conferido;01/06/2023;2023;6;2;CONTRIBUIÇÕES;Entrada;C170;1407;51;0,0165;0,0760;2;Não conferido;364; 248.302,34 ; 15.333,46 ; 232.968,88 ; -   ; -   ; -   ; -   ; -   ; 232.968,88 ; 232.968,88 ; 3.844,10 ; 17.705,75 ; 21.549,85 
2023|06|CONTRIBUIÇÕES|Entrada|C170|2556|51|1.6500|7.6000|02|Não conferido;01/06/2023;2023;6;2;CONTRIBUIÇÕES;Entrada;C170;2556;51;0,0165;0,0760;2;Não conferido;186; 229.146,06 ; 25.330,34 ; 203.815,72 ; 36.555,11 ; 3.819,65 ; -   ; -   ; -   ; 199.996,07 ; 203.815,72 ; 3.363,02 ; 15.489,98 ; 18.853,00 
2023|06|CONTRIBUIÇÕES|Entrada|C170|1916|70|0.0000|0.0000|N/A|Não conferido;01/06/2023;2023;6;2;CONTRIBUIÇÕES;Entrada;C170;1916;70;0,0000;0,0000;N/A;Não conferido;93; 93,00 ; -   ; 93,00 ; -   ; -   ; -   ; -   ; -   ; 93,00 ; -   ; -   ; -   ; -   
2023|06|CONTRIBUIÇÕES|Entrada|C170|2653|51|1.6500|7.6000|02|Não conferido;01/06/2023;2023;6;2;CONTRIBUIÇÕES;Entrada;C170;2653;51;0,0165;0,0760;2;Não conferido;106; 230.326,55 ; -   ; 230.326,55 ; -   ; -   ; -   ; -   ; -   ; 230.326,55 ; 230.326,55 ; 3.800,35 ; 17.504,80 ; 21.305,15 
2023|06|CONTRIBUIÇÕES|Entrada|C170|2933|70|0.0000|0.0000|03|Não conferido;01/06/2023;2023;6;2;CONTRIBUIÇÕES;Entrada;C170;2933;70;0,0000;0,0000;3;Não conferido;2; 1.800,00 ; -   ; 1.800,00 ; -   ; -   ; -   ; -   ; -   ; 1.800,00 ; -   ; -   ; -   ; -   
2023|06|CONTRIBUIÇÕES|Entrada|C170|2556|70|0.0000|0.0000|02|Não conferido;01/06/2023;2023;6;2;CONTRIBUIÇÕES;Entrada;C170;2556;70;0,0000;0,0000;2;Não conferido;8; 4.407,28 ; -   ; 4.407,28 ; 2.132,38 ; 362,52 ; -   ; -   ; -   ; 4.044,76 ; -   ; -   ; -   ; -   
2023|06|CONTRIBUIÇÕES|Entrada|C170|1653|70|0.0000|0.0000|02|Não conferido;01/06/2023;2023;6;2;CONTRIBUIÇÕES;Entrada;C170;1653;70;0,0000;0,0000;2;Não conferido;9; 49.343,08 ; 130,14 ; 49.212,94 ; 47.475,00 ; 8.545,50 ; -   ; -   ; -   ; 40.667,44 ; -   ; -   ; -   ; -   
2023|06|CONTRIBUIÇÕES|Entrada|C170|2407|51|1.6500|7.6000|02|Não conferido;01/06/2023;2023;6;2;CONTRIBUIÇÕES;Entrada;C170;2407;51;0,0165;0,0760;2;Não conferido;33; 27.670,37 ; 286,91 ; 27.383,46 ; 8.690,64 ; 1.042,88 ; -   ; -   ; -   ; 26.340,58 ; 27.383,46 ; 451,83 ; 2.081,12 ; 2.532,95 
2023|06|CONTRIBUIÇÕES|Entrada|C170|1407|70|0.0000|0.0000|02|Não conferido;01/06/2023;2023;6;2;CONTRIBUIÇÕES;Entrada;C170;1407;70;0,0000;0,0000;2;Não conferido;24; 4.584,52 ; -   ; 4.584,52 ; -   ; -   ; -   ; -   ; -   ; 4.584,52 ; -   ; -   ; -   ; -   
2023|06|CONTRIBUIÇÕES|Entrada|C170|1556|70|0.0000|0.0000|02|Não conferido;01/06/2023;2023;6;2;CONTRIBUIÇÕES;Entrada;C170;1556;70;0,0000;0,0000;2;Não conferido;218; 54.059,45 ; 1.602,55 ; 52.456,90 ; 31.579,27 ; 5.583,11 ; -   ; -   ; -   ; 46.873,79 ; -   ; -   ; -   ; -   
2023|06|CONTRIBUIÇÕES|Entrada|C170|1556|51|1.6500|7.6000|02|Não conferido;01/06/2023;2023;6;2;CONTRIBUIÇÕES;Entrada;C170;1556;51;0,0165;0,0760;2;Não conferido;62; 76.895,23 ; 180,71 ; 76.714,52 ; 11.044,70 ; 1.922,06 ; -   ; -   ; -   ; 74.792,46 ; 76.714,52 ; 1.265,81 ; 5.830,32 ; 7.096,13 
2023|06|CONTRIBUIÇÕES|Entrada|C170|1653|51|1.6500|7.6000|02|Não conferido;01/06/2023;2023;6;2;CONTRIBUIÇÕES;Entrada;C170;1653;51;0,0165;0,0760;2;Não conferido;23; 56.531,65 ; -   ; 56.531,65 ; 9.427,49 ; -   ; -   ; -   ; -   ; 56.531,65 ; 56.531,65 ; 932,79 ; 4.296,40 ; 5.229,19 
2023|06|CONTRIBUIÇÕES|Entrada|D100|1353|98|0.0000|0.0000|07|Não conferido;01/06/2023;2023;6;2;CONTRIBUIÇÕES;Entrada;D100;1353;98;0,0000;0,0000;7;Não conferido;19; 3.178,47 ; -   ; 3.178,47 ; -   ; 381,41 ; -   ; -   ; -   ; 3.178,47 ; -   ; -   ; -   ; -   
2023|06|CONTRIBUIÇÕES|Saída|D200|6352|-|0.0000|0.0000|N/A|Não conferido;01/06/2023;2023;6;2;CONTRIBUIÇÕES;Saída;D200;6352;-;0,0000;0,0000;N/A;Não conferido;54; 3.171.473,11 ; -   ; 3.171.473,11 ; -   ; -   ; -   ; -   ; -   ; 3.171.473,11 ; -   ; -   ; -   ; -   
2023|06|CONTRIBUIÇÕES|Saída|D200|6353|-|0.0000|0.0000|N/A|Não conferido;01/06/2023;2023;6;2;CONTRIBUIÇÕES;Saída;D200;6353;-;0,0000;0,0000;N/A;Não conferido;12; 635.103,26 ; -   ; 635.103,26 ; -   ; -   ; -   ; -   ; -   ; 635.103,26 ; -   ; -   ; -   ; -   
2023|06|CONTRIBUIÇÕES|Saída|D200|5352|-|0.0000|0.0000|N/A|Não conferido;01/06/2023;2023;6;2;CONTRIBUIÇÕES;Saída;D200;5352;-;0,0000;0,0000;N/A;Não conferido;13; 384.728,86 ; -   ; 384.728,86 ; -   ; -   ; -   ; -   ; -   ; 384.728,86 ; -   ; -   ; -   ; -   
2023|06|CONTRIBUIÇÕES|Saída|D200|6932|-|0.0000|0.0000|N/A|Não conferido;01/06/2023;2023;6;2;CONTRIBUIÇÕES;Saída;D200;6932;-;0,0000;0,0000;N/A;Não conferido;1; 33.600,00 ; -   ; 33.600,00 ; -   ; -   ; -   ; -   ; -   ; 33.600,00 ; -   ; -   ; -   ; -   
2023|07|CONTRIBUIÇÕES|Entrada|C170|2407|51|1.6500|7.6000|02|Não conferido;01/07/2023;2023;7;3;CONTRIBUIÇÕES;Entrada;C170;2407;51;0,0165;0,0760;2;Não conferido;55; 43.209,01 ; 973,75 ; 42.235,26 ; 7.462,64 ; 829,45 ; -   ; -   ; -   ; 41.405,81 ; 42.235,26 ; 696,88 ; 3.209,87 ; 3.906,75 
2023|07|CONTRIBUIÇÕES|Entrada|C170|2556|70|0.0000|0.0000|02|Não conferido;01/07/2023;2023;7;3;CONTRIBUIÇÕES;Entrada;C170;2556;70;0,0000;0,0000;2;Não conferido;6; 1.380,65 ; -   ; 1.380,65 ; 579,98 ; 98,60 ; -   ; -   ; -   ; 1.282,05 ; -   ; -   ; -   ; -   
2023|07|CONTRIBUIÇÕES|Entrada|C170|1407|70|0.0000|0.0000|02|Não conferido;01/07/2023;2023;7;3;CONTRIBUIÇÕES;Entrada;C170;1407;70;0,0000;0,0000;2;Não conferido;6; 909,48 ; -   ; 909,48 ; -   ; -   ; -   ; -   ; -   ; 909,48 ; -   ; -   ; -   ; -   
2023|07|CONTRIBUIÇÕES|Entrada|C170|1556|70|0.0000|0.0000|02|Não conferido;01/07/2023;2023;7;3;CONTRIBUIÇÕES;Entrada;C170;1556;70;0,0000;0,0000;2;Não conferido;173; 65.063,55 ; 2.835,58 ; 62.227,97 ; 15.746,23 ; 2.622,99 ; -   ; -   ; -   ; 59.604,98 ; -   ; -   ; -   ; -   
2023|07|CONTRIBUIÇÕES|Entrada|C170|1916|70|0.0000|0.0000|N/A|Não conferido;01/07/2023;2023;7;3;CONTRIBUIÇÕES;Entrada;C170;1916;70;0,0000;0,0000;N/A;Não conferido;33; 33,00 ; -   ; 33,00 ; -   ; -   ; -   ; -   ; -   ; 33,00 ; -   ; -   ; -   ; -   
2023|07|CONTRIBUIÇÕES|Entrada|C170|1407|51|1.6500|7.6000|02|Não conferido;01/07/2023;2023;7;3;CONTRIBUIÇÕES;Entrada;C170;1407;51;0,0165;0,0760;2;Não conferido;209; 178.013,73 ; 7.724,64 ; 170.289,09 ; -   ; -   ; -   ; -   ; -   ; 170.289,09 ; 170.289,09 ; 2.809,90 ; 12.942,02 ; 15.751,92 
2023|07|CONTRIBUIÇÕES|Entrada|C170|2407|70|0.0000|0.0000|02|Não conferido;01/07/2023;2023;7;3;CONTRIBUIÇÕES;Entrada;C170;2407;70;0,0000;0,0000;2;Não conferido;7; 142,43 ; -   ; 142,43 ; -   ; -   ; -   ; -   ; -   ; 142,43 ; -   ; -   ; -   ; -   
2023|07|CONTRIBUIÇÕES|Entrada|C170|1949|70|0.0000|0.0000|N/A|Não conferido;01/07/2023;2023;7;3;CONTRIBUIÇÕES;Entrada;C170;1949;70;0,0000;0,0000;N/A;Não conferido;7; 34.180,01 ; -   ; 34.180,01 ; 2.680,01 ; 482,41 ; -   ; -   ; -   ; 33.697,60 ; -   ; -   ; -   ; -   
2023|07|CONTRIBUIÇÕES|Entrada|C170|2949|70|0.0000|0.0000|N/A|Não conferido;01/07/2023;2023;7;3;CONTRIBUIÇÕES;Entrada;C170;2949;70;0,0000;0,0000;N/A;Não conferido;2; 5.369,80 ; -   ; 5.369,80 ; 5.369,80 ; 644,38 ; -   ; -   ; -   ; 4.725,42 ; -   ; -   ; -   ; -   
2023|07|CONTRIBUIÇÕES|Entrada|C170|2949|98|0.0000|0.0000|N/A|Não conferido;01/07/2023;2023;7;3;CONTRIBUIÇÕES;Entrada;C170;2949;98;0,0000;0,0000;N/A;Não conferido;2; 1.858,56 ; -   ; 1.858,56 ; 1.858,56 ; 223,03 ; -   ; -   ; -   ; 1.635,53 ; -   ; -   ; -   ; -   
2023|07|CONTRIBUIÇÕES|Entrada|C170|1653|51|1.6500|7.6000|02|Não conferido;01/07/2023;2023;7;3;CONTRIBUIÇÕES;Entrada;C170;1653;51;0,0165;0,0760;2;Não conferido;87; 868.540,15 ; 1.812,06 ; 866.728,09 ; 27.274,38 ; 8,61 ; -   ; -   ; -   ; 866.719,48 ; 866.728,09 ; 14.301,00 ; 65.871,36 ; 80.172,36 
2023|07|CONTRIBUIÇÕES|Entrada|C170|1556|51|1.6500|7.6000|02|Não conferido;01/07/2023;2023;7;3;CONTRIBUIÇÕES;Entrada;C170;1556;51;0,0165;0,0760;2;Não conferido;124; 114.967,73 ; 0,77 ; 114.966,96 ; 22.863,67 ; 4.108,22 ; -   ; -   ; -   ; 110.858,74 ; 114.966,96 ; 1.897,02 ; 8.737,48 ; 10.634,50 
2023|07|CONTRIBUIÇÕES|Entrada|C170|1653|70|0.0000|0.0000|02|Não conferido;01/07/2023;2023;7;3;CONTRIBUIÇÕES;Entrada;C170;1653;70;0,0000;0,0000;2;Não conferido;13; 46.052,65 ; 30,41 ; 46.022,24 ; 45.061,44 ; 7.591,50 ; -   ; -   ; -   ; 38.430,74 ; -   ; -   ; -   ; -   
2023|07|CONTRIBUIÇÕES|Entrada|C170|2556|51|1.6500|7.6000|02|Não conferido;01/07/2023;2023;7;3;CONTRIBUIÇÕES;Entrada;C170;2556;51;0,0165;0,0760;2;Não conferido;123; 160.115,14 ; 29.998,55 ; 130.116,59 ; 9.659,96 ; 1.438,83 ; -   ; -   ; -   ; 128.677,76 ; 130.116,59 ; 2.146,96 ; 9.888,85 ; 12.035,81 
2023|07|CONTRIBUIÇÕES|Entrada|C170|2653|51|1.6500|7.6000|02|Não conferido;01/07/2023;2023;7;3;CONTRIBUIÇÕES;Entrada;C170;2653;51;0,0165;0,0760;2;Não conferido;144; 248.936,54 ; 5.546,25 ; 243.390,29 ; 418,64 ; 50,50 ; -   ; -   ; -   ; 243.339,79 ; 243.390,29 ; 4.016,01 ; 18.497,61 ; 22.513,62 
2023|07|CONTRIBUIÇÕES|Entrada|C170|2653|70|0.0000|0.0000|02|Não conferido;01/07/2023;2023;7;3;CONTRIBUIÇÕES;Entrada;C170;2653;70;0,0000;0,0000;2;Não conferido;2; 1.034,98 ; -   ; 1.034,98 ; -   ; -   ; -   ; -   ; -   ; 1.034,98 ; -   ; -   ; -   ; -   
2023|07|CONTRIBUIÇÕES|Entrada|D100|1353|98|0.0000|0.0000|07|Não conferido;01/07/2023;2023;7;3;CONTRIBUIÇÕES;Entrada;D100;1353;98;0,0000;0,0000;7;Não conferido;10; 704,05 ; -   ; 704,05 ; -   ; 84,48 ; -   ; -   ; -   ; 704,05 ; -   ; -   ; -   ; -   
2023|07|CONTRIBUIÇÕES|Saída|D200|6353|-|0.0000|0.0000|N/A|Não conferido;01/07/2023;2023;7;3;CONTRIBUIÇÕES;Saída;D200;6353;-;0,0000;0,0000;N/A;Não conferido;5; 232.797,01 ; -   ; 232.797,01 ; -   ; -   ; -   ; -   ; -   ; 232.797,01 ; -   ; -   ; -   ; -   
2023|07|CONTRIBUIÇÕES|Saída|D200|6352|-|0.0000|0.0000|N/A|Não conferido;01/07/2023;2023;7;3;CONTRIBUIÇÕES;Saída;D200;6352;-;0,0000;0,0000;N/A;Não conferido;37; 2.663.162,92 ; -   ; 2.663.162,92 ; -   ; -   ; -   ; -   ; -   ; 2.663.162,92 ; -   ; -   ; -   ; -   
2023|07|CONTRIBUIÇÕES|Saída|D200|6932|-|0.0000|0.0000|N/A|Não conferido;01/07/2023;2023;7;3;CONTRIBUIÇÕES;Saída;D200;6932;-;0,0000;0,0000;N/A;Não conferido;9; 597.046,47 ; -   ; 597.046,47 ; -   ; -   ; -   ; -   ; -   ; 597.046,47 ; -   ; -   ; -   ; -   
2023|07|CONTRIBUIÇÕES|Saída|D200|5352|-|0.0000|0.0000|N/A|Não conferido;01/07/2023;2023;7;3;CONTRIBUIÇÕES;Saída;D200;5352;-;0,0000;0,0000;N/A;Não conferido;33; 6.602.996,62 ; -   ; 6.602.996,62 ; -   ; -   ; -   ; -   ; -   ; 6.602.996,62 ; -   ; -   ; -   ; -   
2023|07|CONTRIBUIÇÕES|Saída|D200|5932|-|0.0000|0.0000|N/A|Não conferido;01/07/2023;2023;7;3;CONTRIBUIÇÕES;Saída;D200;5932;-;0,0000;0,0000;N/A;Não conferido;8; 302.719,46 ; -   ; 302.719,46 ; -   ; -   ; -   ; -   ; -   ; 302.719,46 ; -   ; -   ; -   ; -   
2023|08|CONTRIBUIÇÕES|Entrada|C170|2556|51|1.6500|7.6000|02|Não conferido;01/08/2023;2023;8;3;CONTRIBUIÇÕES;Entrada;C170;2556;51;0,0165;0,0760;2;Não conferido;42; 66.534,25 ; 11.224,88 ; 55.309,37 ; 2.927,18 ; 411,32 ; -   ; -   ; -   ; 54.898,05 ; 55.309,37 ; 912,60 ; 4.203,51 ; 5.116,11 
2023|08|CONTRIBUIÇÕES|Entrada|C170|1653|51|1.6500|7.6000|02|Não conferido;01/08/2023;2023;8;3;CONTRIBUIÇÕES;Entrada;C170;1653;51;0,0165;0,0760;2;Não conferido;21; 214.690,02 ; -   ; 214.690,02 ; 2.624,14 ; -   ; -   ; -   ; -   ; 214.690,02 ; 214.690,02 ; 3.542,39 ; 16.316,45 ; 19.858,84 
2023|08|CONTRIBUIÇÕES|Entrada|C170|1925|98|0.0000|0.0000|N/A|Não conferido;01/08/2023;2023;8;3;CONTRIBUIÇÕES;Entrada;C170;1925;98;0,0000;0,0000;N/A;Não conferido;1; 126.459,86 ; -   ; 126.459,86 ; -   ; -   ; -   ; -   ; -   ; 126.459,86 ; -   ; -   ; -   ; -   
2023|08|CONTRIBUIÇÕES|Entrada|C170|1407|51|1.6500|7.6000|02|Não conferido;01/08/2023;2023;8;3;CONTRIBUIÇÕES;Entrada;C170;1407;51;0,0165;0,0760;2;Não conferido;18; 32.491,67 ; 3.129,89 ; 29.361,78 ; -   ; -   ; -   ; -   ; -   ; 29.361,78 ; 29.361,78 ; 484,47 ; 2.231,51 ; 2.715,98 
2023|08|CONTRIBUIÇÕES|Entrada|C170|2653|51|1.6500|7.6000|02|Não conferido;01/08/2023;2023;8;3;CONTRIBUIÇÕES;Entrada;C170;2653;51;0,0165;0,0760;2;Não conferido;15; 28.209,60 ; -   ; 28.209,60 ; -   ; -   ; -   ; -   ; -   ; 28.209,60 ; 28.209,60 ; 465,47 ; 2.143,94 ; 2.609,41 
2023|08|CONTRIBUIÇÕES|Entrada|C170|2556|70|0.0000|0.0000|02|Não conferido;01/08/2023;2023;8;3;CONTRIBUIÇÕES;Entrada;C170;2556;70;0,0000;0,0000;2;Não conferido;145; 235.452,34 ; -   ; 235.452,34 ; 235.452,34 ; 28.254,31 ; -   ; -   ; -   ; 207.198,03 ; -   ; -   ; -   ; -   
2023|08|CONTRIBUIÇÕES|Entrada|C170|2653|70|0.0000|0.0000|02|Não conferido;01/08/2023;2023;8;3;CONTRIBUIÇÕES;Entrada;C170;2653;70;0,0000;0,0000;2;Não conferido;1; 519,24 ; -   ; 519,24 ; 519,24 ; -   ; -   ; -   ; -   ; 519,24 ; -   ; -   ; -   ; -   
2023|08|CONTRIBUIÇÕES|Entrada|C170|2407|51|1.6500|7.6000|02|Não conferido;01/08/2023;2023;8;3;CONTRIBUIÇÕES;Entrada;C170;2407;51;0,0165;0,0760;2;Não conferido;24; 16.510,07 ; 627,32 ; 15.882,75 ; 34,70 ; 4,16 ; -   ; -   ; -   ; 15.878,59 ; 15.882,75 ; 262,08 ; 1.207,09 ; 1.469,17 
2023|08|CONTRIBUIÇÕES|Entrada|C170|1407|70|0.0000|0.0000|02|Não conferido;01/08/2023;2023;8;3;CONTRIBUIÇÕES;Entrada;C170;1407;70;0,0000;0,0000;2;Não conferido;7; 1.058,71 ; -   ; 1.058,71 ; -   ; -   ; -   ; -   ; -   ; 1.058,71 ; -   ; -   ; -   ; -   
2023|08|CONTRIBUIÇÕES|Entrada|C170|1916|70|0.0000|0.0000|N/A|Não conferido;01/08/2023;2023;8;3;CONTRIBUIÇÕES;Entrada;C170;1916;70;0,0000;0,0000;N/A;Não conferido;1; 1,00 ; -   ; 1,00 ; -   ; -   ; -   ; -   ; -   ; 1,00 ; -   ; -   ; -   ; -   
2023|08|CONTRIBUIÇÕES|Entrada|C170|1949|70|0.0000|0.0000|N/A|Não conferido;01/08/2023;2023;8;3;CONTRIBUIÇÕES;Entrada;C170;1949;70;0,0000;0,0000;N/A;Não conferido;6; 7.545,88 ; -   ; 7.545,88 ; 1.779,74 ; 320,35 ; -   ; -   ; -   ; 7.225,53 ; -   ; -   ; -   ; -   
2023|08|CONTRIBUIÇÕES|Entrada|C170|1556|51|1.6500|7.6000|02|Não conferido;01/08/2023;2023;8;3;CONTRIBUIÇÕES;Entrada;C170;1556;51;0,0165;0,0760;2;Não conferido;43; 45.272,39 ; 377,99 ; 44.894,40 ; 2.152,86 ; 387,51 ; -   ; -   ; -   ; 44.506,89 ; 44.894,40 ; 740,75 ; 3.411,98 ; 4.152,73 
2023|08|CONTRIBUIÇÕES|Entrada|C170|1556|70|0.0000|0.0000|02|Não conferido;01/08/2023;2023;8;3;CONTRIBUIÇÕES;Entrada;C170;1556;70;0,0000;0,0000;2;Não conferido;54; 28.934,31 ; 192,00 ; 28.742,31 ; 2.048,30 ; 315,96 ; -   ; -   ; -   ; 28.426,35 ; -   ; -   ; -   ; -   
2023|08|CONTRIBUIÇÕES|Entrada|D100|1353|98|0.0000|0.0000|07|Não conferido;01/08/2023;2023;8;3;CONTRIBUIÇÕES;Entrada;D100;1353;98;0,0000;0,0000;7;Não conferido;2; 124,68 ; -   ; 124,68 ; -   ; 17,75 ; -   ; -   ; -   ; 124,68 ; -   ; -   ; -   ; -   
2023|08|CONTRIBUIÇÕES|Saída|D200|6932|-|0.0000|0.0000|N/A|Não conferido;01/08/2023;2023;8;3;CONTRIBUIÇÕES;Saída;D200;6932;-;0,0000;0,0000;N/A;Não conferido;6; 497.442,55 ; -   ; 497.442,55 ; -   ; -   ; -   ; -   ; -   ; 497.442,55 ; -   ; -   ; -   ; -   
2023|08|CONTRIBUIÇÕES|Saída|D200|5352|-|0.0000|0.0000|N/A|Não conferido;01/08/2023;2023;8;3;CONTRIBUIÇÕES;Saída;D200;5352;-;0,0000;0,0000;N/A;Não conferido;31; 3.719.975,56 ; -   ; 3.719.975,56 ; -   ; -   ; -   ; -   ; -   ; 3.719.975,56 ; -   ; -   ; -   ; -   
2023|08|CONTRIBUIÇÕES|Saída|D200|6352|-|0.0000|0.0000|N/A|Não conferido;01/08/2023;2023;8;3;CONTRIBUIÇÕES;Saída;D200;6352;-;0,0000;0,0000;N/A;Não conferido;26; 2.120.088,32 ; -   ; 2.120.088,32 ; -   ; -   ; -   ; -   ; -   ; 2.120.088,32 ; -   ; -   ; -   ; -   
2023|08|CONTRIBUIÇÕES|Saída|D200|6353|-|0.0000|0.0000|N/A|Não conferido;01/08/2023;2023;8;3;CONTRIBUIÇÕES;Saída;D200;6353;-;0,0000;0,0000;N/A;Não conferido;1; 48.000,00 ; -   ; 48.000,00 ; -   ; -   ; -   ; -   ; -   ; 48.000,00 ; -   ; -   ; -   ; -   
2023|08|CONTRIBUIÇÕES|Saída|D200|5932|-|0.0000|0.0000|N/A|Não conferido;01/08/2023;2023;8;3;CONTRIBUIÇÕES;Saída;D200;5932;-;0,0000;0,0000;N/A;Não conferido;11; 252.816,82 ; -   ; 252.816,82 ; -   ; -   ; -   ; -   ; -   ; 252.816,82 ; -   ; -   ; -   ; -   
2023|09|CONTRIBUIÇÕES|Entrada|C170|1556|51|1.6500|7.6000|02|Não conferido;01/09/2023;2023;9;3;CONTRIBUIÇÕES;Entrada;C170;1556;51;0,0165;0,0760;2;Não conferido;15; 1.444,52 ; -   ; 1.444,52 ; 520,80 ; 93,74 ; -   ; -   ; -   ; 1.350,78 ; 1.444,52 ; 23,85 ; 109,78 ; 133,63 
2023|09|CONTRIBUIÇÕES|Entrada|C170|1407|51|1.6500|7.6000|02|Não conferido;01/09/2023;2023;9;3;CONTRIBUIÇÕES;Entrada;C170;1407;51;0,0165;0,0760;2;Não conferido;45; 34.765,00 ; 885,34 ; 33.879,66 ; -   ; -   ; -   ; -   ; -   ; 33.879,66 ; 33.879,66 ; 559,05 ; 2.574,83 ; 3.133,88 
2023|09|CONTRIBUIÇÕES|Entrada|C170|1653|70|0.0000|0.0000|02|Não conferido;01/09/2023;2023;9;3;CONTRIBUIÇÕES;Entrada;C170;1653;70;0,0000;0,0000;2;Não conferido;5; 3.699,00 ; 68,36 ; 3.630,64 ; -   ; -   ; -   ; -   ; -   ; 3.630,64 ; -   ; -   ; -   ; -   
2023|09|CONTRIBUIÇÕES|Entrada|C170|1556|70|0.0000|0.0000|02|Não conferido;01/09/2023;2023;9;3;CONTRIBUIÇÕES;Entrada;C170;1556;70;0,0000;0,0000;2;Não conferido;35; 4.756,35 ; 62,30 ; 4.694,05 ; 2.389,96 ; 430,18 ; -   ; -   ; -   ; 4.263,87 ; -   ; -   ; -   ; -   
2023|10|CONTRIBUIÇÕES|Entrada|C170|1556|51|1.6500|7.6000|02|Não conferido;01/10/2023;2023;10;4;CONTRIBUIÇÕES;Entrada;C170;1556;51;0,0165;0,0760;2;Não conferido;149; 55.227,96 ; 35,92 ; 55.192,04 ; 2.856,90 ; 514,24 ; -   ; -   ; -   ; 54.677,80 ; 55.192,04 ; 910,66 ; 4.194,65 ; 5.105,31 
2023|10|CONTRIBUIÇÕES|Entrada|C170|1653|70|0.0000|0.0000|02|Não conferido;01/10/2023;2023;10;4;CONTRIBUIÇÕES;Entrada;C170;1653;70;0,0000;0,0000;2;Não conferido;21; 3.889,73 ; 34,85 ; 3.854,88 ; 90,82 ; 16,35 ; -   ; -   ; -   ; 3.838,53 ; -   ; -   ; -   ; -   
2023|10|CONTRIBUIÇÕES|Entrada|C170|2556|70|0.0000|0.0000|02|Não conferido;01/10/2023;2023;10;4;CONTRIBUIÇÕES;Entrada;C170;2556;70;0,0000;0,0000;2;Não conferido;2; 269,91 ; -   ; 269,91 ; 269,91 ; 48,73 ; -   ; -   ; -   ; 221,18 ; -   ; -   ; -   ; -   
2023|10|CONTRIBUIÇÕES|Entrada|C170|2653|51|1.6500|7.6000|02|Não conferido;01/10/2023;2023;10;4;CONTRIBUIÇÕES;Entrada;C170;2653;51;0,0165;0,0760;2;Não conferido;262; 695.855,08 ; 24.274,08 ; 671.581,00 ; 1.104,79 ; 198,88 ; -   ; -   ; -   ; 671.382,12 ; 671.581,00 ; 11.081,09 ; 51.040,12 ; 62.121,21 
2023|10|CONTRIBUIÇÕES|Entrada|C170|1916|70|0.0000|0.0000|N/A|Não conferido;01/10/2023;2023;10;4;CONTRIBUIÇÕES;Entrada;C170;1916;70;0,0000;0,0000;N/A;Não conferido;89; 2.863,00 ; -   ; 2.863,00 ; -   ; -   ; -   ; -   ; -   ; 2.863,00 ; -   ; -   ; -   ; -   
2023|10|CONTRIBUIÇÕES|Entrada|C170|1407|70|0.0000|0.0000|02|Não conferido;01/10/2023;2023;10;4;CONTRIBUIÇÕES;Entrada;C170;1407;70;0,0000;0,0000;2;Não conferido;30; 29.089,65 ; 24,02 ; 29.065,63 ; -   ; -   ; -   ; -   ; -   ; 29.065,63 ; -   ; -   ; -   ; -   
2023|10|CONTRIBUIÇÕES|Entrada|C170|1949|70|0.0000|0.0000|N/A|Não conferido;01/10/2023;2023;10;4;CONTRIBUIÇÕES;Entrada;C170;1949;70;0,0000;0,0000;N/A;Não conferido;1; 8.547,88 ; -   ; 8.547,88 ; -   ; -   ; -   ; -   ; -   ; 8.547,88 ; -   ; -   ; -   ; -   
2023|10|CONTRIBUIÇÕES|Entrada|C170|1653|51|1.6500|7.6000|02|Não conferido;01/10/2023;2023;10;4;CONTRIBUIÇÕES;Entrada;C170;1653;51;0,0165;0,0760;2;Não conferido;155; 88.879,95 ; 309,99 ; 88.569,96 ; 125,55 ; 22,60 ; -   ; -   ; -   ; 88.547,36 ; 88.569,96 ; 1.461,38 ; 6.731,31 ; 8.192,69 
2023|10|CONTRIBUIÇÕES|Entrada|C170|1407|51|1.6500|7.6000|02|Não conferido;01/10/2023;2023;10;4;CONTRIBUIÇÕES;Entrada;C170;1407;51;0,0165;0,0760;2;Não conferido;376; 358.792,03 ; 12.107,10 ; 346.684,93 ; -   ; -   ; -   ; -   ; -   ; 346.684,93 ; 346.684,93 ; 5.720,50 ; 26.347,99 ; 32.068,49 
2023|10|CONTRIBUIÇÕES|Entrada|C170|1556|70|0.0000|0.0000|02|Não conferido;01/10/2023;2023;10;4;CONTRIBUIÇÕES;Entrada;C170;1556;70;0,0000;0,0000;2;Não conferido;193; 55.252,85 ; 533,55 ; 54.719,30 ; 9.359,02 ; 1.253,51 ; -   ; -   ; -   ; 53.465,79 ; -   ; -   ; -   ; -   
2023|10|CONTRIBUIÇÕES|Entrada|C170|2407|51|1.6500|7.6000|02|Não conferido;01/10/2023;2023;10;4;CONTRIBUIÇÕES;Entrada;C170;2407;51;0,0165;0,0760;2;Não conferido;11; 14.178,38 ; 1.582,70 ; 12.595,68 ; 2.820,00 ; 338,40 ; -   ; -   ; -   ; 12.257,28 ; 12.595,68 ; 207,83 ; 957,27 ; 1.165,10 
2023|10|CONTRIBUIÇÕES|Entrada|C170|2407|70|0.0000|0.0000|02|Não conferido;01/10/2023;2023;10;4;CONTRIBUIÇÕES;Entrada;C170;2407;70;0,0000;0,0000;2;Não conferido;1; 789,26 ; 79,26 ; 710,00 ; -   ; -   ; -   ; -   ; -   ; 710,00 ; -   ; -   ; -   ; -   
2023|10|CONTRIBUIÇÕES|Entrada|C170|2556|51|1.6500|7.6000|02|Não conferido;01/10/2023;2023;10;4;CONTRIBUIÇÕES;Entrada;C170;2556;51;0,0165;0,0760;2;Não conferido;91; 19.250,11 ; 64,11 ; 19.186,00 ; 18.463,21 ; 2.780,26 ; -   ; -   ; -   ; 16.405,74 ; 19.186,00 ; 316,61 ; 1.458,10 ; 1.774,71 
2023|10|CONTRIBUIÇÕES|Entrada|C170|2949|70|0.0000|0.0000|N/A|Não conferido;01/10/2023;2023;10;4;CONTRIBUIÇÕES;Entrada;C170;2949;70;0,0000;0,0000;N/A;Não conferido;1; 17.735,86 ; -   ; 17.735,86 ; 17.735,86 ; 709,43 ; -   ; -   ; -   ; 17.026,43 ; -   ; -   ; -   ; -   
2023|10|CONTRIBUIÇÕES|Entrada|C170|2151|70|0.0000|0.0000|N/A|Não conferido;01/10/2023;2023;10;4;CONTRIBUIÇÕES;Entrada;C170;2151;70;0,0000;0,0000;N/A;Não conferido;1; 20.000,00 ; -   ; 20.000,00 ; -   ; -   ; -   ; -   ; -   ; 20.000,00 ; -   ; -   ; -   ; -   
2023|10|CONTRIBUIÇÕES|Entrada|D100|1353|98|0.0000|0.0000|07|Não conferido;01/10/2023;2023;10;4;CONTRIBUIÇÕES;Entrada;D100;1353;98;0,0000;0,0000;7;Não conferido;5; 510,00 ; -   ; 510,00 ; -   ; 60,96 ; -   ; -   ; -   ; 510,00 ; -   ; -   ; -   ; -   
2023|12|CONTRIBUIÇÕES|Entrada|C170|1916|70|0.0000|0.0000|N/A|Não conferido;01/12/2023;2023;12;4;CONTRIBUIÇÕES;Entrada;C170;1916;70;0,0000;0,0000;N/A;Não conferido;72; 72,00 ; -   ; 72,00 ; -   ; -   ; -   ; -   ; -   ; 72,00 ; -   ; -   ; -   ; -   
2023|12|CONTRIBUIÇÕES|Entrada|C170|2407|70|0.0000|0.0000|02|Não conferido;01/12/2023;2023;12;4;CONTRIBUIÇÕES;Entrada;C170;2407;70;0,0000;0,0000;2;Não conferido;8; 1.158,00 ; -   ; 1.158,00 ; -   ; -   ; -   ; -   ; -   ; 1.158,00 ; -   ; -   ; -   ; -   
2023|12|CONTRIBUIÇÕES|Entrada|C170|2556|70|0.0000|0.0000|02|Não conferido;01/12/2023;2023;12;4;CONTRIBUIÇÕES;Entrada;C170;2556;70;0,0000;0,0000;2;Não conferido;4; 5.087,88 ; 2,40 ; 5.085,48 ; 267,88 ; 45,54 ; -   ; -   ; -   ; 5.039,94 ; -   ; -   ; -   ; -   
2023|12|CONTRIBUIÇÕES|Entrada|C170|1407|70|0.0000|0.0000|02|Não conferido;01/12/2023;2023;12;4;CONTRIBUIÇÕES;Entrada;C170;1407;70;0,0000;0,0000;2;Não conferido;12; 1.008,28 ; -   ; 1.008,28 ; -   ; -   ; -   ; -   ; -   ; 1.008,28 ; -   ; -   ; -   ; -   
2023|12|CONTRIBUIÇÕES|Entrada|C170|1653|51|1.6500|7.6000|02|Não conferido;01/12/2023;2023;12;4;CONTRIBUIÇÕES;Entrada;C170;1653;51;0,0165;0,0760;2;Não conferido;131; 82.711,40 ; 3,08 ; 82.708,32 ; 489,99 ; 88,20 ; -   ; -   ; -   ; 82.620,12 ; 82.708,32 ; 1.364,64 ; 6.285,84 ; 7.650,48 
2023|12|CONTRIBUIÇÕES|Entrada|C170|1653|70|0.0000|0.0000|02|Não conferido;01/12/2023;2023;12;4;CONTRIBUIÇÕES;Entrada;C170;1653;70;0,0000;0,0000;2;Não conferido;12; 4.832,35 ; -   ; 4.832,35 ; -   ; -   ; -   ; -   ; -   ; 4.832,35 ; -   ; -   ; -   ; -   
2023|12|CONTRIBUIÇÕES|Entrada|C170|1556|70|0.0000|0.0000|02|Não conferido;01/12/2023;2023;12;4;CONTRIBUIÇÕES;Entrada;C170;1556;70;0,0000;0,0000;2;Não conferido;125; 64.576,86 ; 1.881,86 ; 62.695,00 ; 15.575,01 ; 2.648,10 ; -   ; -   ; -   ; 60.046,90 ; -   ; -   ; -   ; -   
2023|12|CONTRIBUIÇÕES|Entrada|C170|2407|51|1.6500|7.6000|02|Não conferido;01/12/2023;2023;12;4;CONTRIBUIÇÕES;Entrada;C170;2407;51;0,0165;0,0760;2;Não conferido;10; 22.561,73 ; 971,06 ; 21.590,67 ; -   ; -   ; -   ; -   ; -   ; 21.590,67 ; 21.590,67 ; 356,24 ; 1.640,90 ; 1.997,14 
2023|12|CONTRIBUIÇÕES|Entrada|C170|2556|51|1.6500|7.6000|02|Não conferido;01/12/2023;2023;12;4;CONTRIBUIÇÕES;Entrada;C170;2556;51;0,0165;0,0760;2;Não conferido;5; 720,07 ; -   ; 720,07 ; 610,13 ; 108,90 ; -   ; -   ; -   ; 611,17 ; 720,07 ; 11,88 ; 54,72 ; 66,60 
2023|12|CONTRIBUIÇÕES|Entrada|C170|2653|51|1.6500|7.6000|02|Não conferido;01/12/2023;2023;12;4;CONTRIBUIÇÕES;Entrada;C170;2653;51;0,0165;0,0760;2;Não conferido;94; 201.738,47 ; 8.897,28 ; 192.841,19 ; 384,94 ; 69,29 ; -   ; -   ; -   ; 192.771,90 ; 192.841,19 ; 3.181,92 ; 14.655,96 ; 17.837,88 
2023|12|CONTRIBUIÇÕES|Entrada|C170|1407|51|1.6500|7.6000|02|Não conferido;01/12/2023;2023;12;4;CONTRIBUIÇÕES;Entrada;C170;1407;51;0,0165;0,0760;2;Não conferido;485; 446.969,06 ; 9.409,15 ; 437.559,91 ; -   ; -   ; -   ; -   ; -   ; 437.559,91 ; 437.559,91 ; 7.219,95 ; 33.254,54 ; 40.474,49 
2023|12|CONTRIBUIÇÕES|Entrada|C170|1949|98|0.0000|0.0000|N/A|Não conferido;01/12/2023;2023;12;4;CONTRIBUIÇÕES;Entrada;C170;1949;98;0,0000;0,0000;N/A;Não conferido;3; 243,60 ; -   ; 243,60 ; 198,20 ; 35,67 ; -   ; -   ; -   ; 207,93 ; -   ; -   ; -   ; -   
2023|12|CONTRIBUIÇÕES|Entrada|C170|1949|70|0.0000|0.0000|N/A|Não conferido;01/12/2023;2023;12;4;CONTRIBUIÇÕES;Entrada;C170;1949;70;0,0000;0,0000;N/A;Não conferido;24; 60.951,30 ; -   ; 60.951,30 ; 801,58 ; 144,29 ; -   ; -   ; -   ; 60.807,01 ; -   ; -   ; -   ; -   
2023|12|CONTRIBUIÇÕES|Entrada|C170|2653|70|0.0000|0.0000|02|Não conferido;01/12/2023;2023;12;4;CONTRIBUIÇÕES;Entrada;C170;2653;70;0,0000;0,0000;2;Não conferido;2; 1.574,72 ; -   ; 1.574,72 ; -   ; -   ; -   ; -   ; -   ; 1.574,72 ; -   ; -   ; -   ; -   
2023|12|CONTRIBUIÇÕES|Entrada|C170|1556|51|1.6500|7.6000|02|Não conferido;01/12/2023;2023;12;4;CONTRIBUIÇÕES;Entrada;C170;1556;51;0,0165;0,0760;2;Não conferido;175; 60.651,04 ; 654,54 ; 59.996,50 ; 1.739,70 ; 211,20 ; -   ; -   ; -   ; 59.785,30 ; 59.996,50 ; 989,99 ; 4.559,71 ; 5.549,70 
2023|12|CONTRIBUIÇÕES|Entrada|D100|1353|-|0.0000|0.0000|07|Não conferido;01/12/2023;2023;12;4;CONTRIBUIÇÕES;Entrada;D100;1353;-;0,0000;0,0000;7;Não conferido;1; -   ; -   ; -   ; -   ; 5,36 ; -   ; -   ; -   ; -   ; -   ; -   ; -   ; -   
2024|01|CONTRIBUIÇÕES|Entrada|C170|1556|70|0.0000|0.0000|02|Não conferido;01/01/2024;2024;1;1;CONTRIBUIÇÕES;Entrada;C170;1556;70;0,0000;0,0000;2;Não conferido;217; 75.072,44 ; 1.364,72 ; 73.707,72 ; 9.713,13 ; 1.587,94 ; -   ; -   ; -   ; 72.119,78 ; -   ; -   ; -   ; -   
2024|01|CONTRIBUIÇÕES|Entrada|C170|2653|51|1.6500|7.6000|02|Não conferido;01/01/2024;2024;1;1;CONTRIBUIÇÕES;Entrada;C170;2653;51;0,0165;0,0760;2;Não conferido;57; 119.595,34 ; 4.719,46 ; 114.875,88 ; 81,77 ; 14,72 ; -   ; -   ; -   ; 114.861,16 ; 114.875,88 ; 1.895,46 ; 8.730,57 ; 10.626,03 
2024|01|CONTRIBUIÇÕES|Entrada|C170|2407|51|1.6500|7.6000|02|Não conferido;01/01/2024;2024;1;1;CONTRIBUIÇÕES;Entrada;C170;2407;51;0,0165;0,0760;2;Não conferido;27; 10.807,68 ; 53,00 ; 10.754,68 ; 2.800,00 ; 336,00 ; -   ; -   ; -   ; 10.418,68 ; 10.754,68 ; 177,44 ; 817,37 ; 994,81 
2024|01|CONTRIBUIÇÕES|Entrada|C170|1407|51|1.6500|7.6000|02|Não conferido;01/01/2024;2024;1;1;CONTRIBUIÇÕES;Entrada;C170;1407;51;0,0165;0,0760;2;Não conferido;217; 252.693,96 ; 11.914,71 ; 240.779,25 ; -   ; -   ; -   ; -   ; -   ; 240.779,25 ; 240.779,25 ; 3.972,88 ; 18.299,15 ; 22.272,03 
2024|01|CONTRIBUIÇÕES|Entrada|C170|1407|70|0.0000|0.0000|02|Não conferido;01/01/2024;2024;1;1;CONTRIBUIÇÕES;Entrada;C170;1407;70;0,0000;0,0000;2;Não conferido;34; 3.137,88 ; 0,25 ; 3.137,63 ; -   ; -   ; -   ; -   ; -   ; 3.137,63 ; -   ; -   ; -   ; -   
2024|01|CONTRIBUIÇÕES|Entrada|C170|2653|70|0.0000|0.0000|02|Não conferido;01/01/2024;2024;1;1;CONTRIBUIÇÕES;Entrada;C170;2653;70;0,0000;0,0000;2;Não conferido;3; 1.550,82 ; -   ; 1.550,82 ; -   ; -   ; -   ; -   ; -   ; 1.550,82 ; -   ; -   ; -   ; -   
2024|01|CONTRIBUIÇÕES|Entrada|C170|2407|70|0.0000|0.0000|02|Não conferido;01/01/2024;2024;1;1;CONTRIBUIÇÕES;Entrada;C170;2407;70;0,0000;0,0000;2;Não conferido;16; 2.814,00 ; -   ; 2.814,00 ; -   ; -   ; -   ; -   ; -   ; 2.814,00 ; -   ; -   ; -   ; -   
2024|01|CONTRIBUIÇÕES|Entrada|C170|1653|51|1.6500|7.6000|02|Não conferido;01/01/2024;2024;1;1;CONTRIBUIÇÕES;Entrada;C170;1653;51;0,0165;0,0760;2;Não conferido;186; 94.629,20 ; 779,45 ; 93.849,75 ; 36,55 ; 6,58 ; -   ; -   ; -   ; 93.843,17 ; 93.849,75 ; 1.548,53 ; 7.132,55 ; 8.681,08 
2024|01|CONTRIBUIÇÕES|Entrada|C170|2556|51|1.6500|7.6000|02|Não conferido;01/01/2024;2024;1;1;CONTRIBUIÇÕES;Entrada;C170;2556;51;0,0165;0,0760;2;Não conferido;8; 1.216,63 ; -   ; 1.216,63 ; 1.216,63 ; 218,46 ; -   ; -   ; -   ; 998,17 ; 1.216,63 ; 20,09 ; 92,47 ; 112,56 
2024|01|CONTRIBUIÇÕES|Entrada|C170|2556|70|0.0000|0.0000|02|Não conferido;01/01/2024;2024;1;1;CONTRIBUIÇÕES;Entrada;C170;2556;70;0,0000;0,0000;2;Não conferido;5; 1.103,50 ; -   ; 1.103,50 ; 1.120,02 ; 108,44 ; -   ; -   ; -   ; 995,06 ; -   ; -   ; -   ; -   
2024|01|CONTRIBUIÇÕES|Entrada|C170|1916|70|0.0000|0.0000|N/A|Não conferido;01/01/2024;2024;1;1;CONTRIBUIÇÕES;Entrada;C170;1916;70;0,0000;0,0000;N/A;Não conferido;145; 145,00 ; -   ; 145,00 ; -   ; -   ; -   ; -   ; -   ; 145,00 ; -   ; -   ; -   ; -   
2024|01|CONTRIBUIÇÕES|Entrada|C170|1556|51|1.6500|7.6000|02|Não conferido;01/01/2024;2024;1;1;CONTRIBUIÇÕES;Entrada;C170;1556;51;0,0165;0,0760;2;Não conferido;41; 14.185,50 ; 358,62 ; 13.826,88 ; 4.202,97 ; 729,27 ; -   ; -   ; -   ; 13.097,61 ; 13.826,88 ; 228,15 ; 1.050,86 ; 1.279,01 
2024|01|CONTRIBUIÇÕES|Entrada|C170|1653|70|0.0000|0.0000|02|Não conferido;01/01/2024;2024;1;1;CONTRIBUIÇÕES;Entrada;C170;1653;70;0,0000;0,0000;2;Não conferido;9; 1.714,79 ; -   ; 1.714,79 ; 180,38 ; 32,47 ; -   ; -   ; -   ; 1.682,32 ; -   ; -   ; -   ; -   
2024|01|CONTRIBUIÇÕES|Entrada|D100|1353|98|0.0000|0.0000|07|Não conferido;01/01/2024;2024;1;1;CONTRIBUIÇÕES;Entrada;D100;1353;98;0,0000;0,0000;7;Não conferido;3; 223,61 ; -   ; 223,61 ; -   ; 26,83 ; -   ; -   ; -   ; 223,61 ; -   ; -   ; -   ; -   
2024|02|CONTRIBUIÇÕES|Entrada|C170|1916|70|0.0000|0.0000|N/A|Não conferido;01/02/2024;2024;2;1;CONTRIBUIÇÕES;Entrada;C170;1916;70;0,0000;0,0000;N/A;Não conferido;343; 406,00 ; -   ; 406,00 ; -   ; -   ; -   ; -   ; -   ; 406,00 ; -   ; -   ; -   ; -   
2024|02|CONTRIBUIÇÕES|Entrada|C170|1949|70|0.0000|0.0000|N/A|Não conferido;01/02/2024;2024;2;1;CONTRIBUIÇÕES;Entrada;C170;1949;70;0,0000;0,0000;N/A;Não conferido;3; 27.000,00 ; -   ; 27.000,00 ; -   ; -   ; -   ; -   ; -   ; 27.000,00 ; -   ; -   ; -   ; -   
2024|02|CONTRIBUIÇÕES|Entrada|C170|1653|70|0.0000|0.0000|02|Não conferido;01/02/2024;2024;2;1;CONTRIBUIÇÕES;Entrada;C170;1653;70;0,0000;0,0000;2;Não conferido;7; 1.758,51 ; -   ; 1.758,51 ; -   ; -   ; -   ; -   ; -   ; 1.758,51 ; -   ; -   ; -   ; -   
2024|02|CONTRIBUIÇÕES|Entrada|C170|1653|51|1.6500|7.6000|02|Não conferido;01/02/2024;2024;2;1;CONTRIBUIÇÕES;Entrada;C170;1653;51;0,0165;0,0760;2;Não conferido;157; 66.467,68 ; 10,47 ; 66.457,21 ; 181,35 ; 32,64 ; -   ; -   ; -   ; 66.424,57 ; 66.457,21 ; 1.096,50 ; 5.050,75 ; 6.147,25 
2024|02|CONTRIBUIÇÕES|Entrada|C170|2556|51|1.6500|7.6000|02|Não conferido;01/02/2024;2024;2;1;CONTRIBUIÇÕES;Entrada;C170;2556;51;0,0165;0,0760;2;Não conferido;3; 1.042,00 ; -   ; 1.042,00 ; 363,00 ; 43,56 ; -   ; -   ; -   ; 998,44 ; 1.042,00 ; 17,19 ; 79,19 ; 96,38 
2024|02|CONTRIBUIÇÕES|Entrada|C170|1556|70|0.0000|0.0000|02|Não conferido;01/02/2024;2024;2;1;CONTRIBUIÇÕES;Entrada;C170;1556;70;0,0000;0,0000;2;Não conferido;302; 80.764,50 ; 1.580,10 ; 79.184,40 ; 10.987,71 ; 1.893,03 ; -   ; -   ; -   ; 77.291,37 ; -   ; -   ; -   ; -   
2024|02|CONTRIBUIÇÕES|Entrada|C170|1407|70|0.0000|0.0000|02|Não conferido;01/02/2024;2024;2;1;CONTRIBUIÇÕES;Entrada;C170;1407;70;0,0000;0,0000;2;Não conferido;11; 34.459,99 ; -   ; 34.459,99 ; -   ; -   ; -   ; -   ; -   ; 34.459,99 ; -   ; -   ; -   ; -   
2024|02|CONTRIBUIÇÕES|Entrada|C170|1407|51|1.6500|7.6000|02|Não conferido;01/02/2024;2024;2;1;CONTRIBUIÇÕES;Entrada;C170;1407;51;0,0165;0,0760;2;Não conferido;242; 80.477,38 ; 772,22 ; 79.705,16 ; -   ; -   ; -   ; -   ; -   ; 79.705,16 ; 79.705,16 ; 1.315,15 ; 6.057,54 ; 7.372,69 
2024|02|CONTRIBUIÇÕES|Entrada|C170|1556|51|1.6500|7.6000|02|Não conferido;01/02/2024;2024;2;1;CONTRIBUIÇÕES;Entrada;C170;1556;51;0,0165;0,0760;2;Não conferido;320; 107.617,19 ; 812,68 ; 106.804,51 ; 18.839,28 ; 3.360,07 ; -   ; -   ; -   ; 103.444,44 ; 106.804,51 ; 1.762,38 ; 8.117,18 ; 9.879,56 
2024|02|CONTRIBUIÇÕES|Entrada|C170|2556|70|0.0000|0.0000|02|Não conferido;01/02/2024;2024;2;1;CONTRIBUIÇÕES;Entrada;C170;2556;70;0,0000;0,0000;2;Não conferido;3; 9.070,79 ; 496,15 ; 8.574,64 ; 113,10 ; 23,19 ; -   ; -   ; -   ; 8.551,45 ; -   ; -   ; -   ; -   
2024|02|CONTRIBUIÇÕES|Entrada|C170|2653|51|1.6500|7.6000|02|Não conferido;01/02/2024;2024;2;1;CONTRIBUIÇÕES;Entrada;C170;2653;51;0,0165;0,0760;2;Não conferido;39; 16.994,13 ; 264,85 ; 16.729,28 ; -   ; -   ; -   ; -   ; -   ; 16.729,28 ; 16.729,28 ; 276,04 ; 1.271,42 ; 1.547,46 
2024|02|CONTRIBUIÇÕES|Entrada|D100|1353|98|0.0000|0.0000|07|Não conferido;01/02/2024;2024;2;1;CONTRIBUIÇÕES;Entrada;D100;1353;98;0,0000;0,0000;7;Não conferido;2; 198,40 ; -   ; 198,40 ; -   ; 23,80 ; -   ; -   ; -   ; 198,40 ; -   ; -   ; -   ; -   
2024|03|CONTRIBUIÇÕES|Entrada|C170|1407|51|1.6500|7.6000|02|Não conferido;01/03/2024;2024;3;1;CONTRIBUIÇÕES;Entrada;C170;1407;51;0,0165;0,0760;2;Não conferido;149; 70.007,22 ; 1.793,21 ; 68.214,01 ; -   ; -   ; -   ; -   ; -   ; 68.214,01 ; 68.214,01 ; 1.125,51 ; 5.184,25 ; 6.309,76 
2024|03|CONTRIBUIÇÕES|Entrada|C170|2949|70|0.0000|0.0000|N/A|Não conferido;01/03/2024;2024;3;1;CONTRIBUIÇÕES;Entrada;C170;2949;70;0,0000;0,0000;N/A;Não conferido;1; 42,71 ; -   ; 42,71 ; -   ; -   ; -   ; -   ; -   ; 42,71 ; -   ; -   ; -   ; -   
2024|03|CONTRIBUIÇÕES|Entrada|C170|1556|70|0.0000|0.0000|02|Não conferido;01/03/2024;2024;3;1;CONTRIBUIÇÕES;Entrada;C170;1556;70;0,0000;0,0000;2;Não conferido;16; 23.140,95 ; 0,01 ; 23.140,94 ; 280,06 ; 35,19 ; -   ; -   ; -   ; 23.105,75 ; -   ; -   ; -   ; -   
2024|03|CONTRIBUIÇÕES|Entrada|C170|1653|70|0.0000|0.0000|02|Não conferido;01/03/2024;2024;3;1;CONTRIBUIÇÕES;Entrada;C170;1653;70;0,0000;0,0000;2;Não conferido;4; 630,48 ; -   ; 630,48 ; -   ; -   ; -   ; -   ; -   ; 630,48 ; -   ; -   ; -   ; -   
2024|03|CONTRIBUIÇÕES|Entrada|C170|2407|51|1.6500|7.6000|02|Não conferido;01/03/2024;2024;3;1;CONTRIBUIÇÕES;Entrada;C170;2407;51;0,0165;0,0760;2;Não conferido;2; 3.764,90 ; -   ; 3.764,90 ; -   ; -   ; -   ; -   ; -   ; 3.764,90 ; 3.764,90 ; 62,12 ; 286,13 ; 348,25 
2024|03|CONTRIBUIÇÕES|Entrada|C170|1556|51|1.6500|7.6000|02|Não conferido;01/03/2024;2024;3;1;CONTRIBUIÇÕES;Entrada;C170;1556;51;0,0165;0,0760;2;Não conferido;140; 12.307,96 ; -   ; 12.307,96 ; -   ; -   ; -   ; -   ; -   ; 12.307,96 ; 12.307,96 ; 203,16 ; 935,43 ; 1.138,59 
2024|03|CONTRIBUIÇÕES|Entrada|C170|1653|51|1.6500|7.6000|02|Não conferido;01/03/2024;2024;3;1;CONTRIBUIÇÕES;Entrada;C170;1653;51;0,0165;0,0760;2;Não conferido;198; 58.374,90 ; 92,55 ; 58.282,35 ; -   ; -   ; -   ; -   ; -   ; 58.282,35 ; 58.282,35 ; 961,67 ; 4.429,41 ; 5.391,08 
2024|03|CONTRIBUIÇÕES|Entrada|C170|2653|51|1.6500|7.6000|02|Não conferido;01/03/2024;2024;3;1;CONTRIBUIÇÕES;Entrada;C170;2653;51;0,0165;0,0760;2;Não conferido;50; 51.500,85 ; 4.534,97 ; 46.965,88 ; 621,38 ; 121,18 ; -   ; -   ; -   ; 46.844,70 ; 46.965,88 ; 774,95 ; 3.569,42 ; 4.344,37 
2024|03|CONTRIBUIÇÕES|Entrada|C170|1916|70|0.0000|0.0000|N/A|Não conferido;01/03/2024;2024;3;1;CONTRIBUIÇÕES;Entrada;C170;1916;70;0,0000;0,0000;N/A;Não conferido;140; 140,00 ; -   ; 140,00 ; -   ; -   ; -   ; -   ; -   ; 140,00 ; -   ; -   ; -   ; -   
2024|03|CONTRIBUIÇÕES|Entrada|D100|1353|98|0.0000|0.0000|07|Não conferido;01/03/2024;2024;3;1;CONTRIBUIÇÕES;Entrada;D100;1353;98;0,0000;0,0000;7;Não conferido;1; 226,34 ; -   ; 226,34 ; -   ; 27,16 ; -   ; -   ; -   ; 226,34 ; -   ; -   ; -   ; -   
2024|04|CONTRIBUIÇÕES|Entrada|C170|1556|51|1.6500|7.6000|02|Não conferido;01/04/2024;2024;4;2;CONTRIBUIÇÕES;Entrada;C170;1556;51;0,0165;0,0760;2;Não conferido;181; 21.389,74 ; 0,46 ; 21.389,28 ; -   ; -   ; -   ; -   ; -   ; 21.389,28 ; 21.389,28 ; 353,01 ; 1.625,58 ; 1.978,59 
2024|04|CONTRIBUIÇÕES|Entrada|C170|1653|51|1.6500|7.6000|02|Não conferido;01/04/2024;2024;4;2;CONTRIBUIÇÕES;Entrada;C170;1653;51;0,0165;0,0760;2;Não conferido;142; 36.146,92 ; 42,64 ; 36.104,28 ; -   ; -   ; -   ; -   ; -   ; 36.104,28 ; 36.104,28 ; 595,79 ; 2.743,91 ; 3.339,70 
2024|04|CONTRIBUIÇÕES|Entrada|C170|1916|70|0.0000|0.0000|N/A|Não conferido;01/04/2024;2024;4;2;CONTRIBUIÇÕES;Entrada;C170;1916;70;0,0000;0,0000;N/A;Não conferido;94; 94,00 ; -   ; 94,00 ; -   ; -   ; -   ; -   ; -   ; 94,00 ; -   ; -   ; -   ; -   
2024|04|CONTRIBUIÇÕES|Entrada|C170|1407|51|1.6500|7.6000|02|Não conferido;01/04/2024;2024;4;2;CONTRIBUIÇÕES;Entrada;C170;1407;51;0,0165;0,0760;2;Não conferido;149; 52.737,57 ; 167,50 ; 52.570,07 ; -   ; -   ; -   ; -   ; -   ; 52.570,07 ; 52.570,07 ; 867,40 ; 3.995,29 ; 4.862,69 
2024|04|CONTRIBUIÇÕES|Entrada|C170|1407|70|0.0000|0.0000|02|Não conferido;01/04/2024;2024;4;2;CONTRIBUIÇÕES;Entrada;C170;1407;70;0,0000;0,0000;2;Não conferido;1; 8.960,00 ; -   ; 8.960,00 ; -   ; -   ; -   ; -   ; -   ; 8.960,00 ; -   ; -   ; -   ; -   
2024|04|CONTRIBUIÇÕES|Entrada|C170|1556|70|0.0000|0.0000|02|Não conferido;01/04/2024;2024;4;2;CONTRIBUIÇÕES;Entrada;C170;1556;70;0,0000;0,0000;2;Não conferido;58; 11.019,90 ; 158,36 ; 10.861,54 ; -   ; -   ; -   ; -   ; -   ; 10.861,54 ; -   ; -   ; -   ; -   
2024|04|CONTRIBUIÇÕES|Entrada|C170|1653|70|0.0000|0.0000|02|Não conferido;01/04/2024;2024;4;2;CONTRIBUIÇÕES;Entrada;C170;1653;70;0,0000;0,0000;2;Não conferido;8; 3.359,75 ; 180,42 ; 3.179,33 ; -   ; -   ; -   ; -   ; -   ; 3.179,33 ; -   ; -   ; -   ; -   
2024|04|CONTRIBUIÇÕES|Entrada|C170|2556|70|0.0000|0.0000|02|Não conferido;01/04/2024;2024;4;2;CONTRIBUIÇÕES;Entrada;C170;2556;70;0,0000;0,0000;2;Não conferido;3; 3.874,05 ; -   ; 3.874,05 ; -   ; -   ; -   ; -   ; -   ; 3.874,05 ; -   ; -   ; -   ; -   
2024|04|CONTRIBUIÇÕES|Entrada|C170|2407|51|1.6500|7.6000|02|Não conferido;01/04/2024;2024;4;2;CONTRIBUIÇÕES;Entrada;C170;2407;51;0,0165;0,0760;2;Não conferido;4; 2.877,95 ; -   ; 2.877,95 ; -   ; -   ; -   ; -   ; -   ; 2.877,95 ; 2.877,95 ; 47,48 ; 218,72 ; 266,20 
2024|04|CONTRIBUIÇÕES|Entrada|C170|2556|51|1.6500|7.6000|02|Não conferido;01/04/2024;2024;4;2;CONTRIBUIÇÕES;Entrada;C170;2556;51;0,0165;0,0760;2;Não conferido;2; 224,32 ; 11,77 ; 212,55 ; -   ; -   ; -   ; -   ; -   ; 212,55 ; 212,55 ; 3,51 ; 16,15 ; 19,66 
2024|04|CONTRIBUIÇÕES|Entrada|C170|2653|51|1.6500|7.6000|02|Não conferido;01/04/2024;2024;4;2;CONTRIBUIÇÕES;Entrada;C170;2653;51;0,0165;0,0760;2;Não conferido;39; 36.768,81 ; 2.673,97 ; 34.094,84 ; -   ; -   ; -   ; -   ; -   ; 34.094,84 ; 34.094,84 ; 562,56 ; 2.591,20 ; 3.153,76 
