|0000|006|0|||01032024|31032024|FM MODEL TRANSPORTES LTDA|05367368000106|SP|3523909||00|1|
|0001|0|
|0100|JOSE PAULO MARTINS GARCIA|61529877768|1SP144041O2||13140216|RUA TAPAIUNAS|189||JARDIM ITAPOAN|19998670214||paulogarcia.quality@yahoo.com.br|3536505|
|0110|1|2|1||
|0111|0|0|0|0|0|
|0140|Empresa numero 101|FM MODEL TRANSPORTES LTDA|05367368000106|SP|387251936115|3523909|31176||
|0150|FOR000000004|BRASPRESS TRANSPORTES URGENTES LTDA|1058|48740351007410||669556909111|3552205||LIBERDADE|4001||IPORANGA|
|0150|FOR000000086|LAPONIA SUDESTE LTDA|1058|04422548000180||387307764110|3523909||RODOVIA PRESIDENTE CASTELO BRANCO|S/N|KM    75|CITY CASTELLO|
|0150|FOR000000091|POSTO ALDO CUBATAO LTDA - ME|1058|07126651000171||283110307110|3513504||AVENIDA ENG PLINIO DE QUEIROZ|S/N|LOTE 07|JD INDUSTRIAL|
|0150|FOR000000095|POSTOS DE BASE LTDA|1058|09112471000166||259070595119|3511003||ESTRADA VICINAL MUNICIPAL|S/N|CTH 230 KM  100 MT|ZONA RURAL|
|0150|FOR000000115|UNICAP RENOVADORA DE PNEUS LTDA|1058|67943738000163||482017059116|3533403||RODOVIA ANHANGUERA - KM 116|S/N|S/N|CHACARAS REUNIDAS|
|0150|FOR000000150|MARLY DE ARA⁄JO COUTINHO|1058|20221270000130||600088455113|3545209||RUA JUNDIAI|411||JARDIM MARILIA 2|
|0150|FOR000000158|UNI FORMA CONFECCOES DE UNIFORMES PROFISSIONAIS EIRELI|1058|34197748000148||372229336114|3522406||R OLINDA CARVALHO DE OLIVEI|121||VILA APARECIDA|
|0150|FOR000000230|GUARNIERI SISTEMAS DE SEGURANCA EIRELI|1058|03561295000163||387092410116|3523909||AV JOSE AUGUSTO PICKARDT, 115|S/N||ITU NOVO CENTRO|
|0150|FOR000000287|RIBEIRO VEICULOS SA|1058|75642256001416||284450146|5008305||ROD BR158|S/N||JARDIM PARANAPUNGA|
|0150|FOR000000305|REDE DE POSTOS DE COMBUSTIVEIS MARAJO VARZEA GRANDE LTDA|1058|37085588000133||138166420|5108402||Rodovia BR 163-364 MT|S/N|KM 435 LOTE 0001 QUADRA0000|Novo Mundo|
|0150|FOR000000541|POSTO RANCHO TIBIRICA LT|1058|53696886000116||506000577118|3535804||ROD RAPOSO TAVARES  KM 245|1||TIBIRICA|
|0150|FOR000000547|AUTO POSTO CERRADO BL LTDA|1058|65922999000171||732000590116|3500758||RODOVIA RAPOSO TAVARES|140||CERRADO|
|0150|FOR000000626|22-DECIO COMERCIO E SERVICOS RODOVIARIOS LTDA|1058|19046218000962||3421889220897|3170206||RODOVIA BR 365, 000|S/N|KM 640|ZONA RURAL|
|0150|FOR000000633|ITU LUZ COMERCIO DE MATERIAL ELETRICO LTDA EPP|1058|03546014000101||387092590118|3523909||AV. DR. OCTAVIANO P. MENDES|210||CENTRO|
|0150|FOR000000651|AUTO POSTO RONDON 303 LTDA|1058|05379744000182||416018840112|3526803||RUA ARGENTINA|295||JD NACOES|
|0150|FOR000000661|AUTO POSTO REI DA CASTELO LTDA|1058|58812348000163||554013930113|3540606||ROD. ESTR MUN QUE LIGA PFZ A ROD CASTELO|S/N||ZONA RURAL|
|0150|FOR000000662|AUTO POSTO REI DA CASTELO 2 LTDA|1058|60701182000150||780000090110|3541653||RODOVIA CASTELO BRANCO KM, 149|149||PALMEIRAS|
|0150|FOR000000663|VAREJAO RUI BARBOSA LTDA|1058|60804903000157||600024387110|3545209||RUA RUI BARBOSA|750||CENTRO|
|0150|FOR000000704|AUTO POSTO VIP COMERCIO DE COMBUSTIVEIS LTDA|1058|20789719000160||106408682|5200100||RODOVIA  BR 060|S/N||ZONA RURAL|
|0150|FOR000000767|ALCIATI & ALCIATI LTDA|1058|51427755000108||371029680116|3522307||RODOVIA RAPOSO TAVARES KM 168|S/N||JARDIM BELA VISTA|
|0150|FOR000000812|W L VISANI LTDA|1058|03824646000424||259071972117|3511003||ESTRADA VICINAL MUNICIPAL CTH 230|S/N|KM 0010|ZONA RURAL|
|0150|FOR000000814|WE AUTO POSTO LTDA|1058|07623527000111||600126180114|3545209||RODOVIA DO ACUCAR|36|KM36|SANTA ROSA|
|0150|FOR000000817|AUTO POSTO PORTAO I LENCOIS PAULISTA LTDA|1058|10353008000195||416124923110|3526803||Av Pref Jacomo Nicolau Paccola|115||Pq Resid Rondon|
|0150|FOR000000819|POSTO 9 DE JULHO DE ITU EIRELI|1058|10549452000180||387117255113|3523909||AVENIDA 9 DE JULHO|620||JARDIM PADRE BENTO|
|0150|FOR000000824|RZTRUCK PECAS E SERVICOS EIRELI ME|1058|29327287000140||535677800118|3538709||Rua Jornalista Eugenio Losso|1410||Unileste|
|0150|FOR000000828|RODOPOSTO MARISTELA|1058|46830865000186||507000525117|3536109||RODOVIA PRES C BRANCO|198|KM 198|RIBEIRAO GRANDE|
|0150|FOR000000833|AUTO POSTO LOUREIRO LTDA.|1058|55612287000100||387037730110|3523909||R LUIZ GONZAGA BICUDO|939||V NOVA|
|0150|FOR000000834|POSTO DO TREVO LTDA|1058|55973291000196||582014370112|3543402||VIA ANHANGUERA|S/N|KM KM 320|AVELINO ALVES PALMA|
|0150|FOR000000861|AUTO POSTO RIVIERA LTDA EPP|1058|27997918000103||284261513|5008305||AV FILINTO MULLER|S/N||JARDIM NOVO AEROPORTO|
|0150|FOR000000925|VIDRACARIA PLACCA LTDA. - EPP|1058|53667267000101||416005970115|3526803||RUA 13 DE MAIO|407||CENTRO|
|0150|FOR000000926|RENOVADORA DE PNEUS REZENDE LTDA|1058|54364849000173||588029779110|3544004||RODOVIA CORNELIO PIRES (SP 127)|S/N||CAMPESTRE|
|0150|FOR000000927|MBRASIL ATACADO E VAREJO LTDA 5|1058|34823818000550||600285260116|3545209||RUA JURISTA AZEVEDO MARQUES|112|TERREON 145 DEPOSITO|RESIDENCIAL PARQUE LAGUNA|
|0150|FOR000000943|AUTO POSTO PORTAL DE LIMEIRA LTDA|1058|16965157000191||417217154112|3526902||RUA MAJOR FRANCISCO BARCELLOS|778||JARDIM GLORIA|
|0150|FOR000000944|B R Z COMERCIO DE COMBUSTIVEIS LTDA|1058|19440667000133||9065702034|4103701||AVENIDA ROBERTO CONCEICAO|822||JARDIM SAO JOSE|
|0150|FOR000000947|POSTO 7 CHEROKEE LTDA|1058|00641406000153||482023165113|3533403||RODOVIA ANHANGUERA KM 116  231m|S/N|CX POSTAL 84|ZPI I|
|0150|FOR000000952|Auto Posto Funil Ltda|1058|78451382000167||2050036572|4126306||Rod. PR-151 KM-273|S/N||Morungava|
|0190|1|UNIDADE|
|0190|1145|LT.|
|0190|1184|PJ|
|0190|127|UM|
|0190|16|LITROS|
|0190|161|BOTIJ√O|
|0190|23|METRO|
|0190|305|MC|
|0190|366|LITRO|
|0190|4|LITRO|
|0190|5|LITRO|
|0190|59|UNIDADE|
|0190|6|KILO|
|0190|7|LITRO|
|0190|8|PE«A|
|0190|9|METRO|
|0200|1-1|GASOLINA COMUM|||4|00|27101259||27||18|
|0200|10011674|DIESEL S10|||5|00|27101921||27||18|
|0200|10011713|GASOLINA GRID|||5|00|27101259||27||18|
|0200|11003|GASOLINA COMUM C|||5|00|27101259||27||18|
|0200|1253|CONECTOR MACHO RJ45 CAT5|||1|00|85177900||85||18|
|0200|1321|TUBO TECALON 10MM|||9|00|84819090||84||18|
|0200|1334|INSERT 16MM|||8|00|74122000||74||18|
|0200|1449|PATCH CORD CAT5E - 1,5M|4559570125584||1|00|85444200||85||18|
|0200|1560|KIAN LAMPADA TUBO LED 18W 6500K BIV*|||1|00|85395200||85||18|
|0200|1684|OVOS CARTELA|||161|00|04079000||04||18|
|0200|1759|PORCA RODA OSCILANTE 22MM|||8|00|73181600||73||18|
|0200|1770|BOLSA SUSPENSAO PNEUMATICA 1T15M9|7898581882459||8|00|87169090||87||18|
|0200|1776|BUCHA SUSPENSAO PNEUMATICA FACCHINI|||8|00|87169090||87||18|
|0200|1789|APARABARRO 50X60|||8|00|40170000||40||18|
|0200|1796|REGUA DO APARABARRO|||8|00|87169090||87||18|
|0200|1812|JUNTA DO CUBO 5 FUROS GRANDE|||8|00|45049000||45||18|
|0200|1814|CATRACA DE FREIO 28 ESTRIAS 3 FUROS|7895732731017||8|00|87169090||87||18|
|0200|1819|ROLAMENTO CARRETA 32218 (GRANDE)|||8|00|84822010||84||18|
|0200|1821|TRAVA ARANHA FACCHINI 6 DENTES|||8|00|87169090||87||18|
|0200|1824|TRAVA ARANHA NOMA 90MM|||8|00|87169090||87||18|
|0200|1828|RETENTOR CUBO DE RODA CARRETA|7898468595021||8|00|40169300||40||18|
|0200|1839|MOLA PATIM 2 GOMO|||8|00|73209000||73||18|
|0200|1843|CAPA DO MANCAL TUBELESS MACHO|||8|00|87169090||87||18|
|0200|1844|CAPA DO MANCAL TUBELESS FEMEA|||8|00|87169090||87||18|
|0200|1849|AMORTECEDOR SUSPENSAO FACCHINI|||8|00|87088000||87||18|
|0200|1852|ARRUELA DO EIXO S 38MM|||8|00|87169090||87||18|
|0200|1859|ROLETE DO PATIM 32MM|||8|00|87169090||87||18|
|0200|1883|FLEXIVEL DE FREIO M16XM16|||8|00|87169090||87||18|
|0200|1893|LONA DE FREIO TH204|||8|00|68138190||68||18|
|0200|1894|LONA DE FREIO TH4516|||8|00|68138190||68||18|
|0200|1896|REBITE 10X14 ALUMINIO MACICO|||8|00|73182300||73||18|
|0200|1902|CONECTOR M16 X T.12MM RAPIDO|||8|00|73071920||73||18|
|0200|1918|PLUG SEXTAVADO M16|||8|00|76090000||76||18|
|0200|1929|PARAFUSO RODA DISCO 22X98|||8|00|73181500||73||18|
|0200|1957|THINNER PINTURA|7898011870063||4|00|38140090||38||18|
|0200|1961|DISCO SECO|5603902215586||59|00|68052000||68||18|
|0200|1978|CONECTOR M12 X T.10MM RAPIDO|||8|00|73071920||73||18|
|0200|1980|PARAFUSO SEX 1/4X1|0000003257685||8|00|73181500||73||18|
|0200|1987|CONECTOR M16 X T.10MM RAPIDO|||8|00|74122000||74||18|
|0200|2090|UNIAO 8MM RAPIDA|||8|00|74122000||74||18|
|0200|2144|VALVULA PUSH PULL M16|||8|00|87169090||87||18|
|0200|2145|VALVULA DRENO M22 X 1,5MM|||8|00|84818099||84||18|
|0200|2149|PARAFUSO PINO REI FLANGEADO 14X35|||8|00|73181500||73||18|
|0200|2235|GASOLINA COMUM LT|||7|00|27101259||27||18|
|0200|2316|VALVULA NIVELADORA SUSPENSAO AR|||8|00|84818099||84||18|
|0200|2452|PORCA PARLOCK 3/4|0000003260302||8|00|73181600||73||18|
|0200|2456|PORCA SEX 12MM|||8|00|73181600||73||18|
|0200|2466|PARAFUSO SEX 5/8X4|0000004325949||8|00|73181500||73||18|
|0200|2470|PINO CUICA 1/2X45X50|||8|00|73181500||73||18|
|0200|2491|PORCA SEX 5/16|0000004272663||8|00|73181600||73||18|
|0200|2685|PORTA GIRO 2 FLS. C/BAND. LAT. (PT10) C/VD 8MM, CO|||1184|00|76101000||76||18|
|0200|2703|GASOLINA COMUM|||7|00|27101259||27||18|
|0200|2818|TUBO SIKAFLEX|7898338998068||8|00|35061090||35||18|
|0200|2846|PARAFUSO SEX 5/8X3|||8|00|73181500||73||18|
|0200|2847|FLANGE DO PATIM RE|||8|00|87169090||87||18|
|0200|2849|CUPILHA 1/8X3|0200004426398||8|00|87169090||87||18|
|0200|2854|GRAXEIRA 1/8 RETA|0000004320814||8|00|84879000||84||18|
|0200|2862|PORCA PARLOCK 3/8|0200004383318||8|00|73181600||73||18|
|0200|2878|FAIXA REFLETIVA PARACHOQUE|||8|00|39199090||39||18|
|0200|2879|FAIXA REFLETIVA LATERAL|||8|00|87169090||87||18|
|0200|2882|PARAFUSO SEX 1/2X1.1/2|0200004412629||8|00|73181500||73||18|
|0200|2883|PORCA PARLOCK 1/2|0000003260296||8|00|73181600||73||18|
|0200|2884|ARRUELA LISA 1/2|0000003258873||8|00|73182200||73||18|
|0200|2887|PARAFUSO SEX 5/8X2.1/2|0200004485609||8|00|73181500||73||18|
|0200|2889|PORCA SEX 3/4|0000003260623||8|00|87169090||87||18|
|0200|2900|CINTA DO EIXO POLIESTER 38CMX6CM|||8|00|63079090||63||18|
|0200|2917|ARRUELA LISA 5/8|0000003258934||8|00|73182200||73||18|
|0200|2922|ARRUELA LISA 3/8|0000003258910||8|00|73182200||73||18|
|0200|2929|UNIAO 10MM RAPIDA|||8|00|87169090||87||18|
|0200|2945|FITA ISOLANTE 20 MTS 33+ SCOTH|||1|00|59061000||59||18|
|0200|2949|CUICA 30X30 HASTE LONGA REFORCADA|7895732721018||8|00|87169090||87||18|
|0200|2988|PARAFUSO SEX 5/16X1.1/2|0000003257999||8|00|73181500||73||18|
|0200|3000|EIXO S USINADO|||8|00|87169090||87||18|
|0200|3001|PORCA SEX 20MM|||8|00|87169090||87||18|
|0200|3008|PINO ANCORAGEM PATIM MASTER|||8|00|87169090||87||18|
|0200|3019|PARAFUSO SEX 3/8X1|0000003314418||8|00|73181500||73||18|
|0200|3020|PORCA SEX 3/8|0000003260548||8|00|73181600||73||18|
|0200|3050|PARAFUSO SEX 5/16X2|0000003258033||8|00|73181500||73||18|
|0200|3099|PORCA PARLOCK 24MM|||8|00|73181600||73||18|
|0200|3115|VALVULA 2/2 VIAS BLOQUEIO|||8|00|84812090||84||18|
|0200|3245|COTOVELO M16X10MM RAPIDO|||8|00|87169090||87||18|
|0200|3305|TEE MACHO CENTRAL 16XT.8MM|||8|00|74122000||74||18|
|0200|3347|TUBO TECALON 12MM|||23|00|39172900||39||18|
|0200|3376|SIRENE DE RE|||8|00|87169090||87||18|
|0200|3540|TAMPA DO CUBO RE|||8|00|87169090||87||18|
|0200|3771|PARAFUSO RODA DISCO 22X110|||8|00|87169090||87||18|
|0200|3795|LANTERNA DE PLACA COM LED|||8|00|87163900||87||18|
|0200|3936|CONECTOR 1/4XT.10MM RAPIDO|||8|00|73071920||73||18|
|0200|3976|ESPELHO DE RODA CARRETA RANDON RE|||8|00|87169090||87||18|
|0200|3981|CHAPA LISA RE|||6|00|87169090||87||18|
|0200|40|ACEM MOIDO|||6|00|02013000||02||0|
|0200|4036|UNIDUT MULTIPLO 3/4|||1|00|76090000||76||18|
|0200|4038|TAMPAO PLASTICO 3/4|||1|00|76090000||76||18|
|0200|4039|TAMPAO PLASTICO 1|||1|00|76090000||76||18|
|0200|4196|FAIXA REFLETIVA VEICULO LONGO|||8|00|39205100||39||18|
|0200|4199|PORCA SEX 5/8|||8|00|73181600||73||18|
|0200|4313|TEE MACHO CENTRAL 16XT.10MM|||8|00|87169090||87||18|
|0200|4480|FISCHER BUCHA SX06|||1|00|39269090||39||18|
|0200|4516|PARAFUSO SEX 3/8X1.1/2|0000003257814||8|00|73181500||73||18|
|0200|4527|CHAPA DOBRADA RE|||6|00|87169090||87||18|
|0200|4660|CUPILHA 1/8X2|||8|00|87169090||87||18|
|0200|4753|NIPLE M/F 1/4X16MM|||8|00|87169090||87||18|
|0200|4821|PARAFUSO SEX 12X110|||8|00|87169090||87||18|
|0200|4837|PARAFUSO SEX 3/4X6|||8|00|87169090||87||18|
|0200|4944|TRAMONTINA TAMPA 3/4" 1T|||1|00|76090000||76||18|
|0200|4951|TRAMONTINA TAMPA 1" 3T|||1|00|76090000||76||18|
|0200|4953|TRAMONTINA CONDULETE MULTIPLO X 1"|||1|00|76090000||76||18|
|0200|4954|TRAMONTINA TAMPA 1" CEGA|||1|00|76090000||76||18|
|0200|4996|SUPORTE DO ESTEPE FACCHINI RE|||8|00|87169090||87||18|
|0200|5209|PINO FUEIRO COM CORRENTE RE|||8|00|87169090||87||18|
|0200|5315|CABO PP 2X1|||23|00|87169090||87||18|
|0200|5354|KEYSTONE RJ45|||1|00|85369090||85||18|
|0200|5367|PARAFUSO SEX 22X100|||8|00|73181500||73||18|
|0200|5381|UNIAO 16MM|||8|00|87169090||87||18|
|0200|5397|CABO DE REDE NEXANS CAT5E AZUL|||9|00|85444900||85||18|
|0200|5407|CEBEL ABRACADEIRA TIPO D CHAVETA 1"|||1|00|73261900||73||18|
|0200|5463|TRANSMOBIL TOMADA DUPLA 10A BRANCA|||1|00|85366910||85||18|
|0200|5662|PARAFUSO SEX 20 MM|||8|00|87169090||87||18|
|0200|569|CABO REDE CAT5E - 4 PARES - DUPLA CAPA  BLINDADO|7898920131255||9|00|85444900||85||18|
|0200|5928|LANTERNA LATERAL LED FACCHINI BRANCA|||8|00|85122021||85||18|
|0200|5929|LANTERNA LATERAL LED FACCHINI LARANJA|||8|00|87169090||87||18|
|0200|5930|LANTERNA LATERAL REDONDA LED LARANJA|||8|00|87169090||87||18|
|0200|5979|TRAMONTINA CONDULETE MULTIPLO  X 3/4"|||1|00|76090000||76||18|
|0200|6|DIESEL S-10|||4|00|27101921||27||0|
|0200|601|CABO FLEXIVEL 2.50 MM2 VERDE 750V. COBRECOM|||9|00|85444900||85||18|
|0200|6019|CUPILHA 1/4X3|0200004433839||8|00|73182400||73||18|
|0200|602|CABO FLEXIVEL 2.50 MM2 AZUL 750V. COBRECOM|||9|00|85444900||85||18|
|0200|603|CABO FLEXIVEL 2.50 MM2 VERMELHO 750V. COBRECOM|||9|00|85444900||85||18|
|0200|6057|OLEO DIESEL B S-10 - COMUM|||5|07|27101921||27||18|
|0200|6060|FECHAMENTO TRASEIRO PARACHOQUE FACCHINI|||8|00|87169090||87||18|
|0200|6107|LANTERNA TRASEIRA IMPL C/LED 24V 2009 LD|||8|00|85122023||85||18|
|0200|6108|LANTERNA TRASEIRA IMPL C/LED 24V 2009 LE|||8|00|85122029||85||18|
|0200|6110|TOMADA ELETRICA 7 POLOS FEMEA CARRETA|||8|00|85365090||85||18|
|0200|6280|CABO PP 7X1|||23|00|85444900||85||18|
|0200|6281|TINTA VERDE FOLHA|7891323109197||4|00|32081010||32||18|
|0200|6312|PARAFUSO SEX 30X90|0200004510400||8|00|73181500||73||18|
|0200|63419|FILE FRANGO BIFE 100G|||6|00|02071400||02||18|
|0200|6381|PARAFUSO SEX 8X25|0200004425162||8|00|73181500||73||18|
|0200|63897|BISTEQUINHA LOMBO PACOTE CONGELADO KG|||6|00|02031100||02||18|
|0200|6419|ESPELHO RODA PLASTICO  CARRETA FACH ESQ.|||8|00|87169090||87||18|
|0200|6516|FITA LED VERMELHA|||23|00|87169090||87||18|
|0200|654|GASOLINA COMUM|||4|00|27101259||27||18|
|0200|6585|MANGUEIRA CRISTAL 12.7MM X 2MM|||8|00|87169090||87||18|
|0200|6598|PARAFUSO SEX 20X140|||8|00|73181500||73||18|
|0200|66199|CALABRESA AURORA KG PC 5.0|7891164005030||8|00|16010000||16||18|
|0200|66219|LINGUICA TOSCANA PERDIGAO NA BRASA KG PC 5.0|7891515907839||8|00|16010000||16||18|
|0200|6742|ARLA 32 GRANEL|||5|00|31021010||31||18|
|0200|70051|CARCACA DE PNEU|||1|00|40122000||40||18|
|0200|70308700800122|REFEI√OES M√DIA|||1|00|21069090||21||0|
|0200|719|OD B S-10 ORIGINAL|||4|00|27101921||27||18|
|0200|724|GASOLINA ORIGINAL C|||4|00|27101259||27||18|
|0200|799|BUCHA DO EIXO S TUBELESS DE FERRO|||8|00|87089990||87||18|
|0200|91042356000103|DIESEL B S10|||366|00|27101921|00|27||18|
|0200|91042356000299|ARRUELA LISA 1/4|||1|00|73182100||73||0|
|0200|91042356000491|OLEO DIESEL S10 COMUM|||5|00|27101921||27||0|
|0200|95832300850132|RUCULA|||305|00|07019000||07||18|
|0200|95832300850133|LIMAO TAYTI|||6|00|08055000||08||0|
|0200|95832300850138|BATATA|||6|00|07101000||07||0|
|0200|95832300850140|CHEIRO VERDE|||305|00|07019000||07||18|
|0200|95832300850141|CEBOLA|||6|00|07031019||07||18|
|0200|95832300850142|TOMATE SALADA|||6|00|07020000||07||18|
|0200|95832300850143|ALFACE|||305|00|07051900||07||18|
|0200|95832300850199|ARRUELA LISA 5/16|||1|00|73182100||73||18|
|0200|95832300850283|ORIGINAL DIESEL S10|||5|00|27101921||27||18|
|0200|99947725150242|OLEO DIESEL B S10|||5|00|27101921||27||18|
|0200|99947725150380|OLEO DIESEL B S10|||5|00|27101921||27||0|
|0200|99947725150561|PORCA SEX 1/4|0000003260517||8|00|73181600||73||18|
|0200|99947725150608|DIESEL BS10 COMUM|||5|00|27101921||27||18|
|0200|99947725150620|FIXADOR DO ROLETE|||8|00|87169090||87||18|
|0200|99947725150621|MOLA PATIM MASTER 1 GOMO|||8|00|73209000||73||18|
|0200|99947725150708|PARAFUSO SEX 5/16X1|0000003257982||8|00|73181500||73||0|
|0200|99947725150709|PORCA SEX 1/2|||8|00|87169090||87||18|
|0200|99947725150735|ARRUELA DO EIXO S 42MM|||8|00|73182200||73||18|
|0200|99947725150739|TRAVA DO EIXO S MEIA LUA|||8|00|73209000||73||18|
|0200|99947725150740|ARRUELA DO EIXO S 32MM|||8|00|87085091||87||18|
|0200|99947725150741|ANEL ORING EIXO S TUBELESS|||8|00|87083090||87||18|
|0200|99947725150742|BUCHA DO EIXO S TUBELESS DE PLASTICO|||8|00|87169090||87||18|
|0200|99947725150745|ARRUELA DESGASTE SUSPENSAO PNEU FACCHINI|||8|00|87089990||87||18|
|0200|99947725150751|LANTERNA LATERAL BV/24 COM CABOS 85MM|||8|00|85122022||85||18|
|0200|99947725150770|SOQUETE FLUOR ANTIVIBRATORIO REDY|||1|00|85366100||85||0|
|0200|99947725150777|UNIDUT RETO 1" (LUVA SEM ROSCA)|||1|00|76090000||76||18|
|0200|99947725150778|CURVA GALVANIZADA C 1|||1|00|73079200||73||18|
|0200|99947725150779|UNIDUT MULTIPLO 1|||1|00|76090000||76||18|
|0200|99947725150780|ELETRODUTO GALVANIZADO C 1|7899833500022||1|00|73063000||73||18|
|0200|99947725150808|PORCA PARLOCK 5/8|0000003260333||8|00|73181600||73||18|
|0200|99954011210125|SENSOR PECA INSTALADA:AAA207081000 4-03 221124-0801|||1|00|90271000||90||18|
|0200|99954011210145|GASOLINA COMUM|||5|00|27101259||27||0|
|0200|99954011210156|GASOLINA C COMUM|||5|00|27101259||27||18|
|0200|99954011210194|ENGATE RAPIDO FEMEA 16MM|||8|00|73071920||73||18|
|0200|99954011210208|VALVULA FREIO ABS BREX TRISTOP RE|||8|00|87083090||87||18|
|0200|99954011210212|MANCAL DO SUPORTE SUSP PNEUM FACCHINI IN|||8|00|87169090||87||0|
|0200|99954011210214|MANGUEIRA ESPIRAL UNIVERSAL C/NIPLE AMARELA|||8|00|39174090||39||18|
|0200|99954011210215|ANEL TRAVA DO EIXO S 32MM|||8|00|73182900||73||18|
|0200|99954011210271|PARAFUSO CHIPBOARD 3.5 X 45|||1|00|73181500||73||18|
|0200|99954011210274|DIESEL S10 RENDMAX|||1145|00|27101921||27||18|
|0200|99954011210281|ORIGINAL GASOLINA|||5|00|27101259||27||0|
|0200|99954011210284|GASOLINA COMUM|||1145|00|27101259||27||18|
|0200|99954011210294|GASOLINA COMUM|||4|00|27101259||27||18|
|0200|99954011210310|JAQUETA|||8|00|63090010||63||18|
|0200|99954011210336|BUCHA TENSOR RANDON 2000|||8|00|87089990||87||18|
|0200|99954011210337|SUPORTE DA LANTERNA LATERAL CARRETA|||8|00|87169090||87||18|
|0200|99954011210338|BUCHA DO PINO DO PATIM MASTER|||8|00|87083090||87||18|
|0200|99954011210361|JUNCAO PROLONGADORA VALVULA NIVELADORA|||8|00|87089990||87||18|
|0200|99954011210367|PARAFUSO SEX 5/8X7|||8|00|87169090||87||18|
|0200|99954011210368|VALVULA R12 M22XM16XM16|||8|00|87169090||87||18|
|0200|99954011210370|PINO TENSOR RANDON 2000|||8|00|73181500||73||18|
|0200|99954011210373|CANALETA SISTEMA X DP FACE 10X10 SCHNEIDER|||1|00|39259090||39||18|
|0200|99954011210374|TRANSMOBIL TOMADA DUPLA 20A BRANCA|||1|00|85366910||85||18|
|0200|99954011210375|RADIAL 1T SIMPLES S/PLACA*|||1|00|85365090||85||18|
|0200|99954011210376|TRAMONTINA TAMPA 1" 1 RJ|||1|00|76090000||76||18|
|0200|99954011210377|CHASSI|||1|00|84799090||84||18|
|0200|99954011210378|GASOLINA COMUM|||7|00|27101259||27||18|
|0200|99954011210379|GASOLINA COMUM|||5|00|27101259||27||0|
|0200|99954011210380|FONTE 48V INJETOR POE|7896637679831||1|00|84733011||84||18|
|0200|99954011210381|ESTICADOR DE CUNHA P/ CABO DROP|||1|00|73269090||73||18|
|0200|99954011210382|ESPELHO RODA PLASTICO  CARRETA FACH DIR.|||8|00|87169090||87||18|
|0200|99954011210383|COTOVELO M16X16MM RAPIDO|||8|00|74122000||74||18|
|0200|99954011210384|TOMADA FEMEA 7|||8|00|85365090||85||18|
|0200|C1|GASOLINA A COMUM|||16|00|27101259||27||18|
|0200|C158|ETANOL HIDRATADO COMUM|||5|00|22071090||22||18|
|0200|VO20592783|BRACADEIRA|||1|00|73269090||73||18|
|0200|VO8291048|GRAXA|||1|00|27101999||27||18|
|0200|VO85023410|JOGO DE REPARO|||1|00|84099999||84||18|
|0200|VO85023466|SECADOR DE AR, REM|||127|00|84213990||84||18|
|0400|1949|OUTRA ENTRADAMERC/PREST.SERV.N√O ESTABEL|
|0400|1556|COMPRA MATERIAL USO E CONSUMO|
|0400|1653|COMPRA COMBUSTÕVEIS|
|0400|1407|COMPRA USO/CONSUMO.SUJ.SUBST.TRIBUT¡RIA|
|0400|1916|RETORNO MERC/BRM REMET.P/CONSERTO|
|0500|01012020|04|A|5|312|FRETES E CARRETOS|3.01.01.09.01.99||
|0500|01012020|04|A|5|532|COMBUSTÕVEIS E LUBRIFICANTES|3.01.01.09.01.99||
|0500|01012020|01|A|5|582|MERCADORIA|1.01.03.01.01||
|0500|01012020|04|A|5|11320|SERVI«OS DE TRANSPORTES PRESTADOS|3.01.01.01.01.06||
|0500|01012020|04|A|5|3.1.01.01.03.00|COMPRA DE MERCADORIA P USO E CONSUMO|||
|0500|01012020|04|A|5|3.1.03.01.04.00|DEVOLUCAO DE VENDAS - TRIB.|||
|0500|01012020|04|A|5|3.5.01.01.02.00|CONTRIB. SOCIAL RECOLHER|||
|0500|01012020|04|A|5|10097|MATERIAL DE USO E CONSUMO|3.01.01.07.01.40||
|0900|0|0|0|0|0|0|0|0|0|0|0|0|0|0|
|0990|297|
|A001|1|
|A990|2|
|C001|0|
|C010|05367368000106|2|
|C100|0|1|FOR000000086|55|00|006|75946|35240304422548000180550060000759461307806884|01032024|01032024|5410,6|2|0|0|5410,6|9|0|0|0|0|0|0|0|0|89,27|411,21|0|0|
|C170|1|VO85023410||1|1|5410,6|0|0|060|1407|1407|0|0|0|0|0|0||||0|0|0|51|5410,6|1,65|||89,27|51|5410,6|7,6|||411,21|3.1.01.01.03.00|
|C100|0|1|FOR000000086|55|00|006|75978|35240304422548000180550060000759781020669745|01032024|01032024|8859|2|1683,21|0|10542,21|9|0|0|0|0|0|0|0|0|146,17|673,28|0|0|
|C170|1|VO85023466||1|127|10542,21|1683,21|0|260|1407|1407|0|0|0|0|0|0||||0|0|0|51|8859|1,65|||146,17|51|8859|7,6|||673,28|3.1.01.01.03.00|
|C100|0|1|FOR000000091|55|00|005|300243|35240307126651000171550050003002431837897379|04032024|04032024|846,09|2|0|0|846,09|9|0|0|0|0|0|0|0|0|13,96|64,3|0|0|
|C170|1|99947725150380||153|5|846,09|0|0|061|1653|1653|0|0|0|0|0|0||||0|0|0|51|846,09|1,65|||13,96|51|846,09|7,6|||64,3|3.1.01.01.03.00|
|C100|0|1|FOR000000095|55|00|001|304959|35240309112471000166550010003049591001336067|08032024|08032024|64,03|2|0|0|64,03|9|0|0|0|0|0|0|0|0|0|0|0|0|
|C170|1|C1||11,879|5|64,03|0|0|061|1653|1653|0|0|0|0|0|0||||0|0|0|70|0|0|||0|70|0|0|||0|3.1.01.01.03.00|
|C100|0|1|FOR000000095|55|00|001|305139|35240309112471000166550010003051391001337860|09032024|09032024|156,96|2|0|0|156,96|9|0|0|0|0|0|0|0|0|0|0|0|0|
|C170|1|C1||29,121|5|156,96|0|0|061|1653|1653|0|0|0|0|0|0||||0|0|0|70|0|0|||0|70|0|0|||0|3.1.01.01.03.00|
|C100|0|1|FOR000000115|55|00|001|460780|35240367943738000163550010004607801003345218|01032024|01032024|1|2|0|0|1|9|0|0|0|0|0|0|0|0|0|0|0|0|
|C170|1|70051||1|1|1|0|0|000|1916|1916|0|0|0|0|0|0||||0|0|0|70|0|0|||0|70|0|0|||0|3.1.01.01.03.00|
|C100|0|1|FOR000000115|55|00|001|460909|35240367943738000163550010004609091001328664|04032024|04032024|1|2|0|0|1|9|0|0|0|0|0|0|0|0|0|0|0|0|
|C170|1|70051||1|1|1|0|0|000|1916|1916|0|0|0|0|0|0||||0|0|0|70|0|0|||0|70|0|0|||0|3.1.01.01.03.00|
|C100|0|1|FOR000000115|55|00|001|460910|35240367943738000163550010004609101007764629|04032024|04032024|11|2|0|0|11|9|0|0|0|0|0|0|0|0|0|0|0|0|
|C170|1|70051||1|1|1|0|0|000|1916|1916|0|0|0|0|0|0||||0|0|0|70|0|0|||0|70|0|0|||0|3.1.01.01.03.00|
|C170|2|70051||1|1|1|0|0|000|1916|1916|0|0|0|0|0|0||||0|0|0|70|0|0|||0|70|0|0|||0|3.1.01.01.03.00|
|C170|3|70051||1|1|1|0|0|000|1916|1916|0|0|0|0|0|0||||0|0|0|70|0|0|||0|70|0|0|||0|3.1.01.01.03.00|
|C170|4|70051||1|1|1|0|0|000|1916|1916|0|0|0|0|0|0||||0|0|0|70|0|0|||0|70|0|0|||0|3.1.01.01.03.00|
|C170|5|70051||1|1|1|0|0|000|1916|1916|0|0|0|0|0|0||||0|0|0|70|0|0|||0|70|0|0|||0|3.1.01.01.03.00|
|C170|6|70051||1|1|1|0|0|000|1916|1916|0|0|0|0|0|0||||0|0|0|70|0|0|||0|70|0|0|||0|3.1.01.01.03.00|
|C170|7|70051||1|1|1|0|0|000|1916|1916|0|0|0|0|0|0||||0|0|0|70|0|0|||0|70|0|0|||0|3.1.01.01.03.00|
|C170|8|70051||1|1|1|0|0|000|1916|1916|0|0|0|0|0|0||||0|0|0|70|0|0|||0|70|0|0|||0|3.1.01.01.03.00|
|C170|9|70051||1|1|1|0|0|000|1916|1916|0|0|0|0|0|0||||0|0|0|70|0|0|||0|70|0|0|||0|3.1.01.01.03.00|
|C170|10|70051||1|1|1|0|0|000|1916|1916|0|0|0|0|0|0||||0|0|0|70|0|0|||0|70|0|0|||0|3.1.01.01.03.00|
|C170|11|70051||1|1|1|0|0|000|1916|1916|0|0|0|0|0|0||||0|0|0|70|0|0|||0|70|0|0|||0|3.1.01.01.03.00|
|C100|0|1|FOR000000115|55|00|001|460911|35240367943738000163550010004609111002686791|04032024|04032024|2|2|0|0|2|9|0|0|0|0|0|0|0|0|0|0|0|0|
|C170|1|70051||1|1|1|0|0|000|1916|1916|0|0|0|0|0|0||||0|0|0|70|0|0|||0|70|0|0|||0|3.1.01.01.03.00|
|C170|2|70051||1|1|1|0|0|000|1916|1916|0|0|0|0|0|0||||0|0|0|70|0|0|||0|70|0|0|||0|3.1.01.01.03.00|
|C100|0|1|FOR000000150|55|00|001|340|35240320221270000130550010000003401040401003|08032024|08032024|6613|2|0|0|6613|9|0|0|0|0|0|0|0|0|0|0|0|0|
|C170|1|70308700800122||389|1|6613|0|0|102|1556|1556|0|0|0|0|0|0||||0|0|0|70|0|0|||0|70|0|0|||0|3.1.01.01.03.00|
|C100|0|1|FOR000000158|55|00|001|1758|35240334197748000148550010000017581521201757|18032024|18032024|15000|2|0|0|15000|9|0|0|0|0|0|0|0|0|0|0|0|0|
|C170|1|99954011210310||100|8|15000|0|0|102|1556|1556|0|0|0|0|0|0||||0|0|0|70|0|0|||0|70|0|0|||0|3.1.01.01.03.00|
|C100|0|1|FOR000000230|55|00|002|3551|35240303561295000163550020000035511133971660|14032024|14032024|921,57|2|0,01|0|921,58|9|0|0|0|0|0|0|0|0|0,38|1,73|0|0|
|C170|1|569||29|9|466,65|0,01|0|102|1556|1556|0|0|0|0|0|0||||0|0|0|70|0|0|||0|70|0|0|||0|3.1.01.01.03.00|
|C170|2|99954011210380||1|1|350,78|0|0|102|1556|1556|0|0|0|0|0|0||||0|0|0|70|0|0|||0|70|0|0|||0|3.1.01.01.03.00|
|C170|3|1253||2|1|5,22|0|0|500|1407|1407|0|0|0|0|0|0||||0|0|0|51|5,22|1,65|||0,09|51|5,22|7,6|||0,4|3.1.01.01.03.00|
|C170|4|1449||1|1|81,44|0|0|102|1556|1556|0|0|0|0|0|0||||0|0|0|70|0|0|||0|70|0|0|||0|3.1.01.01.03.00|
|C170|5|99954011210381||2|1|17,49|0|0|500|1407|1407|0|0|0|0|0|0||||0|0|0|51|17,49|1,65|||0,29|51|17,49|7,6|||1,33|3.1.01.01.03.00|
|C100|0|1|FOR000000287|55|00|001|27577|50240375642256001416550010000275771171075693|12032024|12032024|3764,9|2|0|0|3764,9|9|0|0|0|0|0|0|0|0|62,12|286,13|0|0|
|C170|1|99954011210125||1|1|3756,5|0|0|260|2407|1407|0|0|0|0|0|0||||0|0|0|51|3756,5|1,65|||61,98|51|3756,5|7,6|||285,49|3.1.01.01.03.00|
|C170|2|VO20592783||8|1|8,4|0|0|060|2407|1407|0|0|0|0|0|0||||0|0|0|51|8,4|1,65|||0,14|51|8,4|7,6|||0,64|3.1.01.01.03.00|
|C100|0|1|FOR000000287|55|00|001|27578|50240375642256001416550010000275781768601981|12032024|12032024|42,71|2|0|0|42,71|9|0|0|0|0|0|0|0|0|0|0|0|0|
|C170|1|99954011210377||1|1|42,71|0|0|060|2949|1949|0|0|0|0|0|0||||0|0|0|70|0|0|||0|70|0|0|||0|3.1.01.01.03.00|
|C100|0|1|FOR000000305|55|00|001|3031|51240337085588000133550010000030311585680718|11032024|11032024|2892,41|2|0|0|2892,41|9|0|0|0|0|0|0|0|0|47,72|219,82|0|0|
|C170|1|6057||441,59|5|2892,41|0|0|061|2653|1653|0|0|0|0|0|0||||0|0|0|51|2892,41|1,65|||47,72|51|2892,41|7,6|||219,82|3.1.01.01.03.00|
|C100|0|1|FOR000000541|55|00|001|126538|35240353696886000116550010001265381001273854|12032024|12032024|261,41|2|0|0|245,05|9|0|0|16,36|0|0|0|0|0|4,04|18,62|0|0|
|C170|1|99954011210379||40,91|5|245,05|0|0|061|1653|1653|0|0|0|0|0|0||||0|0|0|51|245,05|1,65|||4,04|51|245,05|7,6|||18,62|3.1.01.01.03.00|
|C100|0|1|FOR000000541|55|00|001|126539|35240353696886000116550010001265391001273860|12032024|12032024|177,28|2|51,01|0|228,29|9|0|0|0|0|0|0|0|0|2,93|13,47|0|0|
|C170|1|99947725150242||32,29|5|228,29|51,01|0|061|1653|1653|0|0|0|0|0|0||||0|0|0|51|177,28|1,65|||2,93|51|177,28|7,6|||13,47|3.1.01.01.03.00|
|C100|0|1|FOR000000547|55|00|003|79667|35240365922999000171550030000796671138700737|12032024|12032024|287,01|2|0|0|287,01|9|0|0|0|0|0|0|0|0|4,74|21,81|0|0|
|C170|1|99954011210378||48,728|7|287,01|0|0|061|1653|1653|0|0|0|0|0|0||||0|0|0|51|287,01|1,65|||4,74|51|287,01|7,6|||21,81|3.1.01.01.03.00|
|C100|0|1|FOR000000547|55|00|003|80998|35240365922999000171550030000809981130952457|28032024|28032024|245,3|2|0|0|245,3|9|0|0|0|0|0|0|0|0|4,05|18,64|0|0|
|C170|1|99954011210378||41,647|7|245,3|0|0|061|1653|1653|0|0|0|0|0|0||||0|0|0|51|245,3|1,65|||4,05|51|245,3|7,6|||18,64|3.1.01.01.03.00|
|C100|0|1|FOR000000626|55|00|001|543509|31240319046218000962550010005435091303109944|06032024|06032024|239,53|2|0|0|239,53|9|0|0|0|0|0|0|0|0|3,95|18,2|0|0|
|C170|1|99954011210156||42,85|5|239,53|0|0|061|2653|1653|0|0|0|0|0|0||||0|0|0|51|239,53|1,65|||3,95|51|239,53|7,6|||18,2|3.1.01.01.03.00|
|C100|0|1|FOR000000633|55|00|001|11220|35240303546014000101550010000112201031112200|01032024|01032024|2058,79|2|0|0|2058,79|9|0|0|0|0|0|0|0|0|33,98|156,46|0|0|
|C170|1|99954011210271||40|1|4|0|0|500|1407|1407|0|0|0|0|0|0||||0|0|0|51|4|1,65|||0,07|51|4|7,6|||0,3|3.1.01.01.03.00|
|C170|2|4953||12|1|148,8|0|0|500|1407|1407|0|0|0|0|0|0||||0|0|0|51|148,8|1,65|||2,46|51|148,8|7,6|||11,31|3.1.01.01.03.00|
|C170|3|4951||6|1|39,6|0|0|500|1407|1407|0|0|0|0|0|0||||0|0|0|51|39,6|1,65|||0,65|51|39,6|7,6|||3,01|3.1.01.01.03.00|
|C170|4|99954011210376||5|1|48,5|0|0|500|1407|1407|0|0|0|0|0|0||||0|0|0|51|48,5|1,65|||0,8|51|48,5|7,6|||3,69|3.1.01.01.03.00|
|C170|5|5463||5|1|74,5|0|0|500|1407|1407|0|0|0|0|0|0||||0|0|0|51|74,5|1,65|||1,23|51|74,5|7,6|||5,66|3.1.01.01.03.00|
|C170|6|99954011210374||1|1|16,5|0|0|500|1407|1407|0|0|0|0|0|0||||0|0|0|51|16,5|1,65|||0,27|51|16,5|7,6|||1,25|3.1.01.01.03.00|
|C170|7|5354||5|1|43,5|0|0|500|1407|1407|0|0|0|0|0|0||||0|0|0|51|43,5|1,65|||0,72|51|43,5|7,6|||3,31|3.1.01.01.03.00|
|C170|8|4039||22|1|14,3|0|0|500|1407|1407|0|0|0|0|0|0||||0|0|0|51|14,3|1,65|||0,24|51|14,3|7,6|||1,09|3.1.01.01.03.00|
|C170|9|99947725150779||18|1|73,8|0|0|500|1407|1407|0|0|0|0|0|0||||0|0|0|51|73,8|1,65|||1,22|51|73,8|7,6|||5,61|3.1.01.01.03.00|
|C170|10|99947725150777||7|1|35,84|0|0|500|1407|1407|0|0|0|0|0|0||||0|0|0|51|35,84|1,65|||0,59|51|35,84|7,6|||2,72|3.1.01.01.03.00|
|C170|11|99947725150778||4|1|26,8|0|0|500|1407|1407|0|0|0|0|0|0||||0|0|0|51|26,8|1,65|||0,44|51|26,8|7,6|||2,04|3.1.01.01.03.00|
|C170|12|99947725150780||9|1|251,1|0|0|102|1556|1556|0|0|0|0|0|0||||0|0|0|51|251,1|1,65|||4,14|51|251,1|7,6|||19,08|3.1.01.01.03.00|
|C170|13|5407||10|1|31,5|0|0|500|1407|1407|0|0|0|0|0|0||||0|0|0|51|31,5|1,65|||0,52|51|31,5|7,6|||2,39|3.1.01.01.03.00|
|C170|14|5397||190|9|665|0|0|500|1407|1407|0|0|0|0|0|0||||0|0|0|51|665|1,65|||10,97|51|665|7,6|||50,54|3.1.01.01.03.00|
|C170|15|99954011210373||2|1|27,8|0|0|500|1407|1407|0|0|0|0|0|0||||0|0|0|51|27,8|1,65|||0,46|51|27,8|7,6|||2,11|3.1.01.01.03.00|
|C170|16|99947725150770||16|1|62,4|0|0|500|1407|1407|0|0|0|0|0|0||||0|0|0|51|62,4|1,65|||1,03|51|62,4|7,6|||4,74|3.1.01.01.03.00|
|C170|17|1560||8|1|119,2|0|0|500|1407|1407|0|0|0|0|0|0||||0|0|0|51|119,2|1,65|||1,97|51|119,2|7,6|||9,06|3.1.01.01.03.00|
|C170|18|603||50|9|101|0|0|500|1407|1407|0|0|0|0|0|0||||0|0|0|51|101|1,65|||1,67|51|101|7,6|||7,68|3.1.01.01.03.00|
|C170|19|601||50|9|101|0|0|500|1407|1407|0|0|0|0|0|0||||0|0|0|51|101|1,65|||1,67|51|101|7,6|||7,68|3.1.01.01.03.00|
|C170|20|602||50|9|101|0|0|500|1407|1407|0|0|0|0|0|0||||0|0|0|51|101|1,65|||1,67|51|101|7,6|||7,68|3.1.01.01.03.00|
|C170|21|2945||1|1|30,9|0|0|500|1407|1407|0|0|0|0|0|0||||0|0|0|51|30,9|1,65|||0,51|51|30,9|7,6|||2,35|3.1.01.01.03.00|
|C170|22|4480||40|1|10,4|0|0|500|1407|1407|0|0|0|0|0|0||||0|0|0|51|10,4|1,65|||0,17|51|10,4|7,6|||0,79|3.1.01.01.03.00|
|C170|23|99954011210375||1|1|4,8|0|0|500|1407|1407|0|0|0|0|0|0||||0|0|0|51|4,8|1,65|||0,08|51|4,8|7,6|||0,36|3.1.01.01.03.00|
|C170|24|4038||3|1|1,2|0|0|500|1407|1407|0|0|0|0|0|0||||0|0|0|51|1,2|1,65|||0,02|51|1,2|7,6|||0,09|3.1.01.01.03.00|
|C170|25|5979||1|1|7,4|0|0|500|1407|1407|0|0|0|0|0|0||||0|0|0|51|7,4|1,65|||0,12|51|7,4|7,6|||0,56|3.1.01.01.03.00|
|C170|26|4954||1|1|4,4|0|0|500|1407|1407|0|0|0|0|0|0||||0|0|0|51|4,4|1,65|||0,07|51|4,4|7,6|||0,33|3.1.01.01.03.00|
|C170|27|4944||1|1|4,4|0|0|500|1407|1407|0|0|0|0|0|0||||0|0|0|51|4,4|1,65|||0,07|51|4,4|7,6|||0,33|3.1.01.01.03.00|
|C170|28|4036||3|1|9,15|0|0|500|1407|1407|0|0|0|0|0|0||||0|0|0|51|9,15|1,65|||0,15|51|9,15|7,6|||0,7|3.1.01.01.03.00|
|C100|0|1|FOR000000651|55|00|001|93692|35240305379744000182550010000936921000412735|01032024|01032024|209,48|2|0|0|209,48|9|0|0|0|0|0|0|0|0|3,46|15,92|0|0|
|C170|1|10011713||36,817|5|209,48|0|0|061|1653|1653|0|0|0|0|0|0||||0|0|0|51|209,48|1,65|||3,46|51|209,48|7,6|||15,92|3.1.01.01.03.00|
|C100|0|1|FOR000000651|55|00|001|93693|35240305379744000182550010000936931000412740|01032024|01032024|282,07|2|0|0|282,07|9|0|0|0|0|0|0|0|0|4,65|21,44|0|0|
|C170|1|10011674||46,394|5|282,07|0|0|061|1653|1653|0|0|0|0|0|0||||0|0|0|51|282,07|1,65|||4,65|51|282,07|7,6|||21,44|3.1.01.01.03.00|
|C100|0|1|FOR000000651|55|00|001|93694|35240305379744000182550010000936941000412756|01032024|01032024|367,03|2|0|0|367,03|9|0|0|0|0|0|0|0|0|6,06|27,89|0|0|
|C170|1|10011674||60,367|5|367,03|0|0|061|1653|1653|0|0|0|0|0|0||||0|0|0|51|367,03|1,65|||6,06|51|367,03|7,6|||27,89|3.1.01.01.03.00|
|C100|0|1|FOR000000651|55|00|001|93702|35240305379744000182550010000937021000412830|02032024|02032024|146,51|2|0|0|146,51|9|0|0|0|0|0|0|0|0|2,42|11,13|0|0|
|C170|1|10011713||25,749|5|146,51|0|0|061|1653|1653|0|0|0|0|0|0||||0|0|0|51|146,51|1,65|||2,42|51|146,51|7,6|||11,13|3.1.01.01.03.00|
|C100|0|1|FOR000000651|55|00|001|93704|35240305379744000182550010000937041000412851|02032024|02032024|294,78|2|0|0|294,78|9|0|0|0|0|0|0|0|0|4,86|22,4|0|0|
|C170|1|10011713||51,808|5|294,78|0|0|061|1653|1653|0|0|0|0|0|0||||0|0|0|51|294,78|1,65|||4,86|51|294,78|7,6|||22,4|3.1.01.01.03.00|
|C100|0|1|FOR000000651|55|00|001|93753|35240305379744000182550010000937531000413348|04032024|04032024|182,02|2|0|0|182,02|9|0|0|0|0|0|0|0|0|3|13,83|0|0|
|C170|1|10011713||31,99|5|182,02|0|0|061|1653|1653|0|0|0|0|0|0||||0|0|0|51|182,02|1,65|||3|51|182,02|7,6|||13,83|3.1.01.01.03.00|
|C100|0|1|FOR000000651|55|00|001|93754|35240305379744000182550010000937541000413353|04032024|04032024|248,31|2|0|0|248,31|9|0|0|0|0|0|0|0|0|4,1|18,87|0|0|
|C170|1|10011713||43,64|5|248,31|0|0|061|1653|1653|0|0|0|0|0|0||||0|0|0|51|248,31|1,65|||4,1|51|248,31|7,6|||18,87|3.1.01.01.03.00|
|C100|0|1|FOR000000651|55|00|001|93755|35240305379744000182550010000937551000413369|04032024|04032024|193,86|2|0|0|193,86|9|0|0|0|0|0|0|0|0|3,2|14,73|0|0|
|C170|1|10011713||34,071|5|193,86|0|0|061|1653|1653|0|0|0|0|0|0||||0|0|0|51|193,86|1,65|||3,2|51|193,86|7,6|||14,73|3.1.01.01.03.00|
|C100|0|1|FOR000000651|55|00|001|93756|35240305379744000182550010000937561000413374|04032024|04032024|230,05|2|0|0|230,05|9|0|0|0|0|0|0|0|0|3,8|17,48|0|0|
|C170|1|10011713||40,431|5|230,05|0|0|061|1653|1653|0|0|0|0|0|0||||0|0|0|51|230,05|1,65|||3,8|51|230,05|7,6|||17,48|3.1.01.01.03.00|
|C100|0|1|FOR000000651|55|00|001|93757|35240305379744000182550010000937571000413380|04032024|04032024|299,53|2|0|0|299,53|9|0|0|0|0|0|0|0|0|4,94|22,76|0|0|
|C170|1|10011674||49,265|5|299,53|0|0|061|1653|1653|0|0|0|0|0|0||||0|0|0|51|299,53|1,65|||4,94|51|299,53|7,6|||22,76|3.1.01.01.03.00|
|C100|0|1|FOR000000651|55|00|001|93758|35240305379744000182550010000937581000413395|04032024|04032024|206,25|2|0|0|206,25|9|0|0|0|0|0|0|0|0|3,4|15,68|0|0|
|C170|1|10011713||36,249|5|206,25|0|0|061|1653|1653|0|0|0|0|0|0||||0|0|0|51|206,25|1,65|||3,4|51|206,25|7,6|||15,68|3.1.01.01.03.00|
|C100|0|1|FOR000000651|55|00|001|93759|35240305379744000182550010000937591000413406|04032024|04032024|261,75|2|7,84|0|269,59|9|0|0|0|0|0|0|0|0|4,32|19,89|0|0|
|C170|1|10011713||47,381|5|269,59|7,84|0|061|1653|1653|0|0|0|0|0|0||||0|0|0|51|261,75|1,65|||4,32|51|261,75|7,6|||19,89|3.1.01.01.03.00|
|C100|0|1|FOR000000651|55|00|001|93765|35240305379744000182550010000937651000413462|05032024|05032024|207|2|0|0|207|9|0|0|0|0|0|0|0|0|3,42|15,73|0|0|
|C170|1|10011713||36,38|5|207|0|0|061|1653|1653|0|0|0|0|0|0||||0|0|0|51|207|1,65|||3,42|51|207|7,6|||15,73|3.1.01.01.03.00|
|C100|0|1|FOR000000651|55|00|001|93766|35240305379744000182550010000937661000413478|05032024|05032024|125,18|2|0|0|125,18|9|0|0|0|0|0|0|0|0|2,07|9,51|0|0|
|C170|1|10011713||22|5|125,18|0|0|061|1653|1653|0|0|0|0|0|0||||0|0|0|51|125,18|1,65|||2,07|51|125,18|7,6|||9,51|3.1.01.01.03.00|
|C100|0|1|FOR000000651|55|00|001|93767|35240305379744000182550010000937671000413483|05032024|05032024|256,05|2|0|0|256,05|9|0|0|0|0|0|0|0|0|4,22|19,46|0|0|
|C170|1|10011713||45|5|256,05|0|0|061|1653|1653|0|0|0|0|0|0||||0|0|0|51|256,05|1,65|||4,22|51|256,05|7,6|||19,46|3.1.01.01.03.00|
|C100|0|1|FOR000000651|55|00|001|93785|35240305379744000182550010000937851000413660|07032024|07032024|151,64|2|0|0|151,64|9|0|0|0|0|0|0|0|0|2,5|11,52|0|0|
|C170|1|10011674||24,941|5|151,64|0|0|061|1653|1653|0|0|0|0|0|0||||0|0|0|51|151,64|1,65|||2,5|51|151,64|7,6|||11,52|3.1.01.01.03.00|
|C100|0|1|FOR000000651|55|00|001|93786|35240305379744000182550010000937861000413675|07032024|07032024|120,01|2|0|0|120,01|9|0|0|0|0|0|0|0|0|1,98|9,12|0|0|
|C170|1|10011713||21,092|5|120,01|0|0|061|1653|1653|0|0|0|0|0|0||||0|0|0|51|120,01|1,65|||1,98|51|120,01|7,6|||9,12|3.1.01.01.03.00|
|C100|0|1|FOR000000651|55|00|001|93787|35240305379744000182550010000937871000413680|07032024|07032024|269,25|2|0|0|269,25|9|0|0|0|0|0|0|0|0|4,44|20,46|0|0|
|C170|1|10011713||47,32|5|269,25|0|0|061|1653|1653|0|0|0|0|0|0||||0|0|0|51|269,25|1,65|||4,44|51|269,25|7,6|||20,46|3.1.01.01.03.00|
|C100|0|1|FOR000000651|55|00|001|93788|35240305379744000182550010000937881000413696|07032024|07032024|203,11|2|0|0|203,11|9|0|0|0|0|0|0|0|0|3,35|15,44|0|0|
|C170|1|10011713||35,696|5|203,11|0|0|061|1653|1653|0|0|0|0|0|0||||0|0|0|51|203,11|1,65|||3,35|51|203,11|7,6|||15,44|3.1.01.01.03.00|
|C100|0|1|FOR000000651|55|00|001|93789|35240305379744000182550010000937891000413707|07032024|07032024|244|2|0|0|244|9|0|0|0|0|0|0|0|0|4,03|18,54|0|0|
|C170|1|10011713||42,883|5|244|0|0|061|1653|1653|0|0|0|0|0|0||||0|0|0|51|244|1,65|||4,03|51|244|7,6|||18,54|3.1.01.01.03.00|
|C100|0|1|FOR000000651|55|00|001|93790|35240305379744000182550010000937901000413716|07032024|07032024|180,79|2|0|0|180,79|9|0|0|0|0|0|0|0|0|2,98|13,74|0|0|
|C170|1|10011713||31,775|5|180,79|0|0|061|1653|1653|0|0|0|0|0|0||||0|0|0|51|180,79|1,65|||2,98|51|180,79|7,6|||13,74|3.1.01.01.03.00|
|C100|0|1|FOR000000651|55|00|001|93791|35240305379744000182550010000937911000413721|07032024|07032024|385,61|2|0|0|385,61|9|0|0|0|0|0|0|0|0|6,36|29,31|0|0|
|C170|1|10011674||63,424|5|385,61|0|0|061|1653|1653|0|0|0|0|0|0||||0|0|0|51|385,61|1,65|||6,36|51|385,61|7,6|||29,31|3.1.01.01.03.00|
|C100|0|1|FOR000000651|55|00|001|93792|35240305379744000182550010000937921000413737|07032024|07032024|109,12|2|0|0|109,12|9|0|0|0|0|0|0|0|0|1,8|8,29|0|0|
|C170|1|10011674||17,948|5|109,12|0|0|061|1653|1653|0|0|0|0|0|0||||0|0|0|51|109,12|1,65|||1,8|51|109,12|7,6|||8,29|3.1.01.01.03.00|
|C100|0|1|FOR000000651|55|00|001|93793|35240305379744000182550010000937931000413742|07032024|07032024|214,71|2|0|0|214,71|9|0|0|0|0|0|0|0|0|3,54|16,32|0|0|
|C170|1|10011713||37,735|5|214,71|0|0|061|1653|1653|0|0|0|0|0|0||||0|0|0|51|214,71|1,65|||3,54|51|214,71|7,6|||16,32|3.1.01.01.03.00|
|C100|0|1|FOR000000651|55|00|001|93794|35240305379744000182550010000937941000413758|07032024|07032024|142,3|2|0|0|142,3|9|0|0|0|0|0|0|0|0|2,35|10,81|0|0|
|C170|1|10011713||25,01|5|142,3|0|0|061|1653|1653|0|0|0|0|0|0||||0|0|0|51|142,3|1,65|||2,35|51|142,3|7,6|||10,81|3.1.01.01.03.00|
|C100|0|1|FOR000000651|55|00|001|93795|35240305379744000182550010000937951000413763|07032024|07032024|203,65|2|0|0|203,65|9|0|0|0|0|0|0|0|0|3,36|15,48|0|0|
|C170|1|10011713||35,791|5|203,65|0|0|061|1653|1653|0|0|0|0|0|0||||0|0|0|51|203,65|1,65|||3,36|51|203,65|7,6|||15,48|3.1.01.01.03.00|
|C100|0|1|FOR000000651|55|00|001|93796|35240305379744000182550010000937961000413779|07032024|07032024|203,06|2|0|0|203,06|9|0|0|0|0|0|0|0|0|3,35|15,43|0|0|
|C170|1|10011713||35,688|5|203,06|0|0|061|1653|1653|0|0|0|0|0|0||||0|0|0|51|203,06|1,65|||3,35|51|203,06|7,6|||15,43|3.1.01.01.03.00|
|C100|0|1|FOR000000651|55|00|001|93817|35240305379744000182550010000938171000413983|07032024|07032024|305,93|2|0|0|305,93|9|0|0|0|0|0|0|0|0|5,05|23,25|0|0|
|C170|1|10011674||50,318|5|305,93|0|0|061|1653|1653|0|0|0|0|0|0||||0|0|0|51|305,93|1,65|||5,05|51|305,93|7,6|||23,25|3.1.01.01.03.00|
|C100|0|1|FOR000000651|55|00|001|93819|35240305379744000182550010000938191000414003|07032024|07032024|275,99|2|0|0|275,99|9|0|0|0|0|0|0|0|0|4,55|20,98|0|0|
|C170|1|10011713||48,506|5|275,99|0|0|061|1653|1653|0|0|0|0|0|0||||0|0|0|51|275,99|1,65|||4,55|51|275,99|7,6|||20,98|3.1.01.01.03.00|
|C100|0|1|FOR000000651|55|00|001|93836|35240305379744000182550010000938361000414179|08032024|08032024|299,97|2|0|0|299,97|9|0|0|0|0|0|0|0|0|4,95|22,8|0|0|
|C170|1|10011713||52,72|5|299,97|0|0|061|1653|1653|0|0|0|0|0|0||||0|0|0|51|299,97|1,65|||4,95|51|299,97|7,6|||22,8|3.1.01.01.03.00|
|C100|0|1|FOR000000651|55|00|001|93837|35240305379744000182550010000938371000414184|08032024|08032024|273,6|2|0|0|273,6|9|0|0|0|0|0|0|0|0|4,51|20,79|0|0|
|C170|1|10011674||45|5|273,6|0|0|061|1653|1653|0|0|0|0|0|0||||0|0|0|51|273,6|1,65|||4,51|51|273,6|7,6|||20,79|3.1.01.01.03.00|
|C100|0|1|FOR000000651|55|00|001|93838|35240305379744000182550010000938381000414190|08032024|08032024|322,48|2|0|0|322,48|9|0|0|0|0|0|0|0|0|5,32|24,51|0|0|
|C170|1|10011674||53,04|5|322,48|0|0|061|1653|1653|0|0|0|0|0|0||||0|0|0|51|322,48|1,65|||5,32|51|322,48|7,6|||24,51|3.1.01.01.03.00|
|C100|0|1|FOR000000651|55|00|001|93839|35240305379744000182550010000938391000414200|08032024|08032024|269,43|2|0|0|269,43|9|0|0|0|0|0|0|0|0|4,45|20,48|0|0|
|C170|1|10011713||47,352|5|269,43|0|0|061|1653|1653|0|0|0|0|0|0||||0|0|0|51|269,43|1,65|||4,45|51|269,43|7,6|||20,48|3.1.01.01.03.00|
|C100|0|1|FOR000000651|55|00|001|93919|35240305379744000182550010000939191000415005|11032024|11032024|6080|2|0|0|6080|9|0|0|0|0|0|0|0|0|100,32|462,08|0|0|
|C170|1|10011674||1000|5|6080|0|0|061|1653|1653|0|0|0|0|0|0||||0|0|0|51|6080|1,65|||100,32|51|6080|7,6|||462,08|3.1.01.01.03.00|
|C100|0|1|FOR000000651|55|00|001|93926|35240305379744000182550010000939261000415077|11032024|11032024|292,04|2|0|0|292,04|9|0|0|0|0|0|0|0|0|4,82|22,2|0|0|
|C170|1|10011713||51,326|5|292,04|0|0|061|1653|1653|0|0|0|0|0|0||||0|0|0|51|292,04|1,65|||4,82|51|292,04|7,6|||22,2|3.1.01.01.03.00|
|C100|0|1|FOR000000651|55|00|001|93927|35240305379744000182550010000939271000415082|11032024|11032024|217,65|2|0|0|217,65|9|0|0|0|0|0|0|0|0|3,59|16,54|0|0|
|C170|1|10011713||38,252|5|217,65|0|0|061|1653|1653|0|0|0|0|0|0||||0|0|0|51|217,65|1,65|||3,59|51|217,65|7,6|||16,54|3.1.01.01.03.00|
|C100|0|1|FOR000000651|55|00|001|93928|35240305379744000182550010000939281000415098|11032024|11032024|233,34|2|0|0|233,34|9|0|0|0|0|0|0|0|0|3,85|17,73|0|0|
|C170|1|10011713||41,009|5|233,34|0|0|061|1653|1653|0|0|0|0|0|0||||0|0|0|51|233,34|1,65|||3,85|51|233,34|7,6|||17,73|3.1.01.01.03.00|
|C100|0|1|FOR000000651|55|00|001|93929|35240305379744000182550010000939291000415109|11032024|11032024|273,01|2|0|0|273,01|9|0|0|0|0|0|0|0|0|4,5|20,75|0|0|
|C170|1|10011713||47,982|5|273,01|0|0|061|1653|1653|0|0|0|0|0|0||||0|0|0|51|273,01|1,65|||4,5|51|273,01|7,6|||20,75|3.1.01.01.03.00|
|C100|0|1|FOR000000651|55|00|001|93930|35240305379744000182550010000939301000415118|11032024|11032024|250,05|2|0|0|250,05|9|0|0|0|0|0|0|0|0|4,13|19|0|0|
|C170|1|10011713||43,947|5|250,05|0|0|061|1653|1653|0|0|0|0|0|0||||0|0|0|51|250,05|1,65|||4,13|51|250,05|7,6|||19|3.1.01.01.03.00|
|C100|0|1|FOR000000651|55|00|001|93931|35240305379744000182550010000939311000415123|11032024|11032024|235,09|2|0|0|235,09|9|0|0|0|0|0|0|0|0|3,88|17,87|0|0|
|C170|1|10011713||41,317|5|235,09|0|0|061|1653|1653|0|0|0|0|0|0||||0|0|0|51|235,09|1,65|||3,88|51|235,09|7,6|||17,87|3.1.01.01.03.00|
|C100|0|1|FOR000000651|55|00|001|93932|35240305379744000182550010000939321000415139|11032024|11032024|95,09|2|0|0|95,09|9|0|0|0|0|0|0|0|0|1,57|7,23|0|0|
|C170|1|10011713||16,713|5|95,09|0|0|061|1653|1653|0|0|0|0|0|0||||0|0|0|51|95,09|1,65|||1,57|51|95,09|7,6|||7,23|3.1.01.01.03.00|
|C100|0|1|FOR000000651|55|00|001|93933|35240305379744000182550010000939331000415144|11032024|11032024|272,04|2|0|0|272,04|9|0|0|0|0|0|0|0|0|4,49|20,68|0|0|
|C170|1|10011713||47,811|5|272,04|0|0|061|1653|1653|0|0|0|0|0|0||||0|0|0|51|272,04|1,65|||4,49|51|272,04|7,6|||20,68|3.1.01.01.03.00|
|C100|0|1|FOR000000651|55|00|001|93934|35240305379744000182550010000939341000415150|11032024|11032024|266,73|2|0|0|266,73|9|0|0|0|0|0|0|0|0|4,4|20,27|0|0|
|C170|1|10011674||43,871|5|266,73|0|0|061|1653|1653|0|0|0|0|0|0||||0|0|0|51|266,73|1,65|||4,4|51|266,73|7,6|||20,27|3.1.01.01.03.00|
|C100|0|1|FOR000000651|55|00|001|93957|35240305379744000182550010000939571000415383|13032024|13032024|280,04|2|0|0|280,04|9|0|0|0|0|0|0|0|0|4,62|21,28|0|0|
|C170|1|10011713||49,217|5|280,04|0|0|061|1653|1653|0|0|0|0|0|0||||0|0|0|51|280,04|1,65|||4,62|51|280,04|7,6|||21,28|3.1.01.01.03.00|
|C100|0|1|FOR000000651|55|00|001|93958|35240305379744000182550010000939581000415399|13032024|13032024|239,05|2|0|0|239,05|9|0|0|0|0|0|0|0|0|3,94|18,17|0|0|
|C170|1|10011713||42,013|5|239,05|0|0|061|1653|1653|0|0|0|0|0|0||||0|0|0|51|239,05|1,65|||3,94|51|239,05|7,6|||18,17|3.1.01.01.03.00|
|C100|0|1|FOR000000651|55|00|001|93959|35240305379744000182550010000939591000415400|13032024|13032024|291,6|2|0|0|291,6|9|0|0|0|0|0|0|0|0|4,81|22,16|0|0|
|C170|1|10011674||47,961|5|291,6|0|0|061|1653|1653|0|0|0|0|0|0||||0|0|0|51|291,6|1,65|||4,81|51|291,6|7,6|||22,16|3.1.01.01.03.00|
|C100|0|1|FOR000000651|55|00|001|93960|35240305379744000182550010000939601000415419|13032024|13032024|50,87|2|0|0|50,87|9|0|0|0|0|0|0|0|0|0,84|3,87|0|0|
|C170|1|10011713||8,941|5|50,87|0|0|061|1653|1653|0|0|0|0|0|0||||0|0|0|51|50,87|1,65|||0,84|51|50,87|7,6|||3,87|3.1.01.01.03.00|
|C100|0|1|FOR000000651|55|00|001|93961|35240305379744000182550010000939611000415424|13032024|13032024|255,08|2|0|0|255,08|9|0|0|0|0|0|0|0|0|4,21|19,39|0|0|
|C170|1|10011713||44,83|5|255,08|0|0|061|1653|1653|0|0|0|0|0|0||||0|0|0|51|255,08|1,65|||4,21|51|255,08|7,6|||19,39|3.1.01.01.03.00|
|C100|0|1|FOR000000651|55|00|001|93962|35240305379744000182550010000939621000415430|13032024|13032024|248,36|2|0|0|248,36|9|0|0|0|0|0|0|0|0|4,1|18,88|0|0|
|C170|1|10011713||43,649|5|248,36|0|0|061|1653|1653|0|0|0|0|0|0||||0|0|0|51|248,36|1,65|||4,1|51|248,36|7,6|||18,88|3.1.01.01.03.00|
|C100|0|1|FOR000000651|55|00|001|93963|35240305379744000182550010000939631000415445|13032024|13032024|242,21|2|0,2|0|242,41|9|0|0|0|0|0|0|0|0|4|18,41|0|0|
|C170|1|10011713||43,3649|5|242,41|0,2|0|061|1653|1653|0|0|0|0|0|0||||0|0|0|51|242,21|1,65|||4|51|242,21|7,6|||18,41|3.1.01.01.03.00|
|C100|0|1|FOR000000651|55|00|001|93976|35240305379744000182550010000939761000415575|13032024|13032024|163,58|2|0|0|163,58|9|0|0|0|0|0|0|0|0|2,7|12,43|0|0|
|C170|1|10011713||28,749|5|163,58|0|0|061|1653|1653|0|0|0|0|0|0||||0|0|0|51|163,58|1,65|||2,7|51|163,58|7,6|||12,43|3.1.01.01.03.00|
|C100|0|1|FOR000000651|55|00|001|93977|35240305379744000182550010000939771000415580|13032024|13032024|126,04|2|0|0|126,04|9|0|0|0|0|0|0|0|0|2,08|9,58|0|0|
|C170|1|10011713||22,152|5|126,04|0|0|061|1653|1653|0|0|0|0|0|0||||0|0|0|51|126,04|1,65|||2,08|51|126,04|7,6|||9,58|3.1.01.01.03.00|
|C100|0|1|FOR000000651|55|00|001|93982|35240305379744000182550010000939821000415637|14032024|14032024|250,03|2|0|0|250,03|9|0|0|0|0|0|0|0|0|4,13|19|0|0|
|C170|1|10011713||43,943|5|250,03|0|0|061|1653|1653|0|0|0|0|0|0||||0|0|0|51|250,03|1,65|||4,13|51|250,03|7,6|||19|3.1.01.01.03.00|
|C100|0|1|FOR000000651|55|00|001|93999|35240305379744000182550010000939991000415804|14032024|14032024|188,07|2|0|0|188,07|9|0|0|0|0|0|0|0|0|3,1|14,29|0|0|
|C170|1|10011713||33,053|5|188,07|0|0|061|1653|1653|0|0|0|0|0|0||||0|0|0|51|188,07|1,65|||3,1|51|188,07|7,6|||14,29|3.1.01.01.03.00|
|C100|0|1|FOR000000651|55|00|001|94003|35240305379744000182550010000940031000415841|14032024|14032024|233,18|2|0|0|233,18|9|0|0|0|0|0|0|0|0|3,85|17,72|0|0|
|C170|1|10011713||40,981|5|233,18|0|0|061|1653|1653|0|0|0|0|0|0||||0|0|0|51|233,18|1,65|||3,85|51|233,18|7,6|||17,72|3.1.01.01.03.00|
|C100|0|1|FOR000000651|55|00|001|94011|35240305379744000182550010000940111000415924|15032024|15032024|240,03|2|0|0|240,03|9|0|0|0|0|0|0|0|0|3,96|18,24|0|0|
|C170|1|10011713||42,185|5|240,03|0|0|061|1653|1653|0|0|0|0|0|0||||0|0|0|51|240,03|1,65|||3,96|51|240,03|7,6|||18,24|3.1.01.01.03.00|
|C100|0|1|FOR000000651|55|00|001|94012|35240305379744000182550010000940121000415930|15032024|15032024|236,15|2|0|0|236,15|9|0|0|0|0|0|0|0|0|3,9|17,95|0|0|
|C170|1|10011713||41,504|5|236,15|0|0|061|1653|1653|0|0|0|0|0|0||||0|0|0|51|236,15|1,65|||3,9|51|236,15|7,6|||17,95|3.1.01.01.03.00|
|C100|0|1|FOR000000651|55|00|001|94013|35240305379744000182550010000940131000415945|15032024|15032024|263,88|2|0|0|263,88|9|0|0|0|0|0|0|0|0|4,35|20,05|0|0|
|C170|1|10011674||43,402|5|263,88|0|0|061|1653|1653|0|0|0|0|0|0||||0|0|0|51|263,88|1,65|||4,35|51|263,88|7,6|||20,05|3.1.01.01.03.00|
|C100|0|1|FOR000000651|55|00|001|94017|35240305379744000182550010000940171000415987|15032024|15032024|227,07|2|0|0|227,07|9|0|0|0|0|0|0|0|0|3,75|17,26|0|0|
|C170|1|10011713||39,907|5|227,07|0|0|061|1653|1653|0|0|0|0|0|0||||0|0|0|51|227,07|1,65|||3,75|51|227,07|7,6|||17,26|3.1.01.01.03.00|
|C100|0|1|FOR000000651|55|00|001|94018|35240305379744000182550010000940181000415992|15032024|15032024|275|2|0|0|275|9|0|0|0|0|0|0|0|0|4,54|20,9|0|0|
|C170|1|10011713||48,332|5|275|0|0|061|1653|1653|0|0|0|0|0|0||||0|0|0|51|275|1,65|||4,54|51|275|7,6|||20,9|3.1.01.01.03.00|
|C100|0|1|FOR000000651|55|00|001|94028|35240305379744000182550010000940281000416090|16032024|16032024|239,21|2|0|0|239,21|9|0|0|0|0|0|0|0|0|3,95|18,18|0|0|
|C170|1|10011713||42,041|5|239,21|0|0|061|1653|1653|0|0|0|0|0|0||||0|0|0|51|239,21|1,65|||3,95|51|239,21|7,6|||18,18|3.1.01.01.03.00|
|C100|0|1|FOR000000651|55|00|001|94029|35240305379744000182550010000940291000416100|16032024|16032024|161,05|2|0|0|161,05|9|0|0|0|0|0|0|0|0|2,66|12,24|0|0|
|C170|1|10011713||28,305|5|161,05|0|0|061|1653|1653|0|0|0|0|0|0||||0|0|0|51|161,05|1,65|||2,66|51|161,05|7,6|||12,24|3.1.01.01.03.00|
|C100|0|1|FOR000000651|55|00|001|94030|35240305379744000182550010000940301000416110|16032024|16032024|264,23|2|0|0|264,23|9|0|0|0|0|0|0|0|0|4,36|20,08|0|0|
|C170|1|10011713||46,438|5|264,23|0|0|061|1653|1653|0|0|0|0|0|0||||0|0|0|51|264,23|1,65|||4,36|51|264,23|7,6|||20,08|3.1.01.01.03.00|
|C100|0|1|FOR000000651|55|00|001|94033|35240305379744000182550010000940331000416146|16032024|16032024|247,68|2|24,32|0|272|9|0|0|0|0|0|0|0|0|4,09|18,82|0|0|
|C170|1|10011713||48,659|5|272|24,32|0|061|1653|1653|0|0|0|0|0|0||||0|0|0|51|247,68|1,65|||4,09|51|247,68|7,6|||18,82|3.1.01.01.03.00|
|C100|0|1|FOR000000651|55|00|001|94085|35240305379744000182550010000940851000416665|18032024|18032024|273,44|2|0|0|273,44|9|0|0|0|0|0|0|0|0|4,51|20,78|0|0|
|C170|1|10011713||48,057|5|273,44|0|0|061|1653|1653|0|0|0|0|0|0||||0|0|0|51|273,44|1,65|||4,51|51|273,44|7,6|||20,78|3.1.01.01.03.00|
|C100|0|1|FOR000000651|55|00|001|94086|35240305379744000182550010000940861000416670|18032024|18032024|223,05|2|0|0|223,05|9|0|0|0|0|0|0|0|0|3,68|16,95|0|0|
|C170|1|10011713||39,201|5|223,05|0|0|061|1653|1653|0|0|0|0|0|0||||0|0|0|51|223,05|1,65|||3,68|51|223,05|7,6|||16,95|3.1.01.01.03.00|
|C100|0|1|FOR000000651|55|00|001|94087|35240305379744000182550010000940871000416686|18032024|18032024|14,62|2|0|0|14,62|9|0|0|0|0|0|0|0|0|0,24|1,11|0|0|
|C170|1|10011713||2,57|5|14,62|0|0|061|1653|1653|0|0|0|0|0|0||||0|0|0|51|14,62|1,65|||0,24|51|14,62|7,6|||1,11|3.1.01.01.03.00|
|C100|0|1|FOR000000651|55|00|001|94088|35240305379744000182550010000940881000416691|18032024|18032024|161,66|2|0|0|161,66|9|0|0|0|0|0|0|0|0|2,67|12,29|0|0|
|C170|1|10011713||28,412|5|161,66|0|0|061|1653|1653|0|0|0|0|0|0||||0|0|0|51|161,66|1,65|||2,67|51|161,66|7,6|||12,29|3.1.01.01.03.00|
|C100|0|1|FOR000000651|55|00|001|94089|35240305379744000182550010000940891000416702|18032024|18032024|312,95|2|0|0|312,95|9|0|0|0|0|0|0|0|0|5,16|23,78|0|0|
|C170|1|10011713||55|5|312,95|0|0|061|1653|1653|0|0|0|0|0|0||||0|0|0|51|312,95|1,65|||5,16|51|312,95|7,6|||23,78|3.1.01.01.03.00|
|C100|0|1|FOR000000651|55|00|001|94090|35240305379744000182550010000940901000416711|18032024|18032024|225,69|2|0|0|225,69|9|0|0|0|0|0|0|0|0|3,72|17,15|0|0|
|C170|1|10011713||39,665|5|225,69|0|0|061|1653|1653|0|0|0|0|0|0||||0|0|0|51|225,69|1,65|||3,72|51|225,69|7,6|||17,15|3.1.01.01.03.00|
|C100|0|1|FOR000000651|55|00|001|94091|35240305379744000182550010000940911000416727|18032024|18032024|270,04|2|0|0|270,04|9|0|0|0|0|0|0|0|0|4,46|20,52|0|0|
|C170|1|10011713||47,46|5|270,04|0|0|061|1653|1653|0|0|0|0|0|0||||0|0|0|51|270,04|1,65|||4,46|51|270,04|7,6|||20,52|3.1.01.01.03.00|
|C100|0|1|FOR000000651|55|00|001|94092|35240305379744000182550010000940921000416732|18032024|18032024|182,57|2|0|0|182,57|9|0|0|0|0|0|0|0|0|3,01|13,88|0|0|
|C170|1|10011674||30,028|5|182,57|0|0|061|1653|1653|0|0|0|0|0|0||||0|0|0|51|182,57|1,65|||3,01|51|182,57|7,6|||13,88|3.1.01.01.03.00|
|C100|0|1|FOR000000651|55|00|001|94093|35240305379744000182550010000940931000416748|18032024|18032024|225,11|2|0|0|225,11|9|0|0|0|0|0|0|0|0|3,71|17,11|0|0|
|C170|1|10011713||39,564|5|225,11|0|0|061|1653|1653|0|0|0|0|0|0||||0|0|0|51|225,11|1,65|||3,71|51|225,11|7,6|||17,11|3.1.01.01.03.00|
|C100|0|1|FOR000000651|55|00|001|94094|35240305379744000182550010000940941000416753|18032024|18032024|243,01|2|0|0|243,01|9|0|0|0|0|0|0|0|0|4,01|18,47|0|0|
|C170|1|10011674||39,969|5|243,01|0|0|061|1653|1653|0|0|0|0|0|0||||0|0|0|51|243,01|1,65|||4,01|51|243,01|7,6|||18,47|3.1.01.01.03.00|
|C100|0|1|FOR000000651|55|00|001|94095|35240305379744000182550010000940951000416769|18032024|18032024|136,2|2|0|0|136,2|9|0|0|0|0|0|0|0|0|2,25|10,35|0|0|
|C170|1|10011713||23,938|5|136,2|0|0|061|1653|1653|0|0|0|0|0|0||||0|0|0|51|136,2|1,65|||2,25|51|136,2|7,6|||10,35|3.1.01.01.03.00|
|C100|0|1|FOR000000651|55|00|001|94096|35240305379744000182550010000940961000416774|18032024|18032024|247|2|0|0|247|9|0|0|0|0|0|0|0|0|4,08|18,77|0|0|
|C170|1|10011713||43,41|5|247|0|0|061|1653|1653|0|0|0|0|0|0||||0|0|0|51|247|1,65|||4,08|51|247|7,6|||18,77|3.1.01.01.03.00|
|C100|0|1|FOR000000651|55|00|001|94097|35240305379744000182550010000940971000416780|18032024|18032024|339,69|2|0|0|339,69|9|0|0|0|0|0|0|0|0|5,6|25,82|0|0|
|C170|1|10011674||55,871|5|339,69|0|0|061|1653|1653|0|0|0|0|0|0||||0|0|0|51|339,69|1,65|||5,6|51|339,69|7,6|||25,82|3.1.01.01.03.00|
|C100|0|1|FOR000000651|55|00|001|94139|35240305379744000182550010000941391000417206|18032024|18032024|273,01|2|0|0|273,01|9|0|0|0|0|0|0|0|0|4,5|20,75|0|0|
|C170|1|10011713||47,981|5|273,01|0|0|061|1653|1653|0|0|0|0|0|0||||0|0|0|51|273,01|1,65|||4,5|51|273,01|7,6|||20,75|3.1.01.01.03.00|
|C100|0|1|FOR000000651|55|00|001|94141|35240305379744000182550010000941411000417220|18032024|18032024|361,41|2|0|0|361,41|9|0|0|0|0|0|0|0|0|5,96|27,47|0|0|
|C170|1|10011674||59,443|5|361,41|0|0|061|1653|1653|0|0|0|0|0|0||||0|0|0|51|361,41|1,65|||5,96|51|361,41|7,6|||27,47|3.1.01.01.03.00|
|C100|0|1|FOR000000651|55|00|001|94142|35240305379744000182550010000941421000417236|18032024|18032024|256,03|2|0|0|256,03|9|0|0|0|0|0|0|0|0|4,22|19,46|0|0|
|C170|1|10011713||44,998|5|256,03|0|0|061|1653|1653|0|0|0|0|0|0||||0|0|0|51|256,03|1,65|||4,22|51|256,03|7,6|||19,46|3.1.01.01.03.00|
|C100|0|1|FOR000000651|55|00|001|94149|35240305379744000182550010000941491000417300|19032024|19032024|206,86|2|0|0|206,86|9|0|0|0|0|0|0|0|0|3,41|15,72|0|0|
|C170|1|10011713||36,356|5|206,86|0|0|061|1653|1653|0|0|0|0|0|0||||0|0|0|51|206,86|1,65|||3,41|51|206,86|7,6|||15,72|3.1.01.01.03.00|
|C100|0|1|FOR000000651|55|00|001|94159|35240305379744000182550010000941591000417403|19032024|19032024|226,38|2|0|0|226,38|9|0|0|0|0|0|0|0|0|3,74|17,2|0|0|
|C170|1|10011713||39,787|5|226,38|0|0|061|1653|1653|0|0|0|0|0|0||||0|0|0|51|226,38|1,65|||3,74|51|226,38|7,6|||17,2|3.1.01.01.03.00|
|C100|0|1|FOR000000651|55|00|001|94160|35240305379744000182550010000941601000417412|19032024|19032024|240|2|0|0|240|9|0|0|0|0|0|0|0|0|3,96|18,24|0|0|
|C170|1|10011713||42,18|5|240|0|0|061|1653|1653|0|0|0|0|0|0||||0|0|0|51|240|1,65|||3,96|51|240|7,6|||18,24|3.1.01.01.03.00|
|C100|0|1|FOR000000651|55|00|001|94161|35240305379744000182550010000941611000417428|19032024|19032024|270,05|2|0|0|270,05|9|0|0|0|0|0|0|0|0|4,46|20,52|0|0|
|C170|1|10011713||47,461|5|270,05|0|0|061|1653|1653|0|0|0|0|0|0||||0|0|0|51|270,05|1,65|||4,46|51|270,05|7,6|||20,52|3.1.01.01.03.00|
|C100|0|1|FOR000000651|55|00|001|94162|35240305379744000182550010000941621000417433|19032024|19032024|229,31|2|0|0|229,31|9|0|0|0|0|0|0|0|0|3,78|17,43|0|0|
|C170|1|10011713||40,301|5|229,31|0|0|061|1653|1653|0|0|0|0|0|0||||0|0|0|51|229,31|1,65|||3,78|51|229,31|7,6|||17,43|3.1.01.01.03.00|
|C100|0|1|FOR000000651|55|00|001|94168|35240305379744000182550010000941681000417496|19032024|19032024|281,35|2|0|0|281,35|9|0|0|0|0|0|0|0|0|4,64|21,38|0|0|
|C170|1|10011674||46,97|5|281,35|0|0|061|1653|1653|0|0|0|0|0|0||||0|0|0|51|281,35|1,65|||4,64|51|281,35|7,6|||21,38|3.1.01.01.03.00|
|C100|0|1|FOR000000651|55|00|001|94170|35240305379744000182550010000941701000417516|19032024|19032024|6080|2|0|0|6080|9|0|0|0|0|0|0|0|0|100,32|462,08|0|0|
|C170|1|10011674||875,967|5|5247,04|0|0|061|1653|1653|0|0|0|0|0|0||||0|0|0|51|5247,04|1,65|||86,58|51|5247,04|7,6|||398,78|3.1.01.01.03.00|
|C170|2|10011674||137|5|832,96|0|0|061|1653|1653|0|0|0|0|0|0||||0|0|0|51|832,96|1,65|||13,74|51|832,96|7,6|||63,3|3.1.01.01.03.00|
|C100|0|1|FOR000000651|55|00|001|94179|35240305379744000182550010000941791000417600|20032024|20032024|84,01|2|0|0|84,01|9|0|0|0|0|0|0|0|0|1,39|6,38|0|0|
|C170|1|10011713||14,766|5|84,01|0|0|061|1653|1653|0|0|0|0|0|0||||0|0|0|51|84,01|1,65|||1,39|51|84,01|7,6|||6,38|3.1.01.01.03.00|
|C100|0|1|FOR000000651|55|00|001|94180|35240305379744000182550010000941801000417610|20032024|20032024|280,02|2|0|0|280,02|9|0|0|0|0|0|0|0|0|4,62|21,28|0|0|
|C170|1|10011713||49,213|5|280,02|0|0|061|1653|1653|0|0|0|0|0|0||||0|0|0|51|280,02|1,65|||4,62|51|280,02|7,6|||21,28|3.1.01.01.03.00|
|C100|0|1|FOR000000651|55|00|001|94181|35240305379744000182550010000941811000417625|20032024|20032024|271,05|2|0|0|271,05|9|0|0|0|0|0|0|0|0|4,47|20,6|0|0|
|C170|1|10011713||47,637|5|271,05|0|0|061|1653|1653|0|0|0|0|0|0||||0|0|0|51|271,05|1,65|||4,47|51|271,05|7,6|||20,6|3.1.01.01.03.00|
|C100|0|1|FOR000000651|55|00|001|94182|35240305379744000182550010000941821000417630|20032024|20032024|278,2|2|0|0|278,2|9|0|0|0|0|0|0|0|0|4,59|21,14|0|0|
|C170|1|10011713||48,894|5|278,2|0|0|061|1653|1653|0|0|0|0|0|0||||0|0|0|51|278,2|1,65|||4,59|51|278,2|7,6|||21,14|3.1.01.01.03.00|
|C100|0|1|FOR000000651|55|00|001|94196|35240305379744000182550010000941961000417776|20032024|20032024|278,67|2|0|0|278,67|9|0|0|0|0|0|0|0|0|4,6|21,18|0|0|
|C170|1|10011674||20,288|5|127|0|0|061|1653|1653|0|0|0|0|0|0||||0|0|0|51|127|1,65|||2,1|51|127|7,6|||9,65|3.1.01.01.03.00|
|C170|2|10011674||23,37|5|151,67|0|0|061|1653|1653|0|0|0|0|0|0||||0|0|0|51|151,67|1,65|||2,5|51|151,67|7,6|||11,53|3.1.01.01.03.00|
|C100|0|1|FOR000000651|55|00|001|94203|35240305379744000182550010000942031000417845|21032024|21032024|389,35|2|0|0|389,35|9|0|0|0|0|0|0|0|0|6,42|29,59|0|0|
|C170|1|10011674||65|5|389,35|0|0|061|1653|1653|0|0|0|0|0|0||||0|0|0|51|389,35|1,65|||6,42|51|389,35|7,6|||29,59|3.1.01.01.03.00|
|C100|0|1|FOR000000651|55|00|001|94204|35240305379744000182550010000942041000417850|21032024|21032024|187,82|2|0|0|187,82|9|0|0|0|0|0|0|0|0|3,1|14,27|0|0|
|C170|1|10011713||33,01|5|187,82|0|0|061|1653|1653|0|0|0|0|0|0||||0|0|0|51|187,82|1,65|||3,1|51|187,82|7,6|||14,27|3.1.01.01.03.00|
|C100|0|1|FOR000000651|55|00|001|94252|35240305379744000182550010000942521000418331|23032024|23032024|127|2|0|0|127|9|0|0|0|0|0|0|0|0|2,1|9,65|0|0|
|C170|1|10011713||22,32|5|127|0|0|061|1653|1653|0|0|0|0|0|0||||0|0|0|51|127|1,65|||2,1|51|127|7,6|||9,65|3.1.01.01.03.00|
|C100|0|1|FOR000000651|55|00|001|94253|35240305379744000182550010000942531000418347|23032024|23032024|280,85|2|0|0|280,85|9|0|0|0|0|0|0|0|0|4,64|21,34|0|0|
|C170|1|10011674||1,619|5|10|0|0|061|1653|1653|0|0|0|0|0|0||||0|0|0|51|10|1,65|||0,17|51|10|7,6|||0,76|3.1.01.01.03.00|
|C170|2|10011674||16,448|5|100|0|0|061|1653|1653|0|0|0|0|0|0||||0|0|0|51|100|1,65|||1,65|51|100|7,6|||7,6|3.1.01.01.03.00|
|C170|3|10011674||26,326|5|170,85|0|0|061|1653|1653|0|0|0|0|0|0||||0|0|0|51|170,85|1,65|||2,82|51|170,85|7,6|||12,98|3.1.01.01.03.00|
|C100|0|1|FOR000000651|55|00|001|94254|35240305379744000182550010000942541000418352|23032024|23032024|330,28|2|0|0|330,28|9|0|0|0|0|0|0|0|0|5,45|25,1|0|0|
|C170|1|10011674||55,139|5|330,28|0|0|061|1653|1653|0|0|0|0|0|0||||0|0|0|51|330,28|1,65|||5,45|51|330,28|7,6|||25,1|3.1.01.01.03.00|
|C100|0|1|FOR000000651|55|00|001|94255|35240305379744000182550010000942551000418368|23032024|23032024|289,5|2|0|0|289,5|9|0|0|0|0|0|0|0|0|4,78|22|0|0|
|C170|1|10011674||4,623|5|30|0|0|061|1653|1653|0|0|0|0|0|0||||0|0|0|51|30|1,65|||0,5|51|30|7,6|||2,28|3.1.01.01.03.00|
|C170|2|10011674||5,165|5|33|0|0|061|1653|1653|0|0|0|0|0|0||||0|0|0|51|33|1,65|||0,54|51|33|7,6|||2,51|3.1.01.01.03.00|
|C170|3|10011674||36,651|5|226,5|0|0|061|1653|1653|0|0|0|0|0|0||||0|0|0|51|226,5|1,65|||3,74|51|226,5|7,6|||17,21|3.1.01.01.03.00|
|C100|0|1|FOR000000651|55|00|001|94256|35240305379744000182550010000942561000418373|23032024|23032024|118,9|2|0|0|118,9|9|0|0|0|0|0|0|0|0|1,96|9,04|0|0|
|C170|1|10011713||20,897|5|118,9|0|0|061|1653|1653|0|0|0|0|0|0||||0|0|0|51|118,9|1,65|||1,96|51|118,9|7,6|||9,04|3.1.01.01.03.00|
|C100|0|1|FOR000000651|55|00|001|94257|35240305379744000182550010000942571000418389|23032024|23032024|269,64|2|0|0|269,64|9|0|0|0|0|0|0|0|0|4,45|20,49|0|0|
|C170|1|10011713||47,39|5|269,64|0|0|061|1653|1653|0|0|0|0|0|0||||0|0|0|51|269,64|1,65|||4,45|51|269,64|7,6|||20,49|3.1.01.01.03.00|
|C100|0|1|FOR000000651|55|00|001|94258|35240305379744000182550010000942581000418394|23032024|23032024|225,04|2|0|0|225,04|9|0|0|0|0|0|0|0|0|3,71|17,1|0|0|
|C170|1|10011713||39,551|5|225,04|0|0|061|1653|1653|0|0|0|0|0|0||||0|0|0|51|225,04|1,65|||3,71|51|225,04|7,6|||17,1|3.1.01.01.03.00|
|C100|0|1|FOR000000651|55|00|001|94259|35240305379744000182550010000942591000418405|23032024|23032024|226,09|2|0|0|226,09|9|0|0|0|0|0|0|0|0|3,73|17,18|0|0|
|C170|1|10011713||39,736|5|226,09|0|0|061|1653|1653|0|0|0|0|0|0||||0|0|0|51|226,09|1,65|||3,73|51|226,09|7,6|||17,18|3.1.01.01.03.00|
|C100|0|1|FOR000000651|55|00|001|94260|35240305379744000182550010000942601000418414|23032024|23032024|261|2|0|0|261|9|0|0|0|0|0|0|0|0|4,31|19,84|0|0|
|C170|1|10011713||45,87|5|261|0|0|061|1653|1653|0|0|0|0|0|0||||0|0|0|51|261|1,65|||4,31|51|261|7,6|||19,84|3.1.01.01.03.00|
|C100|0|1|FOR000000651|55|00|001|94261|35240305379744000182550010000942611000418420|23032024|23032024|130,02|2|0|0|130,02|9|0|0|0|0|0|0|0|0|2,15|9,88|0|0|
|C170|1|10011713||22,851|5|130,02|0|0|061|1653|1653|0|0|0|0|0|0||||0|0|0|51|130,02|1,65|||2,15|51|130,02|7,6|||9,88|3.1.01.01.03.00|
|C100|0|1|FOR000000651|55|00|001|94262|35240305379744000182550010000942621000418435|23032024|23032024|260,06|2|0|0|260,06|9|0|0|0|0|0|0|0|0|4,29|19,76|0|0|
|C170|1|10011713||45,706|5|260,06|0|0|061|1653|1653|0|0|0|0|0|0||||0|0|0|51|260,06|1,65|||4,29|51|260,06|7,6|||19,76|3.1.01.01.03.00|
|C100|0|1|FOR000000651|55|00|001|94263|35240305379744000182550010000942631000418440|23032024|23032024|186,05|2|0|0|186,05|9|0|0|0|0|0|0|0|0|3,07|14,14|0|0|
|C170|1|10011674||31,061|5|186,05|0|0|061|1653|1653|0|0|0|0|0|0||||0|0|0|51|186,05|1,65|||3,07|51|186,05|7,6|||14,14|3.1.01.01.03.00|
|C100|0|1|FOR000000651|55|00|001|94264|35240305379744000182550010000942641000418456|23032024|23032024|242,06|2|0|0|242,06|9|0|0|0|0|0|0|0|0|3,99|18,4|0|0|
|C170|1|10011713||42,543|5|242,06|0|0|061|1653|1653|0|0|0|0|0|0||||0|0|0|51|242,06|1,65|||3,99|51|242,06|7,6|||18,4|3.1.01.01.03.00|
|C100|0|1|FOR000000651|55|00|001|94265|35240305379744000182550010000942651000418461|23032024|23032024|76,02|2|0|0|76,02|9|0|0|0|0|0|0|0|0|1,25|5,78|0|0|
|C170|1|10011713||13,361|5|76,02|0|0|061|1653|1653|0|0|0|0|0|0||||0|0|0|51|76,02|1,65|||1,25|51|76,02|7,6|||5,78|3.1.01.01.03.00|
|C100|0|1|FOR000000651|55|00|001|94266|35240305379744000182550010000942661000418477|23032024|23032024|245,13|2|0|0|245,13|9|0|0|0|0|0|0|0|0|4,04|18,63|0|0|
|C170|1|10011713||43,081|5|245,13|0|0|061|1653|1653|0|0|0|0|0|0||||0|0|0|51|245,13|1,65|||4,04|51|245,13|7,6|||18,63|3.1.01.01.03.00|
|C100|0|1|FOR000000651|55|00|001|94270|35240305379744000182550010000942701000418518|23032024|23032024|223,25|2|0|0|223,25|9|0|0|0|0|0|0|0|0|3,68|16,97|0|0|
|C170|1|10011713||39,237|5|223,25|0|0|061|1653|1653|0|0|0|0|0|0||||0|0|0|51|223,25|1,65|||3,68|51|223,25|7,6|||16,97|3.1.01.01.03.00|
|C100|0|1|FOR000000651|55|00|001|94307|35240305379744000182550010000943071000418889|25032024|25032024|245,28|2|0|0|245,28|9|0|0|0|0|0|0|0|0|4,05|18,64|0|0|
|C170|1|10011713||43,108|5|245,28|0|0|061|1653|1653|0|0|0|0|0|0||||0|0|0|51|245,28|1,65|||4,05|51|245,28|7,6|||18,64|3.1.01.01.03.00|
|C100|0|1|FOR000000651|55|00|001|94316|35240305379744000182550010000943161000418977|25032024|25032024|300,02|2|0|0|300,02|9|0|0|0|0|0|0|0|0|4,95|22,8|0|0|
|C170|1|10011674||50,087|5|300,02|0|0|061|1653|1653|0|0|0|0|0|0||||0|0|0|51|300,02|1,65|||4,95|51|300,02|7,6|||22,8|3.1.01.01.03.00|
|C100|0|1|FOR000000651|55|00|001|94317|35240305379744000182550010000943171000418982|25032024|25032024|220,09|2|0|0|220,09|9|0|0|0|0|0|0|0|0|3,63|16,73|0|0|
|C170|1|10011713||38,681|5|220,09|0|0|061|1653|1653|0|0|0|0|0|0||||0|0|0|51|220,09|1,65|||3,63|51|220,09|7,6|||16,73|3.1.01.01.03.00|
|C100|0|1|FOR000000651|55|00|001|94318|35240305379744000182550010000943181000418998|25032024|25032024|170,7|2|0|0|170,7|9|0|0|0|0|0|0|0|0|2,82|12,97|0|0|
|C170|1|10011713||30|5|170,7|0|0|061|1653|1653|0|0|0|0|0|0||||0|0|0|51|170,7|1,65|||2,82|51|170,7|7,6|||12,97|3.1.01.01.03.00|
|C100|0|1|FOR000000651|55|00|001|94319|35240305379744000182550010000943191000419002|25032024|25032024|225,3|2|0|0|225,3|9|0|0|0|0|0|0|0|0|3,72|17,12|0|0|
|C170|1|10011674||37,614|5|225,3|0|0|061|1653|1653|0|0|0|0|0|0||||0|0|0|51|225,3|1,65|||3,72|51|225,3|7,6|||17,12|3.1.01.01.03.00|
|C100|0|1|FOR000000651|55|00|001|94320|35240305379744000182550010000943201000419011|25032024|25032024|274,78|2|0|0|274,78|9|0|0|0|0|0|0|0|0|4,53|20,88|0|0|
|C170|1|10011713||48,292|5|274,78|0|0|061|1653|1653|0|0|0|0|0|0||||0|0|0|51|274,78|1,65|||4,53|51|274,78|7,6|||20,88|3.1.01.01.03.00|
|C100|0|1|FOR000000651|55|00|001|94356|35240305379744000182550010000943561000419375|26032024|26032024|234,69|2|0|0|234,69|9|0|0|0|0|0|0|0|0|3,87|17,84|0|0|
|C170|1|10011713||41,247|5|234,69|0|0|061|1653|1653|0|0|0|0|0|0||||0|0|0|51|234,69|1,65|||3,87|51|234,69|7,6|||17,84|3.1.01.01.03.00|
|C100|0|1|FOR000000651|55|00|001|94357|35240305379744000182550010000943571000419380|26032024|26032024|284,98|2|0|0|284,98|9|0|0|0|0|0|0|0|0|4,7|21,66|0|0|
|C170|1|10011713||50,085|5|284,98|0|0|061|1653|1653|0|0|0|0|0|0||||0|0|0|51|284,98|1,65|||4,7|51|284,98|7,6|||21,66|3.1.01.01.03.00|
|C100|0|1|FOR000000651|55|00|001|94358|35240305379744000182550010000943581000419396|26032024|26032024|114,32|2|0|0|114,32|9|0|0|0|0|0|0|0|0|1,89|8,69|0|0|
|C170|1|10011713||20,093|5|114,32|0|0|061|1653|1653|0|0|0|0|0|0||||0|0|0|51|114,32|1,65|||1,89|51|114,32|7,6|||8,69|3.1.01.01.03.00|
|C100|0|1|FOR000000651|55|00|001|94359|35240305379744000182550010000943591000419407|26032024|26032024|94,17|2|0|0|94,17|9|0|0|0|0|0|0|0|0|1,55|7,16|0|0|
|C170|1|10011713||16,551|5|94,17|0|0|061|1653|1653|0|0|0|0|0|0||||0|0|0|51|94,17|1,65|||1,55|51|94,17|7,6|||7,16|3.1.01.01.03.00|
|C100|0|1|FOR000000651|55|00|001|94360|35240305379744000182550010000943601000419416|26032024|26032024|193|2|0|0|193|9|0|0|0|0|0|0|0|0|3,18|14,67|0|0|
|C170|1|10011713||33,92|5|193|0|0|061|1653|1653|0|0|0|0|0|0||||0|0|0|51|193|1,65|||3,18|51|193|7,6|||14,67|3.1.01.01.03.00|
|C100|0|1|FOR000000651|55|00|001|94361|35240305379744000182550010000943611000419421|26032024|26032024|278|2|0|0|278|9|0|0|0|0|0|0|0|0|4,59|21,13|0|0|
|C170|1|10011674||46,411|5|278|0|0|061|1653|1653|0|0|0|0|0|0||||0|0|0|51|278|1,65|||4,59|51|278|7,6|||21,13|3.1.01.01.03.00|
|C100|0|1|FOR000000651|55|00|001|94362|35240305379744000182550010000943621000419437|26032024|26032024|215,2|2|0|0|215,2|9|0|0|0|0|0|0|0|0|3,55|16,36|0|0|
|C170|1|10011713||37,821|5|215,2|0|0|061|1653|1653|0|0|0|0|0|0||||0|0|0|51|215,2|1,65|||3,55|51|215,2|7,6|||16,36|3.1.01.01.03.00|
|C100|0|1|FOR000000651|55|00|001|94363|35240305379744000182550010000943631000419442|26032024|26032024|199,15|2|0|0|199,15|9|0|0|0|0|0|0|0|0|3,29|15,14|0|0|
|C170|1|10011713||35|5|199,15|0|0|061|1653|1653|0|0|0|0|0|0||||0|0|0|51|199,15|1,65|||3,29|51|199,15|7,6|||15,14|3.1.01.01.03.00|
|C100|0|1|FOR000000651|55|00|001|94364|35240305379744000182550010000943641000419458|26032024|26032024|99,45|2|0|0|99,45|9|0|0|0|0|0|0|0|0|1,64|7,56|0|0|
|C170|1|10011674||16,603|5|99,45|0|0|061|1653|1653|0|0|0|0|0|0||||0|0|0|51|99,45|1,65|||1,64|51|99,45|7,6|||7,56|3.1.01.01.03.00|
|C100|0|1|FOR000000651|55|00|001|94365|35240305379744000182550010000943651000419463|26032024|26032024|60,03|2|0|0|60,03|9|0|0|0|0|0|0|0|0|0,99|4,56|0|0|
|C170|1|10011713||10,551|5|60,03|0|0|061|1653|1653|0|0|0|0|0|0||||0|0|0|51|60,03|1,65|||0,99|51|60,03|7,6|||4,56|3.1.01.01.03.00|
|C100|0|1|FOR000000651|55|00|001|94366|35240305379744000182550010000943661000419479|26032024|26032024|334,3|2|0|0|334,3|9|0|0|0|0|0|0|0|0|5,52|25,41|0|0|
|C170|1|10011674||55,81|5|334,3|0|0|061|1653|1653|0|0|0|0|0|0||||0|0|0|51|334,3|1,65|||5,52|51|334,3|7,6|||25,41|3.1.01.01.03.00|
|C100|0|1|FOR000000651|55|00|001|94373|35240305379744000182550010000943731000419546|27032024|27032024|275,51|2|0|0|275,51|9|0|0|0|0|0|0|0|0|4,55|20,94|0|0|
|C170|1|10011713||48,421|5|275,51|0|0|061|1653|1653|0|0|0|0|0|0||||0|0|0|51|275,51|1,65|||4,55|51|275,51|7,6|||20,94|3.1.01.01.03.00|
|C100|0|1|FOR000000651|55|00|001|94374|35240305379744000182550010000943741000419551|27032024|27032024|71,28|2|0|0|71,28|9|0|0|0|0|0|0|0|0|1,18|5,42|0|0|
|C170|1|10011674||11,9|5|71,28|0|0|061|1653|1653|0|0|0|0|0|0||||0|0|0|51|71,28|1,65|||1,18|51|71,28|7,6|||5,42|3.1.01.01.03.00|
|C100|0|1|FOR000000651|55|00|001|94375|35240305379744000182550010000943751000419567|27032024|27032024|227,6|2|0|0|227,6|9|0|0|0|0|0|0|0|0|3,76|17,3|0|0|
|C170|1|10011713||40|5|227,6|0|0|061|1653|1653|0|0|0|0|0|0||||0|0|0|51|227,6|1,65|||3,76|51|227,6|7,6|||17,3|3.1.01.01.03.00|
|C100|0|1|FOR000000651|55|00|001|94376|35240305379744000182550010000943761000419572|27032024|27032024|263,56|2|0|0|263,56|9|0|0|0|0|0|0|0|0|4,35|20,03|0|0|
|C170|1|10011674||44|5|263,56|0|0|061|1653|1653|0|0|0|0|0|0||||0|0|0|51|263,56|1,65|||4,35|51|263,56|7,6|||20,03|3.1.01.01.03.00|
|C100|0|1|FOR000000651|55|00|001|94390|35240305379744000182550010000943901000419717|28032024|28032024|60,13|2|0|0|60,13|9|0|0|0|0|0|0|0|0|0,99|4,57|0|0|
|C170|1|10011713||10,569|5|60,13|0|0|061|1653|1653|0|0|0|0|0|0||||0|0|0|51|60,13|1,65|||0,99|51|60,13|7,6|||4,57|3.1.01.01.03.00|
|C100|0|1|FOR000000651|55|00|001|94391|35240305379744000182550010000943911000419722|28032024|28032024|313,85|2|0|0|313,85|9|0|0|0|0|0|0|0|0|5,18|23,85|0|0|
|C170|1|10011674||52,396|5|313,85|0|0|061|1653|1653|0|0|0|0|0|0||||0|0|0|51|313,85|1,65|||5,18|51|313,85|7,6|||23,85|3.1.01.01.03.00|
|C100|0|1|FOR000000651|55|00|001|94392|35240305379744000182550010000943921000419738|28032024|28032024|293,37|2|0|0|293,37|9|0|0|0|0|0|0|0|0|4,84|22,3|0|0|
|C170|1|10011674||48,977|5|293,37|0|0|061|1653|1653|0|0|0|0|0|0||||0|0|0|51|293,37|1,65|||4,84|51|293,37|7,6|||22,3|3.1.01.01.03.00|
|C100|0|1|FOR000000651|55|00|001|94393|35240305379744000182550010000943931000419743|28032024|28032024|126,65|2|0|0|126,65|9|0|0|0|0|0|0|0|0|2,09|9,63|0|0|
|C170|1|10011713||22,26|5|126,65|0|0|061|1653|1653|0|0|0|0|0|0||||0|0|0|51|126,65|1,65|||2,09|51|126,65|7,6|||9,63|3.1.01.01.03.00|
|C100|0|1|FOR000000651|55|00|001|94406|35240305379744000182550010000944061000419875|28032024|28032024|187,14|2|0|0|187,14|9|0|0|0|0|0|0|0|0|3,09|14,22|0|0|
|C170|1|10011713||32,89|5|187,14|0|0|061|1653|1653|0|0|0|0|0|0||||0|0|0|51|187,14|1,65|||3,09|51|187,14|7,6|||14,22|3.1.01.01.03.00|
|C100|0|1|FOR000000651|55|00|001|94407|35240305379744000182550010000944071000419880|28032024|28032024|130,11|2|0|0|130,11|9|0|0|0|0|0|0|0|0|2,15|9,89|0|0|
|C170|1|10011713||22,868|5|130,11|0|0|061|1653|1653|0|0|0|0|0|0||||0|0|0|51|130,11|1,65|||2,15|51|130,11|7,6|||9,89|3.1.01.01.03.00|
|C100|0|1|FOR000000651|55|00|001|94408|35240305379744000182550010000944081000419896|28032024|28032024|215,03|2|0|0|215,03|9|0|0|0|0|0|0|0|0|3,55|16,34|0|0|
|C170|1|10011713||37,792|5|215,03|0|0|061|1653|1653|0|0|0|0|0|0||||0|0|0|51|215,03|1,65|||3,55|51|215,03|7,6|||16,34|3.1.01.01.03.00|
|C100|0|1|FOR000000651|55|00|001|94409|35240305379744000182550010000944091000419907|28032024|28032024|196,82|2|0|0|196,82|9|0|0|0|0|0|0|0|0|3,25|14,96|0|0|
|C170|1|10011713||34,592|5|196,82|0|0|061|1653|1653|0|0|0|0|0|0||||0|0|0|51|196,82|1,65|||3,25|51|196,82|7,6|||14,96|3.1.01.01.03.00|
|C100|0|1|FOR000000651|55|00|001|94428|35240305379744000182550010000944281000420099|30032024|30032024|77,04|2|0|0|77,04|9|0|0|0|0|0|0|0|0|1,27|5,86|0|0|
|C170|1|10011713||13,54|5|77,04|0|0|061|1653|1653|0|0|0|0|0|0||||0|0|0|51|77,04|1,65|||1,27|51|77,04|7,6|||5,86|3.1.01.01.03.00|
|C100|0|1|FOR000000651|55|00|001|94429|35240305379744000182550010000944291000420100|30032024|30032024|205,01|2|0|0|205,01|9|0|0|0|0|0|0|0|0|3,38|15,58|0|0|
|C170|1|10011713||36,03|5|205,01|0|0|061|1653|1653|0|0|0|0|0|0||||0|0|0|51|205,01|1,65|||3,38|51|205,01|7,6|||15,58|3.1.01.01.03.00|
|C100|0|1|FOR000000651|55|00|001|94430|35240305379744000182550010000944301000420119|30032024|30032024|224,95|2|0|0|224,95|9|0|0|0|0|0|0|0|0|3,71|17,1|0|0|
|C170|1|10011713||39,536|5|224,95|0|0|061|1653|1653|0|0|0|0|0|0||||0|0|0|51|224,95|1,65|||3,71|51|224,95|7,6|||17,1|3.1.01.01.03.00|
|C100|0|1|FOR000000651|55|00|001|94431|35240305379744000182550010000944311000420124|30032024|30032024|115,73|2|0|0|115,73|9|0|0|0|0|0|0|0|0|1,91|8,8|0|0|
|C170|1|10011713||20,34|5|115,73|0|0|061|1653|1653|0|0|0|0|0|0||||0|0|0|51|115,73|1,65|||1,91|51|115,73|7,6|||8,8|3.1.01.01.03.00|
|C100|0|1|FOR000000651|55|00|001|94432|35240305379744000182550010000944321000420130|30032024|30032024|377,13|2|0|0|377,13|9|0|0|0|0|0|0|0|0|6,22|28,66|0|0|
|C170|1|10011674||62,96|5|377,13|0|0|061|1653|1653|0|0|0|0|0|0||||0|0|0|51|377,13|1,65|||6,22|51|377,13|7,6|||28,66|3.1.01.01.03.00|
|C100|0|1|FOR000000651|55|00|001|94433|35240305379744000182550010000944331000420145|30032024|30032024|92,63|2|0|0|92,63|9|0|0|0|0|0|0|0|0|1,53|7,04|0|0|
|C170|1|10011713||16,28|5|92,63|0|0|061|1653|1653|0|0|0|0|0|0||||0|0|0|51|92,63|1,65|||1,53|51|92,63|7,6|||7,04|3.1.01.01.03.00|
|C100|0|1|FOR000000651|55|00|001|94434|35240305379744000182550010000944341000420150|30032024|30032024|296,62|2|0|0|296,62|9|0|0|0|0|0|0|0|0|4,89|22,54|0|0|
|C170|1|10011674||49,52|5|296,62|0|0|061|1653|1653|0|0|0|0|0|0||||0|0|0|51|296,62|1,65|||4,89|51|296,62|7,6|||22,54|3.1.01.01.03.00|
|C100|0|1|FOR000000651|55|00|001|94435|35240305379744000182550010000944351000420166|30032024|30032024|244,86|2|0|0|244,86|9|0|0|0|0|0|0|0|0|4,04|18,61|0|0|
|C170|1|10011713||43,035|5|244,86|0|0|061|1653|1653|0|0|0|0|0|0||||0|0|0|51|244,86|1,65|||4,04|51|244,86|7,6|||18,61|3.1.01.01.03.00|
|C100|0|1|FOR000000651|55|00|001|94436|35240305379744000182550010000944361000420171|30032024|30032024|157|2|0|0|157|9|0|0|0|0|0|0|0|0|2,59|11,93|0|0|
|C170|1|10011713||27,593|5|157|0|0|061|1653|1653|0|0|0|0|0|0||||0|0|0|51|157|1,65|||2,59|51|157|7,6|||11,93|3.1.01.01.03.00|
|C100|0|1|FOR000000651|55|00|001|94437|35240305379744000182550010000944371000420187|30032024|30032024|226,01|2|0|0|226,01|9|0|0|0|0|0|0|0|0|3,73|17,18|0|0|
|C170|1|10011713||39,721|5|226,01|0|0|061|1653|1653|0|0|0|0|0|0||||0|0|0|51|226,01|1,65|||3,73|51|226,01|7,6|||17,18|3.1.01.01.03.00|
|C100|0|1|FOR000000651|55|00|001|94438|35240305379744000182550010000944381000420192|30032024|30032024|243,08|2|0|0|243,08|9|0|0|0|0|0|0|0|0|4,01|18,47|0|0|
|C170|1|10011713||42,721|5|243,08|0|0|061|1653|1653|0|0|0|0|0|0||||0|0|0|51|243,08|1,65|||4,01|51|243,08|7,6|||18,47|3.1.01.01.03.00|
|C100|0|1|FOR000000651|55|00|001|94439|35240305379744000182550010000944391000420203|30032024|30032024|67,6|2|0|0|67,6|9|0|0|0|0|0|0|0|0|1,12|5,14|0|0|
|C170|1|10011713||11,881|5|67,6|0|0|061|1653|1653|0|0|0|0|0|0||||0|0|0|51|67,6|1,65|||1,12|51|67,6|7,6|||5,14|3.1.01.01.03.00|
|C100|0|1|FOR000000651|55|00|001|94440|35240305379744000182550010000944401000420212|30032024|30032024|99,01|2|0|0|99,01|9|0|0|0|0|0|0|0|0|1,63|7,52|0|0|
|C170|1|10011713||17,401|5|99,01|0|0|061|1653|1653|0|0|0|0|0|0||||0|0|0|51|99,01|1,65|||1,63|51|99,01|7,6|||7,52|3.1.01.01.03.00|
|C100|0|1|FOR000000661|55|00|000|240599|35240358812348000163550000002405991034224244|20032024|20032024|241,49|2|0|0|241,49|9|0|0|0|0|0|0|0|0|3,98|18,35|0|0|
|C170|1|11003||43,201|7|241,49|0|0|061|1653|1653|0|0|0|0|0|0||||0|0|0|51|241,49|1,65|||3,98|51|241,49|7,6|||18,35|3.1.01.01.03.00|
|C100|0|1|FOR000000662|55|00|001|149257|35240360701182000150550010001492571034224480|20032024|20032024|228,02|2|0|0|228,02|9|0|0|0|0|0|0|0|0|3,76|17,33|0|0|
|C170|1|11003||40,791|7|228,02|0|0|061|1653|1653|0|0|0|0|0|0||||0|0|0|51|228,02|1,65|||3,76|51|228,02|7,6|||17,33|3.1.01.01.03.00|
|C100|0|1|FOR000000662|55|00|001|149258|35240360701182000150550010001492581034224496|20032024|20032024|132,99|2|0|0|132,99|9|0|0|0|0|0|0|0|0|2,19|10,11|0|0|
|C170|1|11003||23,791|7|132,99|0|0|061|1653|1653|0|0|0|0|0|0||||0|0|0|51|132,99|1,65|||2,19|51|132,99|7,6|||10,11|3.1.01.01.03.00|
|C100|0|1|FOR000000662|55|00|001|149260|35240360701182000150550010001492601034224516|20032024|20032024|159,26|2|0|0|159,26|9|0|0|0|0|0|0|0|0|2,63|12,1|0|0|
|C170|1|11003||28,491|7|159,26|0|0|061|1653|1653|0|0|0|0|0|0||||0|0|0|51|159,26|1,65|||2,63|51|159,26|7,6|||12,1|3.1.01.01.03.00|
|C100|0|1|FOR000000663|55|00|001|3363|35240360804903000157550010000033631000044003|04032024|04032024|204,01|2|0|0|194,01|0|10|0|0|26,29|4,73|0|0|0|0|0|0|0|
|C170|1|95832300850138||3,108|6|40,09|0|0|040|1556|1556|0|0|0|0|0|0||||0|0|0|70|0|0|||0|70|0|0|||0|3.1.01.01.03.00|
|C170|2|95832300850142||3,048|6|32,92|0|0|040|1556|1556|0|0|0|0|0|0||||0|0|0|70|0|0|||0|70|0|0|||0|3.1.01.01.03.00|
|C170|3|95832300850141||2,062|6|23,92|0|0|040|1556|1556|0|0|0|0|0|0||||0|0|0|70|0|0|||0|70|0|0|||0|3.1.01.01.03.00|
|C170|4|95832300850133||3,084|6|24,64|0|0|040|1556|1556|0|0|0|0|0|0||||0|0|0|70|0|0|||0|70|0|0|||0|3.1.01.01.03.00|
|C170|5|95832300850143||4|305|27,96|0|0|040|1556|1556|0|0|0|0|0|0||||0|0|0|70|0|0|||0|70|0|0|||0|3.1.01.01.03.00|
|C170|6|95832300850132||2|305|13,98|0|0|040|1556|1556|0|0|0|0|0|0||||0|0|0|70|0|0|||0|70|0|0|||0|3.1.01.01.03.00|
|C170|7|95832300850140||1|305|5,5|0|0|040|1556|1556|0|0|0|0|0|0||||0|0|0|70|0|0|||0|70|0|0|||0|3.1.01.01.03.00|
|C170|8|1684||1|161|25|0|0|000|1556|1556|26,29|18|4,73|0|0|0||||0|0|0|70|0|0|||0|70|0|0|||0|3.1.01.01.03.00|
|C100|0|1|FOR000000704|55|00|001|17232|52240320789719000160550010000172321727967867|01032024|01032024|211,6|2|0|0|211,6|9|0|0|0|0|0|0|0|0|3,49|16,08|0|0|
|C170|1|99954011210294||40|4|211,6|0|0|061|2653|1653|0|0|0|0|0|0||||0|0|0|51|211,6|1,65|||3,49|51|211,6|7,6|||16,08|3.1.01.01.03.00|
|C100|0|1|FOR000000704|55|00|001|17521|52240320789719000160550010000175211828861412|11032024|11032024|193,14|2|0|0|193,14|9|0|0|0|0|0|0|0|0|3,19|14,68|0|0|
|C170|1|99954011210294||36,51|4|193,14|0|0|061|2653|1653|0|0|0|0|0|0||||0|0|0|51|193,14|1,65|||3,19|51|193,14|7,6|||14,68|3.1.01.01.03.00|
|C100|0|1|FOR000000767|55|00|002|11957|35240351427755000108550020000119571443931962|04032024|04032024|202,65|2|0|0|202,65|9|0|0|0|0|0|0|0|0|0|0|0|0|
|C170|1|2703||35|7|202,65|0|0|061|1653|1653|0|0|0|0|0|0||||0|0|0|70|0|0|||0|70|0|0|||0|3.1.01.01.03.00|
|C100|0|1|FOR000000812|55|00|005|18737|35240303824646000424550050000187371000191958|13032024|13032024|2795|2|0|0|2795|9|0|0|0|0|0|0|0|0|46,12|212,42|0|0|
|C170|1|99947725150608||500|5|2795|0|0|061|1653|1653|0|0|0|0|0|0||||0|0|0|51|2795|1,65|||46,12|51|2795|7,6|||212,42|3.1.01.01.03.00|
|C100|0|1|FOR000000814|55|00|001|69810|35240307623527000111550010000698101000385427|06032024|06032024|298,24|2|0|0|298,24|9|0|0|0|0|0|0|0|0|4,92|22,67|0|0|
|C170|1|C1||52,6|5|298,24|0|0|061|1653|1653|0|0|0|0|0|0||||0|0|0|51|298,24|1,65|||4,92|51|298,24|7,6|||22,67|3.1.01.01.03.00|
|C100|0|1|FOR000000814|55|00|001|69851|35240307623527000111550010000698511000385837|07032024|07032024|287,13|2|0|0|287,13|9|0|0|0|0|0|0|0|0|4,74|21,82|0|0|
|C170|1|C1||50,91|5|287,13|0|0|061|1653|1653|0|0|0|0|0|0||||0|0|0|51|287,13|1,65|||4,74|51|287,13|7,6|||21,82|3.1.01.01.03.00|
|C100|0|1|FOR000000814|55|00|001|70243|35240307623527000111550010000702431000389806|18032024|18032024|288,66|2|0|0|288,66|9|0|0|0|0|0|0|0|0|4,76|21,94|0|0|
|C170|1|C1||51,639|5|288,66|0|0|061|1653|1653|0|0|0|0|0|0||||0|0|0|51|288,66|1,65|||4,76|51|288,66|7,6|||21,94|3.1.01.01.03.00|
|C100|0|1|FOR000000817|55|00|001|16935|35240310353008000195550010000169351900169350|02032024|02032024|198,35|2|0|0|198,35|9|0|0|0|0|0|0|0|0|3,27|15,07|0|0|
|C170|1|99954011210284||34,8594|1145|198,35|0|0|061|1653|1653|0|0|0|0|0|0||||0|0|0|51|198,35|1,65|||3,27|51|198,35|7,6|||15,07|3.1.01.01.03.00|
|C100|0|1|FOR000000817|55|00|001|16936|35240310353008000195550010000169361900169365|02032024|02032024|193,3|2|0|0|193,3|9|0|0|0|0|0|0|0|0|3,19|14,69|0|0|
|C170|1|99954011210274||31,7406|1145|193,3|0|0|061|1653|1653|0|0|0|0|0|0||||0|0|0|51|193,3|1,65|||3,19|51|193,3|7,6|||14,69|3.1.01.01.03.00|
|C100|0|1|FOR000000817|55|00|001|16965|35240310353008000195550010000169651900169650|06032024|06032024|161,99|2|0|0|161,99|9|0|0|0|0|0|0|0|0|2,67|12,31|0|0|
|C170|1|99954011210284||28,4692|1145|161,99|0|0|061|1653|1653|0|0|0|0|0|0||||0|0|0|51|161,99|1,65|||2,67|51|161,99|7,6|||12,31|3.1.01.01.03.00|
|C100|0|1|FOR000000817|55|00|001|17010|35240310353008000195550010000170101900170109|13032024|13032024|171,16|2|0|0|171,16|9|0|0|0|0|0|0|0|0|2,82|13,01|0|0|
|C170|1|99954011210284||30,0808|1145|171,16|0|0|061|1653|1653|0|0|0|0|0|0||||0|0|0|51|171,16|1,65|||2,82|51|171,16|7,6|||13,01|3.1.01.01.03.00|
|C100|0|1|FOR000000817|55|00|001|17047|35240310353008000195550010000170471900170478|21032024|21032024|198,81|2|0|0|198,81|9|0|0|0|0|0|0|0|0|3,28|15,11|0|0|
|C170|1|99954011210284||34,9402|1145|198,81|0|0|061|1653|1653|0|0|0|0|0|0||||0|0|0|51|198,81|1,65|||3,28|51|198,81|7,6|||15,11|3.1.01.01.03.00|
|C100|0|1|FOR000000817|55|00|001|17050|35240310353008000195550010000170501900170503|22032024|22032024|238,5|2|0|0|238,5|9|0|0|0|0|0|0|0|0|3,94|18,13|0|0|
|C170|1|99954011210274||39,1626|1145|238,5|0|0|061|1653|1653|0|0|0|0|0|0||||0|0|0|51|238,5|1,65|||3,94|51|238,5|7,6|||18,13|3.1.01.01.03.00|
|C100|0|1|FOR000000817|55|00|001|17057|35240310353008000195550010000170571900170571|25032024|25032024|152,78|2|0|0|152,78|9|0|0|0|0|0|0|0|0|2,52|11,61|0|0|
|C170|1|99954011210284||26,8506|1145|152,78|0|0|061|1653|1653|0|0|0|0|0|0||||0|0|0|51|152,78|1,65|||2,52|51|152,78|7,6|||11,61|3.1.01.01.03.00|
|C100|0|1|FOR000000819|55|00|002|18925|35240310549452000180550020000189251057038504|05032024|05032024|176,39|2|0|0|176,39|9|0|0|0|0|0|0|0|0|2,91|13,41|0|0|
|C170|1|724||31|4|176,39|0|0|061|1653|1653|0|0|0|0|0|0||||0|0|0|51|176,39|1,65|||2,91|51|176,39|7,6|||13,41|3.1.01.01.03.00|
|C100|0|1|FOR000000819|55|00|002|18933|35240310549452000180550020000189331968217870|07032024|07032024|519,67|2|0|0|519,67|9|0|0|0|0|0|0|0|0|8,57|39,49|0|0|
|C170|1|724||91,331|4|519,67|0|0|061|1653|1653|0|0|0|0|0|0||||0|0|0|51|519,67|1,65|||8,57|51|519,67|7,6|||39,49|3.1.01.01.03.00|
|C100|0|1|FOR000000819|55|00|002|18934|35240310549452000180550020000189341111747368|07032024|07032024|259,73|2|0|0|259,73|9|0|0|0|0|0|0|0|0|4,29|19,74|0|0|
|C170|1|719||43,361|4|259,73|0|0|061|1653|1653|0|0|0|0|0|0||||0|0|0|51|259,73|1,65|||4,29|51|259,73|7,6|||19,74|3.1.01.01.03.00|
|C100|0|1|FOR000000819|55|00|002|18935|35240310549452000180550020000189351316547970|07032024|07032024|672,39|2|0|0|672,39|9|0|0|0|0|0|0|0|0|11,09|51,1|0|0|
|C170|1|724||118,172|4|672,39|0|0|061|1653|1653|0|0|0|0|0|0||||0|0|0|51|672,39|1,65|||11,09|51|672,39|7,6|||51,1|3.1.01.01.03.00|
|C100|0|1|FOR000000824|55|00|001|2542|35240329327287000140550010000025421321503930|26032024|26032024|18547,34|2|0|0|18547,34|9|0|0|0|0|0|0|0|0|306,01|1409,58|0|0|
|C170|1|99947725150741||4|8|14|0|0|500|1407|1407|0|0|0|0|0|0||||0|0|0|51|14|1,65|||0,23|51|14|7,6|||1,06|3.1.01.01.03.00|
|C170|2|99954011210215||2|8|9,8|0|0|101|1556|1556|0|0|0|0|0|0||||0|0|0|51|9,8|1,65|||0,16|51|9,8|7,6|||0,74|3.1.01.01.03.00|
|C170|3|99947725150745||8|8|212|0|0|101|1556|1556|0|0|0|0|0|0||||0|0|0|51|212|1,65|||3,5|51|212|7,6|||16,11|3.1.01.01.03.00|
|C170|4|99947725150740||2|8|13,6|0|0|500|1407|1407|0|0|0|0|0|0||||0|0|0|51|13,6|1,65|||0,22|51|13,6|7,6|||1,03|3.1.01.01.03.00|
|C170|5|1852||2|8|13|0|0|101|1556|1556|0|0|0|0|0|0||||0|0|0|51|13|1,65|||0,21|51|13|7,6|||0,99|3.1.01.01.03.00|
|C170|6|99947725150735||6|8|40,8|0|0|101|1556|1556|0|0|0|0|0|0||||0|0|0|51|40,8|1,65|||0,67|51|40,8|7,6|||3,1|3.1.01.01.03.00|
|C170|7|91042356000299||16|8|8,32|0|0|101|1556|1556|0|0|0|0|0|0||||0|0|0|51|8,32|1,65|||0,14|51|8,32|7,6|||0,63|3.1.01.01.03.00|
|C170|8|95832300850199||84|8|82,32|0|0|101|1556|1556|0|0|0|0|0|0||||0|0|0|51|82,32|1,65|||1,36|51|82,32|7,6|||6,26|3.1.01.01.03.00|
|C170|9|1770||3|8|2081,4|0|0|500|1407|1407|0|0|0|0|0|0||||0|0|0|51|2081,4|1,65|||34,34|51|2081,4|7,6|||158,19|3.1.01.01.03.00|
|C170|10|799||4|8|78|0|0|500|1407|1407|0|0|0|0|0|0||||0|0|0|51|78|1,65|||1,29|51|78|7,6|||5,93|3.1.01.01.03.00|
|C170|11|99947725150742||2|8|31,2|0|0|101|1556|1556|0|0|0|0|0|0||||0|0|0|51|31,2|1,65|||0,51|51|31,2|7,6|||2,37|3.1.01.01.03.00|
|C170|12|1776||4|8|1199,6|0|0|500|1407|1407|0|0|0|0|0|0||||0|0|0|51|1199,6|1,65|||19,79|51|1199,6|7,6|||91,17|3.1.01.01.03.00|
|C170|13|5315||13|23|80,6|0|0|101|1556|1556|0|0|0|0|0|0||||0|0|0|51|80,6|1,65|||1,33|51|80,6|7,6|||6,13|3.1.01.01.03.00|
|C170|14|6280||11|23|207,9|0|0|101|1556|1556|0|0|0|0|0|0||||0|0|0|51|207,9|1,65|||3,43|51|207,9|7,6|||15,8|3.1.01.01.03.00|
|C170|15|1844||2|8|43,8|0|0|101|1556|1556|0|0|0|0|0|0||||0|0|0|51|43,8|1,65|||0,72|51|43,8|7,6|||3,33|3.1.01.01.03.00|
|C170|16|1843||2|8|43,8|0|0|101|1556|1556|0|0|0|0|0|0||||0|0|0|51|43,8|1,65|||0,72|51|43,8|7,6|||3,33|3.1.01.01.03.00|
|C170|17|4527||142|6|2811,6|0|0|500|1407|1407|0|0|0|0|0|0||||0|0|0|51|2811,6|1,65|||46,39|51|2811,6|7,6|||213,68|3.1.01.01.03.00|
|C170|18|3981||138|6|2180,4|0|0|500|1407|1407|0|0|0|0|0|0||||0|0|0|51|2180,4|1,65|||35,98|51|2180,4|7,6|||165,71|3.1.01.01.03.00|
|C170|19|2900||4|8|110,8|0|0|500|1407|1407|0|0|0|0|0|0||||0|0|0|51|110,8|1,65|||1,83|51|110,8|7,6|||8,42|3.1.01.01.03.00|
|C170|20|3936||4|8|118,4|0|0|101|1556|1556|0|0|0|0|0|0||||0|0|0|51|118,4|1,65|||1,95|51|118,4|7,6|||9|3.1.01.01.03.00|
|C170|21|1978||1|8|43,4|0|0|101|1556|1556|0|0|0|0|0|0||||0|0|0|51|43,4|1,65|||0,72|51|43,4|7,6|||3,3|3.1.01.01.03.00|
|C170|22|1987||1|8|38,7|0|0|500|1407|1407|0|0|0|0|0|0||||0|0|0|51|38,7|1,65|||0,64|51|38,7|7,6|||2,94|3.1.01.01.03.00|
|C170|23|1902||2|8|93,4|0|0|500|1407|1407|0|0|0|0|0|0||||0|0|0|51|93,4|1,65|||1,54|51|93,4|7,6|||7,1|3.1.01.01.03.00|
|C170|24|99954011210383||2|8|196|0|0|500|1407|1407|0|0|0|0|0|0||||0|0|0|51|196|1,65|||3,23|51|196|7,6|||14,9|3.1.01.01.03.00|
|C170|25|2949||3|8|859,2|0|0|500|1407|1407|0|0|0|0|0|0||||0|0|0|51|859,2|1,65|||14,18|51|859,2|7,6|||65,3|3.1.01.01.03.00|
|C170|26|6019||4|8|12,8|0|0|101|1556|1556|0|0|0|0|0|0||||0|0|0|51|12,8|1,65|||0,21|51|12,8|7,6|||0,97|3.1.01.01.03.00|
|C170|27|4660||2|8|2|0|0|101|1556|1556|0|0|0|0|0|0||||0|0|0|51|2|1,65|||0,03|51|2|7,6|||0,15|3.1.01.01.03.00|
|C170|28|1961||25|59|191,25|0|0|101|1556|1556|0|0|0|0|0|0||||0|0|0|51|191,25|1,65|||3,16|51|191,25|7,6|||14,54|3.1.01.01.03.00|
|C170|29|3000||1|8|120|0|0|500|1407|1407|0|0|0|0|0|0||||0|0|0|51|120|1,65|||1,98|51|120|7,6|||9,12|3.1.01.01.03.00|
|C170|30|99954011210194||1|8|43,2|0|0|500|1407|1407|0|0|0|0|0|0||||0|0|0|51|43,2|1,65|||0,71|51|43,2|7,6|||3,28|3.1.01.01.03.00|
|C170|31|3976||4|8|340|0|0|500|1407|1407|0|0|0|0|0|0||||0|0|0|51|340|1,65|||5,61|51|340|7,6|||25,84|3.1.01.01.03.00|
|C170|32|99954011210382||4|8|359,6|0|0|500|1407|1407|0|0|0|0|0|0||||0|0|0|51|359,6|1,65|||5,93|51|359,6|7,6|||27,33|3.1.01.01.03.00|
|C170|33|2879||80|8|360|0|0|500|1407|1407|0|0|0|0|0|0||||0|0|0|51|360|1,65|||5,94|51|360|7,6|||27,36|3.1.01.01.03.00|
|C170|34|99947725150620||4|8|31,2|0|0|500|1407|1407|0|0|0|0|0|0||||0|0|0|51|31,2|1,65|||0,51|51|31,2|7,6|||2,37|3.1.01.01.03.00|
|C170|35|2847||1|8|220|0|0|101|1556|1556|0|0|0|0|0|0||||0|0|0|51|220|1,65|||3,63|51|220|7,6|||16,72|3.1.01.01.03.00|
|C170|36|1883||8|8|208|0|0|500|1407|1407|0|0|0|0|0|0||||0|0|0|51|208|1,65|||3,43|51|208|7,6|||15,81|3.1.01.01.03.00|
|C170|37|VO8291048||6|6|281,94|0|0|500|1407|1407|0|0|0|0|0|0||||0|0|0|51|281,94|1,65|||4,65|51|281,94|7,6|||21,43|3.1.01.01.03.00|
|C170|38|2854||2|8|7,6|0|0|101|1556|1556|0|0|0|0|0|0||||0|0|0|51|7,6|1,65|||0,13|51|7,6|7,6|||0,58|3.1.01.01.03.00|
|C170|39|99954011210361||1|8|34|0|0|500|1407|1407|0|0|0|0|0|0||||0|0|0|51|34|1,65|||0,56|51|34|7,6|||2,58|3.1.01.01.03.00|
|C170|40|1812||4|8|28|0|0|500|1407|1407|0|0|0|0|0|0||||0|0|0|51|28|1,65|||0,46|51|28|7,6|||2,13|3.1.01.01.03.00|
|C170|41|3795||1|8|43,9|0|0|101|1556|1556|0|0|0|0|0|0||||0|0|0|51|43,9|1,65|||0,72|51|43,9|7,6|||3,34|3.1.01.01.03.00|
|C170|42|5928||4|8|141,6|0|0|101|1556|1556|0|0|0|0|0|0||||0|0|0|51|141,6|1,65|||2,34|51|141,6|7,6|||10,76|3.1.01.01.03.00|
|C170|43|5930||8|8|283,2|0|0|101|1556|1556|0|0|0|0|0|0||||0|0|0|51|283,2|1,65|||4,67|51|283,2|7,6|||21,52|3.1.01.01.03.00|
|C170|44|6107||1|8|498,8|0|0|500|1407|1407|0|0|0|0|0|0||||0|0|0|51|498,8|1,65|||8,23|51|498,8|7,6|||37,91|3.1.01.01.03.00|
|C170|45|6108||1|8|498,8|0|0|500|1407|1407|0|0|0|0|0|0||||0|0|0|51|498,8|1,65|||8,23|51|498,8|7,6|||37,91|3.1.01.01.03.00|
|C170|46|1893||2|8|393,8|0|0|500|1407|1407|0|0|0|0|0|0||||0|0|0|51|393,8|1,65|||6,5|51|393,8|7,6|||29,93|3.1.01.01.03.00|
|C170|47|1839||4|8|71,6|0|0|500|1407|1407|0|0|0|0|0|0||||0|0|0|51|71,6|1,65|||1,18|51|71,6|7,6|||5,44|3.1.01.01.03.00|
|C170|48|99947725150621||8|8|58,4|0|0|500|1407|1407|0|0|0|0|0|0||||0|0|0|51|58,4|1,65|||0,96|51|58,4|7,6|||4,44|3.1.01.01.03.00|
|C170|49|2149||7|8|109,2|0|0|101|1556|1556|0|0|0|0|0|0||||0|0|0|51|109,2|1,65|||1,8|51|109,2|7,6|||8,3|3.1.01.01.03.00|
|C170|50|1929||1|8|28,6|0|0|101|1556|1556|0|0|0|0|0|0||||0|0|0|51|28,6|1,65|||0,47|51|28,6|7,6|||2,17|3.1.01.01.03.00|
|C170|51|1980||12|8|10,8|0|0|101|1556|1556|0|0|0|0|0|0||||0|0|0|51|10,8|1,65|||0,18|51|10,8|7,6|||0,82|3.1.01.01.03.00|
|C170|52|5367||2|8|75,6|0|0|101|1556|1556|0|0|0|0|0|0||||0|0|0|51|75,6|1,65|||1,25|51|75,6|7,6|||5,75|3.1.01.01.03.00|
|C170|53|4516||10|8|27,5|0|0|101|1556|1556|0|0|0|0|0|0||||0|0|0|51|27,5|1,65|||0,45|51|27,5|7,6|||2,09|3.1.01.01.03.00|
|C170|54|99947725150708||52|8|66,56|0|0|101|1556|1556|0|0|0|0|0|0||||0|0|0|51|66,56|1,65|||1,1|51|66,56|7,6|||5,06|3.1.01.01.03.00|
|C170|55|3050||6|8|10,8|0|0|101|1556|1556|0|0|0|0|0|0||||0|0|0|51|10,8|1,65|||0,18|51|10,8|7,6|||0,82|3.1.01.01.03.00|
|C170|56|2887||12|8|162|0|0|101|1556|1556|0|0|0|0|0|0||||0|0|0|51|162|1,65|||2,67|51|162|7,6|||12,31|3.1.01.01.03.00|
|C170|57|2466||2|8|29,9|0|0|101|1556|1556|0|0|0|0|0|0||||0|0|0|51|29,9|1,65|||0,49|51|29,9|7,6|||2,27|3.1.01.01.03.00|
|C170|58|2470||2|8|17,96|0|0|101|1556|1556|0|0|0|0|0|0||||0|0|0|51|17,96|1,65|||0,3|51|17,96|7,6|||1,36|3.1.01.01.03.00|
|C170|59|5209||2|8|9,8|0|0|500|1407|1407|0|0|0|0|0|0||||0|0|0|51|9,8|1,65|||0,16|51|9,8|7,6|||0,74|3.1.01.01.03.00|
|C170|60|99954011210370||1|8|34,9|0|0|500|1407|1407|0|0|0|0|0|0||||0|0|0|51|34,9|1,65|||0,58|51|34,9|7,6|||2,65|3.1.01.01.03.00|
|C170|61|3099||2|8|29,8|0|0|500|1407|1407|0|0|0|0|0|0||||0|0|0|51|29,8|1,65|||0,49|51|29,8|7,6|||2,26|3.1.01.01.03.00|
|C170|62|1759||5|8|79,5|0|0|500|1407|1407|0|0|0|0|0|0||||0|0|0|51|79,5|1,65|||1,31|51|79,5|7,6|||6,04|3.1.01.01.03.00|
|C170|63|99947725150561||4|8|3,4|0|0|101|1556|1556|0|0|0|0|0|0||||0|0|0|51|3,4|1,65|||0,06|51|3,4|7,6|||0,26|3.1.01.01.03.00|
|C170|64|2491||14|8|13,72|0|0|101|1556|1556|0|0|0|0|0|0||||0|0|0|51|13,72|1,65|||0,23|51|13,72|7,6|||1,04|3.1.01.01.03.00|
|C170|65|4199||14|8|49|0|0|101|1556|1556|0|0|0|0|0|0||||0|0|0|51|49|1,65|||0,81|51|49|7,6|||3,72|3.1.01.01.03.00|
|C170|66|1896||256|8|43,52|0|0|101|1556|1556|0|0|0|0|0|0||||0|0|0|51|43,52|1,65|||0,72|51|43,52|7,6|||3,31|3.1.01.01.03.00|
|C170|67|1828||4|8|90|0|0|101|1556|1556|0|0|0|0|0|0||||0|0|0|51|90|1,65|||1,49|51|90|7,6|||6,84|3.1.01.01.03.00|
|C170|68|1819||1|8|168|0|0|500|1407|1407|0|0|0|0|0|0||||0|0|0|51|168|1,65|||2,77|51|168|7,6|||12,77|3.1.01.01.03.00|
|C170|69|1859||4|8|79,92|0|0|500|1407|1407|0|0|0|0|0|0||||0|0|0|51|79,92|1,65|||1,32|51|79,92|7,6|||6,07|3.1.01.01.03.00|
|C170|70|4996||2|8|600|0|0|500|1407|1407|0|0|0|0|0|0||||0|0|0|51|600|1,65|||9,9|51|600|7,6|||45,6|3.1.01.01.03.00|
|C170|71|4313||1|8|108,7|0|0|101|1556|1556|0|0|0|0|0|0||||0|0|0|51|108,7|1,65|||1,79|51|108,7|7,6|||8,26|3.1.01.01.03.00|
|C170|72|1957||18|4|453,6|0|0|500|1407|1407|0|0|0|0|0|0||||0|0|0|51|453,6|1,65|||7,48|51|453,6|7,6|||34,47|3.1.01.01.03.00|
|C170|73|6281||14,4|4|869,76|0|0|500|1407|1407|0|0|0|0|0|0||||0|0|0|51|869,76|1,65|||14,35|51|869,76|7,6|||66,1|3.1.01.01.03.00|
|C170|74|99954011210384||1|8|75|0|0|500|1407|1407|0|0|0|0|0|0||||0|0|0|51|75|1,65|||1,24|51|75|7,6|||5,7|3.1.01.01.03.00|
|C170|75|1821||4|8|51,92|0|0|101|1556|1556|0|0|0|0|0|0||||0|0|0|51|51,92|1,65|||0,86|51|51,92|7,6|||3,95|3.1.01.01.03.00|
|C170|76|99947725150739||2|8|13,8|0|0|101|1556|1556|0|0|0|0|0|0||||0|0|0|51|13,8|1,65|||0,23|51|13,8|7,6|||1,05|3.1.01.01.03.00|
|C170|77|1321||0,5|23|4,75|0|0|101|1556|1556|0|0|0|0|0|0||||0|0|0|51|4,75|1,65|||0,08|51|4,75|7,6|||0,36|3.1.01.01.03.00|
|C170|78|3347||0,5|23|5|0|0|101|1556|1556|0|0|0|0|0|0||||0|0|0|51|5|1,65|||0,08|51|5|7,6|||0,38|3.1.01.01.03.00|
|C170|79|2929||1|8|62,5|0|0|500|1407|1407|0|0|0|0|0|0||||0|0|0|51|62,5|1,65|||1,03|51|62,5|7,6|||4,75|3.1.01.01.03.00|
|C170|80|3115||1|8|198|0|0|101|1556|1556|0|0|0|0|0|0||||0|0|0|51|198|1,65|||3,27|51|198|7,6|||15,05|3.1.01.01.03.00|
|C170|81|2145||1|8|32,5|0|0|500|1407|1407|0|0|0|0|0|0||||0|0|0|51|32,5|1,65|||0,54|51|32,5|7,6|||2,47|3.1.01.01.03.00|
|C170|82|2144||1|8|89,6|0|0|101|1556|1556|0|0|0|0|0|0||||0|0|0|51|89,6|1,65|||1,48|51|89,6|7,6|||6,81|3.1.01.01.03.00|
|C100|0|1|FOR000000824|55|00|001|2543|35240329327287000140550010000025431041503902|26032024|26032024|19236,08|2|0|0|19236,08|9|0|0|0|0|0|0|0|0|317,43|1461,95|0|0|
|C170|1|99947725150741||8|8|28|0|0|500|1407|1407|0|0|0|0|0|0||||0|0|0|51|28|1,65|||0,46|51|28|7,6|||2,13|3.1.01.01.03.00|
|C170|2|1789||2|8|59,8|0|0|101|1556|1556|0|0|0|0|0|0||||0|0|0|51|59,8|1,65|||0,99|51|59,8|7,6|||4,54|3.1.01.01.03.00|
|C170|3|99947725150745||8|8|212|0|0|101|1556|1556|0|0|0|0|0|0||||0|0|0|51|212|1,65|||3,5|51|212|7,6|||16,11|3.1.01.01.03.00|
|C170|4|99947725150740||7|8|47,6|0|0|500|1407|1407|0|0|0|0|0|0||||0|0|0|51|47,6|1,65|||0,79|51|47,6|7,6|||3,62|3.1.01.01.03.00|
|C170|5|1852||4|8|26|0|0|101|1556|1556|0|0|0|0|0|0||||0|0|0|51|26|1,65|||0,43|51|26|7,6|||1,98|3.1.01.01.03.00|
|C170|6|99947725150735||7|8|47,6|0|0|101|1556|1556|0|0|0|0|0|0||||0|0|0|51|47,6|1,65|||0,79|51|47,6|7,6|||3,62|3.1.01.01.03.00|
|C170|7|2884||8|8|8,8|0|0|101|1556|1556|0|0|0|0|0|0||||0|0|0|51|8,8|1,65|||0,15|51|8,8|7,6|||0,67|3.1.01.01.03.00|
|C170|8|2922||44|8|37,4|0|0|101|1556|1556|0|0|0|0|0|0||||0|0|0|51|37,4|1,65|||0,62|51|37,4|7,6|||2,84|3.1.01.01.03.00|
|C170|9|95832300850199||48|8|47,04|0|0|101|1556|1556|0|0|0|0|0|0||||0|0|0|51|47,04|1,65|||0,78|51|47,04|7,6|||3,58|3.1.01.01.03.00|
|C170|10|1770||2|8|1387,6|0|0|500|1407|1407|0|0|0|0|0|0||||0|0|0|51|1387,6|1,65|||22,9|51|1387,6|7,6|||105,46|3.1.01.01.03.00|
|C170|11|799||4|8|78|0|0|500|1407|1407|0|0|0|0|0|0||||0|0|0|51|78|1,65|||1,29|51|78|7,6|||5,93|3.1.01.01.03.00|
|C170|12|99947725150742||4|8|62,4|0|0|101|1556|1556|0|0|0|0|0|0||||0|0|0|51|62,4|1,65|||1,03|51|62,4|7,6|||4,74|3.1.01.01.03.00|
|C170|13|1776||4|8|1199,6|0|0|500|1407|1407|0|0|0|0|0|0||||0|0|0|51|1199,6|1,65|||19,79|51|1199,6|7,6|||91,17|3.1.01.01.03.00|
|C170|14|99954011210336||4|8|159,6|0|0|500|1407|1407|0|0|0|0|0|0||||0|0|0|51|159,6|1,65|||2,63|51|159,6|7,6|||12,13|3.1.01.01.03.00|
|C170|15|5315||14|23|86,8|0|0|101|1556|1556|0|0|0|0|0|0||||0|0|0|51|86,8|1,65|||1,43|51|86,8|7,6|||6,6|3.1.01.01.03.00|
|C170|16|6280||10|23|189|0|0|101|1556|1556|0|0|0|0|0|0||||0|0|0|51|189|1,65|||3,12|51|189|7,6|||14,36|3.1.01.01.03.00|
|C170|17|1844||1|8|21,9|0|0|101|1556|1556|0|0|0|0|0|0||||0|0|0|51|21,9|1,65|||0,36|51|21,9|7,6|||1,66|3.1.01.01.03.00|
|C170|18|1843||1|8|21,9|0|0|101|1556|1556|0|0|0|0|0|0||||0|0|0|51|21,9|1,65|||0,36|51|21,9|7,6|||1,66|3.1.01.01.03.00|
|C170|19|1814||1|8|115,85|0|0|500|1407|1407|0|0|0|0|0|0||||0|0|0|51|115,85|1,65|||1,91|51|115,85|7,6|||8,8|3.1.01.01.03.00|
|C170|20|4527||198|6|3920,4|0|0|500|1407|1407|0|0|0|0|0|0||||0|0|0|51|3920,4|1,65|||64,69|51|3920,4|7,6|||297,95|3.1.01.01.03.00|
|C170|21|3981||128|6|2022,4|0|0|500|1407|1407|0|0|0|0|0|0||||0|0|0|51|2022,4|1,65|||33,37|51|2022,4|7,6|||153,7|3.1.01.01.03.00|
|C170|22|2900||4|8|110,8|0|0|500|1407|1407|0|0|0|0|0|0||||0|0|0|51|110,8|1,65|||1,83|51|110,8|7,6|||8,42|3.1.01.01.03.00|
|C170|23|3936||1|8|29,6|0|0|101|1556|1556|0|0|0|0|0|0||||0|0|0|51|29,6|1,65|||0,49|51|29,6|7,6|||2,25|3.1.01.01.03.00|
|C170|24|1987||9|8|348,3|0|0|500|1407|1407|0|0|0|0|0|0||||0|0|0|51|348,3|1,65|||5,75|51|348,3|7,6|||26,47|3.1.01.01.03.00|
|C170|25|3245||1|8|69,4|0|0|101|1556|1556|0|0|0|0|0|0||||0|0|0|51|69,4|1,65|||1,15|51|69,4|7,6|||5,27|3.1.01.01.03.00|
|C170|26|2949||2|8|572,8|0|0|500|1407|1407|0|0|0|0|0|0||||0|0|0|51|572,8|1,65|||9,45|51|572,8|7,6|||43,53|3.1.01.01.03.00|
|C170|27|6019||7|8|22,4|0|0|101|1556|1556|0|0|0|0|0|0||||0|0|0|51|22,4|1,65|||0,37|51|22,4|7,6|||1,7|3.1.01.01.03.00|
|C170|28|1961||25|59|191,25|0|0|101|1556|1556|0|0|0|0|0|0||||0|0|0|51|191,25|1,65|||3,16|51|191,25|7,6|||14,54|3.1.01.01.03.00|
|C170|29|3000||1|8|120|0|0|500|1407|1407|0|0|0|0|0|0||||0|0|0|51|120|1,65|||1,98|51|120|7,6|||9,12|3.1.01.01.03.00|
|C170|30|99954011210194||1|8|43,2|0|0|500|1407|1407|0|0|0|0|0|0||||0|0|0|51|43,2|1,65|||0,71|51|43,2|7,6|||3,28|3.1.01.01.03.00|
|C170|31|99954011210382||4|8|359,6|0|0|500|1407|1407|0|0|0|0|0|0||||0|0|0|51|359,6|1,65|||5,93|51|359,6|7,6|||27,33|3.1.01.01.03.00|
|C170|32|6419||4|8|359,6|0|0|500|1407|1407|0|0|0|0|0|0||||0|0|0|51|359,6|1,65|||5,93|51|359,6|7,6|||27,33|3.1.01.01.03.00|
|C170|33|2879||71|8|319,5|0|0|500|1407|1407|0|0|0|0|0|0||||0|0|0|51|319,5|1,65|||5,27|51|319,5|7,6|||24,28|3.1.01.01.03.00|
|C170|34|2878||1|8|89|0|0|500|1407|1407|0|0|0|0|0|0||||0|0|0|51|89|1,65|||1,47|51|89|7,6|||6,76|3.1.01.01.03.00|
|C170|35|1883||6|8|156|0|0|500|1407|1407|0|0|0|0|0|0||||0|0|0|51|156|1,65|||2,57|51|156|7,6|||11,86|3.1.01.01.03.00|
|C170|36|VO8291048||6|6|281,94|0|0|500|1407|1407|0|0|0|0|0|0||||0|0|0|51|281,94|1,65|||4,65|51|281,94|7,6|||21,43|3.1.01.01.03.00|
|C170|37|1334||1|8|2,9|0|0|101|1556|1556|0|0|0|0|0|0||||0|0|0|51|2,9|1,65|||0,05|51|2,9|7,6|||0,22|3.1.01.01.03.00|
|C170|38|99954011210361||1|8|34|0|0|500|1407|1407|0|0|0|0|0|0||||0|0|0|51|34|1,65|||0,56|51|34|7,6|||2,58|3.1.01.01.03.00|
|C170|39|1812||4|8|28|0|0|500|1407|1407|0|0|0|0|0|0||||0|0|0|51|28|1,65|||0,46|51|28|7,6|||2,13|3.1.01.01.03.00|
|C170|40|3795||1|8|43,9|0|0|101|1556|1556|0|0|0|0|0|0||||0|0|0|51|43,9|1,65|||0,72|51|43,9|7,6|||3,34|3.1.01.01.03.00|
|C170|41|5930||8|8|283,2|0|0|101|1556|1556|0|0|0|0|0|0||||0|0|0|51|283,2|1,65|||4,67|51|283,2|7,6|||21,52|3.1.01.01.03.00|
|C170|42|6107||1|8|498,8|0|0|500|1407|1407|0|0|0|0|0|0||||0|0|0|51|498,8|1,65|||8,23|51|498,8|7,6|||37,91|3.1.01.01.03.00|
|C170|43|6108||1|8|498,8|0|0|500|1407|1407|0|0|0|0|0|0||||0|0|0|51|498,8|1,65|||8,23|51|498,8|7,6|||37,91|3.1.01.01.03.00|
|C170|44|1893||2|8|393,8|0|0|500|1407|1407|0|0|0|0|0|0||||0|0|0|51|393,8|1,65|||6,5|51|393,8|7,6|||29,93|3.1.01.01.03.00|
|C170|45|99954011210212||3|8|285|0|0|101|1556|1556|0|0|0|0|0|0||||0|0|0|51|285|1,65|||4,7|51|285|7,6|||21,66|3.1.01.01.03.00|
|C170|46|99954011210214||1|8|97,7|0|0|101|1556|1556|0|0|0|0|0|0||||0|0|0|51|97,7|1,65|||1,61|51|97,7|7,6|||7,43|3.1.01.01.03.00|
|C170|47|1839||4|8|71,6|0|0|500|1407|1407|0|0|0|0|0|0||||0|0|0|51|71,6|1,65|||1,18|51|71,6|7,6|||5,44|3.1.01.01.03.00|
|C170|48|99947725150621||8|8|58,4|0|0|500|1407|1407|0|0|0|0|0|0||||0|0|0|51|58,4|1,65|||0,96|51|58,4|7,6|||4,44|3.1.01.01.03.00|
|C170|49|2882||8|8|27,2|0|0|101|1556|1556|0|0|0|0|0|0||||0|0|0|51|27,2|1,65|||0,45|51|27,2|7,6|||2,07|3.1.01.01.03.00|
|C170|50|1980||8|8|7,2|0|0|101|1556|1556|0|0|0|0|0|0||||0|0|0|51|7,2|1,65|||0,12|51|7,2|7,6|||0,55|3.1.01.01.03.00|
|C170|51|3019||44|8|92,4|0|0|101|1556|1556|0|0|0|0|0|0||||0|0|0|51|92,4|1,65|||1,52|51|92,4|7,6|||7,02|3.1.01.01.03.00|
|C170|52|2988||24|8|39,12|0|0|101|1556|1556|0|0|0|0|0|0||||0|0|0|51|39,12|1,65|||0,65|51|39,12|7,6|||2,97|3.1.01.01.03.00|
|C170|53|2887||6|8|81|0|0|101|1556|1556|0|0|0|0|0|0||||0|0|0|51|81|1,65|||1,34|51|81|7,6|||6,16|3.1.01.01.03.00|
|C170|54|2846||6|8|76,2|0|0|101|1556|1556|0|0|0|0|0|0||||0|0|0|51|76,2|1,65|||1,26|51|76,2|7,6|||5,79|3.1.01.01.03.00|
|C170|55|2466||2|8|29,9|0|0|101|1556|1556|0|0|0|0|0|0||||0|0|0|51|29,9|1,65|||0,49|51|29,9|7,6|||2,27|3.1.01.01.03.00|
|C170|56|2470||4|8|35,92|0|0|101|1556|1556|0|0|0|0|0|0||||0|0|0|51|35,92|1,65|||0,59|51|35,92|7,6|||2,73|3.1.01.01.03.00|
|C170|57|1918||1|8|20|0|0|101|1556|1556|0|0|0|0|0|0||||0|0|0|51|20|1,65|||0,33|51|20|7,6|||1,52|3.1.01.01.03.00|
|C170|58|2862||36|8|118,8|0|0|500|1407|1407|0|0|0|0|0|0||||0|0|0|51|118,8|1,65|||1,96|51|118,8|7,6|||9,03|3.1.01.01.03.00|
|C170|59|99947725150808||12|8|59,76|0|0|101|1556|1556|0|0|0|0|0|0||||0|0|0|51|59,76|1,65|||0,99|51|59,76|7,6|||4,54|3.1.01.01.03.00|
|C170|60|1759||24|8|381,6|0|0|500|1407|1407|0|0|0|0|0|0||||0|0|0|51|381,6|1,65|||6,3|51|381,6|7,6|||29|3.1.01.01.03.00|
|C170|61|99947725150709||4|8|11,8|0|0|101|1556|1556|0|0|0|0|0|0||||0|0|0|51|11,8|1,65|||0,19|51|11,8|7,6|||0,9|3.1.01.01.03.00|
|C170|62|99947725150561||8|8|6,8|0|0|101|1556|1556|0|0|0|0|0|0||||0|0|0|51|6,8|1,65|||0,11|51|6,8|7,6|||0,52|3.1.01.01.03.00|
|C170|63|3020||8|8|8,4|0|0|101|1556|1556|0|0|0|0|0|0||||0|0|0|51|8,4|1,65|||0,14|51|8,4|7,6|||0,64|3.1.01.01.03.00|
|C170|64|2491||24|8|23,52|0|0|101|1556|1556|0|0|0|0|0|0||||0|0|0|51|23,52|1,65|||0,39|51|23,52|7,6|||1,79|3.1.01.01.03.00|
|C170|65|1896||256|8|43,52|0|0|101|1556|1556|0|0|0|0|0|0||||0|0|0|51|43,52|1,65|||0,72|51|43,52|7,6|||3,31|3.1.01.01.03.00|
|C170|66|1828||4|8|90|0|0|101|1556|1556|0|0|0|0|0|0||||0|0|0|51|90|1,65|||1,49|51|90|7,6|||6,84|3.1.01.01.03.00|
|C170|67|99954011210337||2|8|56|0|0|500|1407|1407|0|0|0|0|0|0||||0|0|0|51|56|1,65|||0,92|51|56|7,6|||4,26|3.1.01.01.03.00|
|C170|68|3540||1|8|35|0|0|101|1556|1556|0|0|0|0|0|0||||0|0|0|51|35|1,65|||0,58|51|35|7,6|||2,66|3.1.01.01.03.00|
|C170|69|3305||1|8|98,9|0|0|101|1556|1556|0|0|0|0|0|0||||0|0|0|51|98,9|1,65|||1,63|51|98,9|7,6|||7,52|3.1.01.01.03.00|
|C170|70|1957||18|4|453,6|0|0|500|1407|1407|0|0|0|0|0|0||||0|0|0|51|453,6|1,65|||7,48|51|453,6|7,6|||34,47|3.1.01.01.03.00|
|C170|71|6281||14,4|4|869,76|0|0|500|1407|1407|0|0|0|0|0|0||||0|0|0|51|869,76|1,65|||14,35|51|869,76|7,6|||66,1|3.1.01.01.03.00|
|C170|72|6110||1|8|44,8|0|0|101|1556|1556|0|0|0|0|0|0||||0|0|0|51|44,8|1,65|||0,74|51|44,8|7,6|||3,4|3.1.01.01.03.00|
|C170|73|1824||4|8|55,6|0|0|101|1556|1556|0|0|0|0|0|0||||0|0|0|51|55,6|1,65|||0,92|51|55,6|7,6|||4,23|3.1.01.01.03.00|
|C170|74|99947725150739||4|8|27,6|0|0|101|1556|1556|0|0|0|0|0|0||||0|0|0|51|27,6|1,65|||0,46|51|27,6|7,6|||2,1|3.1.01.01.03.00|
|C170|75|1321||4|23|38|0|0|101|1556|1556|0|0|0|0|0|0||||0|0|0|51|38|1,65|||0,63|51|38|7,6|||2,89|3.1.01.01.03.00|
|C170|76|2090||1|8|59,8|0|0|101|1556|1556|0|0|0|0|0|0||||0|0|0|51|59,8|1,65|||0,99|51|59,8|7,6|||4,54|3.1.01.01.03.00|
|C170|77|3115||1|8|198|0|0|101|1556|1556|0|0|0|0|0|0||||0|0|0|51|198|1,65|||3,27|51|198|7,6|||15,05|3.1.01.01.03.00|
|C170|78|99954011210208||1|8|598|0|0|500|1407|1407|0|0|0|0|0|0||||0|0|0|51|598|1,65|||9,87|51|598|7,6|||45,45|3.1.01.01.03.00|
|C170|79|2316||1|8|398,7|0|0|500|1407|1407|0|0|0|0|0|0||||0|0|0|51|398,7|1,65|||6,58|51|398,7|7,6|||30,3|3.1.01.01.03.00|
|C100|0|1|FOR000000824|55|00|001|2544|35240329327287000140550010000025441861503985|26032024|26032024|19537,28|2|0|0|19537,28|9|0|0|0|0|0|0|0|0|322,38|1484,86|0|0|
|C170|1|1849||2|8|1197,6|0|0|500|1407|1407|0|0|0|0|0|0||||0|0|0|51|1197,6|1,65|||19,76|51|1197,6|7,6|||91,02|3.1.01.01.03.00|
|C170|2|99947725150741||8|8|28|0|0|500|1407|1407|0|0|0|0|0|0||||0|0|0|51|28|1,65|||0,46|51|28|7,6|||2,13|3.1.01.01.03.00|
|C170|3|99954011210215||4|8|19,6|0|0|101|1556|1556|0|0|0|0|0|0||||0|0|0|51|19,6|1,65|||0,32|51|19,6|7,6|||1,49|3.1.01.01.03.00|
|C170|4|1789||2|8|59,8|0|0|101|1556|1556|0|0|0|0|0|0||||0|0|0|51|59,8|1,65|||0,99|51|59,8|7,6|||4,54|3.1.01.01.03.00|
|C170|5|99947725150740||4|8|27,2|0|0|500|1407|1407|0|0|0|0|0|0||||0|0|0|51|27,2|1,65|||0,45|51|27,2|7,6|||2,07|3.1.01.01.03.00|
|C170|6|99947725150735||4|8|27,2|0|0|101|1556|1556|0|0|0|0|0|0||||0|0|0|51|27,2|1,65|||0,45|51|27,2|7,6|||2,07|3.1.01.01.03.00|
|C170|7|2884||4|8|4,4|0|0|101|1556|1556|0|0|0|0|0|0||||0|0|0|51|4,4|1,65|||0,07|51|4,4|7,6|||0,33|3.1.01.01.03.00|
|C170|8|91042356000299||32|8|16,64|0|0|101|1556|1556|0|0|0|0|0|0||||0|0|0|51|16,64|1,65|||0,27|51|16,64|7,6|||1,26|3.1.01.01.03.00|
|C170|9|2922||2|8|1,7|0|0|101|1556|1556|0|0|0|0|0|0||||0|0|0|51|1,7|1,65|||0,03|51|1,7|7,6|||0,13|3.1.01.01.03.00|
|C170|10|2917||9|8|25,2|0|0|101|1556|1556|0|0|0|0|0|0||||0|0|0|51|25,2|1,65|||0,42|51|25,2|7,6|||1,92|3.1.01.01.03.00|
|C170|11|1770||2|8|1387,6|0|0|500|1407|1407|0|0|0|0|0|0||||0|0|0|51|1387,6|1,65|||22,9|51|1387,6|7,6|||105,46|3.1.01.01.03.00|
|C170|12|799||4|8|78|0|0|500|1407|1407|0|0|0|0|0|0||||0|0|0|51|78|1,65|||1,29|51|78|7,6|||5,93|3.1.01.01.03.00|
|C170|13|99947725150742||4|8|62,4|0|0|101|1556|1556|0|0|0|0|0|0||||0|0|0|51|62,4|1,65|||1,03|51|62,4|7,6|||4,74|3.1.01.01.03.00|
|C170|14|99954011210338||4|8|39,2|0|0|500|1407|1407|0|0|0|0|0|0||||0|0|0|51|39,2|1,65|||0,65|51|39,2|7,6|||2,98|3.1.01.01.03.00|
|C170|15|5315||27|23|167,4|0|0|101|1556|1556|0|0|0|0|0|0||||0|0|0|51|167,4|1,65|||2,76|51|167,4|7,6|||12,72|3.1.01.01.03.00|
|C170|16|6280||15|23|283,5|0|0|101|1556|1556|0|0|0|0|0|0||||0|0|0|51|283,5|1,65|||4,68|51|283,5|7,6|||21,55|3.1.01.01.03.00|
|C170|17|1844||4|8|87,6|0|0|101|1556|1556|0|0|0|0|0|0||||0|0|0|51|87,6|1,65|||1,45|51|87,6|7,6|||6,66|3.1.01.01.03.00|
|C170|18|1843||4|8|87,6|0|0|101|1556|1556|0|0|0|0|0|0||||0|0|0|51|87,6|1,65|||1,45|51|87,6|7,6|||6,66|3.1.01.01.03.00|
|C170|19|4527||148|6|2930,4|0|0|500|1407|1407|0|0|0|0|0|0||||0|0|0|51|2930,4|1,65|||48,35|51|2930,4|7,6|||222,71|3.1.01.01.03.00|
|C170|20|3981||162|6|2559,6|0|0|500|1407|1407|0|0|0|0|0|0||||0|0|0|51|2559,6|1,65|||42,23|51|2559,6|7,6|||194,53|3.1.01.01.03.00|
|C170|21|2900||4|8|110,8|0|0|500|1407|1407|0|0|0|0|0|0||||0|0|0|51|110,8|1,65|||1,83|51|110,8|7,6|||8,42|3.1.01.01.03.00|
|C170|22|3936||1|8|29,6|0|0|101|1556|1556|0|0|0|0|0|0||||0|0|0|51|29,6|1,65|||0,49|51|29,6|7,6|||2,25|3.1.01.01.03.00|
|C170|23|1987||1|8|38,7|0|0|500|1407|1407|0|0|0|0|0|0||||0|0|0|51|38,7|1,65|||0,64|51|38,7|7,6|||2,94|3.1.01.01.03.00|
|C170|24|2949||1|8|286,4|0|0|500|1407|1407|0|0|0|0|0|0||||0|0|0|51|286,4|1,65|||4,73|51|286,4|7,6|||21,77|3.1.01.01.03.00|
|C170|25|6019||3|8|9,6|0|0|101|1556|1556|0|0|0|0|0|0||||0|0|0|51|9,6|1,65|||0,16|51|9,6|7,6|||0,73|3.1.01.01.03.00|
|C170|26|2849||3|8|5,4|0|0|500|1407|1407|0|0|0|0|0|0||||0|0|0|51|5,4|1,65|||0,09|51|5,4|7,6|||0,41|3.1.01.01.03.00|
|C170|27|1961||25|59|191,25|0|0|101|1556|1556|0|0|0|0|0|0||||0|0|0|51|191,25|1,65|||3,16|51|191,25|7,6|||14,54|3.1.01.01.03.00|
|C170|28|99954011210382||4|8|359,6|0|0|500|1407|1407|0|0|0|0|0|0||||0|0|0|51|359,6|1,65|||5,93|51|359,6|7,6|||27,33|3.1.01.01.03.00|
|C170|29|6419||4|8|359,6|0|0|500|1407|1407|0|0|0|0|0|0||||0|0|0|51|359,6|1,65|||5,93|51|359,6|7,6|||27,33|3.1.01.01.03.00|
|C170|30|2879||70|8|315|0|0|500|1407|1407|0|0|0|0|0|0||||0|0|0|51|315|1,65|||5,2|51|315|7,6|||23,94|3.1.01.01.03.00|
|C170|31|2878||1|8|89|0|0|500|1407|1407|0|0|0|0|0|0||||0|0|0|51|89|1,65|||1,47|51|89|7,6|||6,76|3.1.01.01.03.00|
|C170|32|4196||1|8|750|0|0|500|1407|1407|0|0|0|0|0|0||||0|0|0|51|750|1,65|||12,38|51|750|7,6|||57|3.1.01.01.03.00|
|C170|33|6060||1|8|138,9|0|0|101|1556|1556|0|0|0|0|0|0||||0|0|0|51|138,9|1,65|||2,29|51|138,9|7,6|||10,56|3.1.01.01.03.00|
|C170|34|1883||4|8|104|0|0|500|1407|1407|0|0|0|0|0|0||||0|0|0|51|104|1,65|||1,72|51|104|7,6|||7,9|3.1.01.01.03.00|
|C170|35|VO8291048||6|6|281,94|0|0|500|1407|1407|0|0|0|0|0|0||||0|0|0|51|281,94|1,65|||4,65|51|281,94|7,6|||21,43|3.1.01.01.03.00|
|C170|36|99954011210361||1|8|34|0|0|500|1407|1407|0|0|0|0|0|0||||0|0|0|51|34|1,65|||0,56|51|34|7,6|||2,58|3.1.01.01.03.00|
|C170|37|1812||4|8|28|0|0|500|1407|1407|0|0|0|0|0|0||||0|0|0|51|28|1,65|||0,46|51|28|7,6|||2,13|3.1.01.01.03.00|
|C170|38|3795||1|8|43,9|0|0|101|1556|1556|0|0|0|0|0|0||||0|0|0|51|43,9|1,65|||0,72|51|43,9|7,6|||3,34|3.1.01.01.03.00|
|C170|39|99947725150751||1|8|30|0|0|101|1556|1556|0|0|0|0|0|0||||0|0|0|51|30|1,65|||0,5|51|30|7,6|||2,28|3.1.01.01.03.00|
|C170|40|5929||10|8|315|0|0|500|1407|1407|0|0|0|0|0|0||||0|0|0|51|315|1,65|||5,2|51|315|7,6|||23,94|3.1.01.01.03.00|
|C170|41|6107||1|8|498,8|0|0|500|1407|1407|0|0|0|0|0|0||||0|0|0|51|498,8|1,65|||8,23|51|498,8|7,6|||37,91|3.1.01.01.03.00|
|C170|42|6108||1|8|498,8|0|0|500|1407|1407|0|0|0|0|0|0||||0|0|0|51|498,8|1,65|||8,23|51|498,8|7,6|||37,91|3.1.01.01.03.00|
|C170|43|1894||2|8|344,4|0|0|500|1407|1407|0|0|0|0|0|0||||0|0|0|51|344,4|1,65|||5,68|51|344,4|7,6|||26,17|3.1.01.01.03.00|
|C170|44|1839||4|8|71,6|0|0|500|1407|1407|0|0|0|0|0|0||||0|0|0|51|71,6|1,65|||1,18|51|71,6|7,6|||5,44|3.1.01.01.03.00|
|C170|45|99947725150621||8|8|58,4|0|0|500|1407|1407|0|0|0|0|0|0||||0|0|0|51|58,4|1,65|||0,96|51|58,4|7,6|||4,44|3.1.01.01.03.00|
|C170|46|4753||1|8|27,5|0|0|101|1556|1556|0|0|0|0|0|0||||0|0|0|51|27,5|1,65|||0,45|51|27,5|7,6|||2,09|3.1.01.01.03.00|
|C170|47|2149||8|8|124,8|0|0|101|1556|1556|0|0|0|0|0|0||||0|0|0|51|124,8|1,65|||2,06|51|124,8|7,6|||9,48|3.1.01.01.03.00|
|C170|48|3771||1|8|33,5|0|0|101|1556|1556|0|0|0|0|0|0||||0|0|0|51|33,5|1,65|||0,55|51|33,5|7,6|||2,55|3.1.01.01.03.00|
|C170|49|2882||4|8|13,6|0|0|101|1556|1556|0|0|0|0|0|0||||0|0|0|51|13,6|1,65|||0,22|51|13,6|7,6|||1,03|3.1.01.01.03.00|
|C170|50|1980||32|8|28,8|0|0|101|1556|1556|0|0|0|0|0|0||||0|0|0|51|28,8|1,65|||0,48|51|28,8|7,6|||2,19|3.1.01.01.03.00|
|C170|51|4821||5|8|36,5|0|0|101|1556|1556|0|0|0|0|0|0||||0|0|0|51|36,5|1,65|||0,6|51|36,5|7,6|||2,77|3.1.01.01.03.00|
|C170|52|5662||2|8|83,6|0|0|101|1556|1556|0|0|0|0|0|0||||0|0|0|51|83,6|1,65|||1,38|51|83,6|7,6|||6,35|3.1.01.01.03.00|
|C170|53|6598||3|8|89,7|0|0|101|1556|1556|0|0|0|0|0|0||||0|0|0|51|89,7|1,65|||1,48|51|89,7|7,6|||6,82|3.1.01.01.03.00|
|C170|54|4837||2|8|44,4|0|0|101|1556|1556|0|0|0|0|0|0||||0|0|0|51|44,4|1,65|||0,73|51|44,4|7,6|||3,37|3.1.01.01.03.00|
|C170|55|3019||3|8|6,3|0|0|101|1556|1556|0|0|0|0|0|0||||0|0|0|51|6,3|1,65|||0,1|51|6,3|7,6|||0,48|3.1.01.01.03.00|
|C170|56|6312||2|8|124,8|0|0|101|1556|1556|0|0|0|0|0|0||||0|0|0|51|124,8|1,65|||2,06|51|124,8|7,6|||9,48|3.1.01.01.03.00|
|C170|57|99947725150708||70|8|89,6|0|0|101|1556|1556|0|0|0|0|0|0||||0|0|0|51|89,6|1,65|||1,48|51|89,6|7,6|||6,81|3.1.01.01.03.00|
|C170|58|2466||1|8|14,95|0|0|101|1556|1556|0|0|0|0|0|0||||0|0|0|51|14,95|1,65|||0,25|51|14,95|7,6|||1,14|3.1.01.01.03.00|
|C170|59|99954011210367||8|8|164|0|0|101|1556|1556|0|0|0|0|0|0||||0|0|0|51|164|1,65|||2,71|51|164|7,6|||12,46|3.1.01.01.03.00|
|C170|60|6381||8|8|6,4|0|0|101|1556|1556|0|0|0|0|0|0||||0|0|0|51|6,4|1,65|||0,11|51|6,4|7,6|||0,49|3.1.01.01.03.00|
|C170|61|3008||4|8|91,2|0|0|500|1407|1407|0|0|0|0|0|0||||0|0|0|51|91,2|1,65|||1,5|51|91,2|7,6|||6,93|3.1.01.01.03.00|
|C170|62|2470||4|8|35,92|0|0|101|1556|1556|0|0|0|0|0|0||||0|0|0|51|35,92|1,65|||0,59|51|35,92|7,6|||2,73|3.1.01.01.03.00|
|C170|63|2883||4|8|13,24|0|0|101|1556|1556|0|0|0|0|0|0||||0|0|0|51|13,24|1,65|||0,22|51|13,24|7,6|||1,01|3.1.01.01.03.00|
|C170|64|2452||1|8|7,85|0|0|101|1556|1556|0|0|0|0|0|0||||0|0|0|51|7,85|1,65|||0,13|51|7,85|7,6|||0,6|3.1.01.01.03.00|
|C170|65|99947725150808||8|8|39,84|0|0|101|1556|1556|0|0|0|0|0|0||||0|0|0|51|39,84|1,65|||0,66|51|39,84|7,6|||3,03|3.1.01.01.03.00|
|C170|66|1759||1|8|15,9|0|0|500|1407|1407|0|0|0|0|0|0||||0|0|0|51|15,9|1,65|||0,26|51|15,9|7,6|||1,21|3.1.01.01.03.00|
|C170|67|99947725150561||32|8|27,2|0|0|101|1556|1556|0|0|0|0|0|0||||0|0|0|51|27,2|1,65|||0,45|51|27,2|7,6|||2,07|3.1.01.01.03.00|
|C170|68|2456||5|8|16,5|0|0|101|1556|1556|0|0|0|0|0|0||||0|0|0|51|16,5|1,65|||0,27|51|16,5|7,6|||1,25|3.1.01.01.03.00|
|C170|69|3001||3|8|14,7|0|0|500|1407|1407|0|0|0|0|0|0||||0|0|0|51|14,7|1,65|||0,24|51|14,7|7,6|||1,12|3.1.01.01.03.00|
|C170|70|2889||1|8|4,85|0|0|500|1407|1407|0|0|0|0|0|0||||0|0|0|51|4,85|1,65|||0,08|51|4,85|7,6|||0,37|3.1.01.01.03.00|
|C170|71|3020||2|8|2,1|0|0|101|1556|1556|0|0|0|0|0|0||||0|0|0|51|2,1|1,65|||0,03|51|2,1|7,6|||0,16|3.1.01.01.03.00|
|C170|72|2491||70|8|68,6|0|0|101|1556|1556|0|0|0|0|0|0||||0|0|0|51|68,6|1,65|||1,13|51|68,6|7,6|||5,21|3.1.01.01.03.00|
|C170|73|4199||1|8|3,5|0|0|101|1556|1556|0|0|0|0|0|0||||0|0|0|51|3,5|1,65|||0,06|51|3,5|7,6|||0,27|3.1.01.01.03.00|
|C170|74|1896||256|8|43,52|0|0|101|1556|1556|0|0|0|0|0|0||||0|0|0|51|43,52|1,65|||0,72|51|43,52|7,6|||3,31|3.1.01.01.03.00|
|C170|75|1796||2|8|53,4|0|0|101|1556|1556|0|0|0|0|0|0||||0|0|0|51|53,4|1,65|||0,88|51|53,4|7,6|||4,06|3.1.01.01.03.00|
|C170|76|1828||4|8|90|0|0|101|1556|1556|0|0|0|0|0|0||||0|0|0|51|90|1,65|||1,49|51|90|7,6|||6,84|3.1.01.01.03.00|
|C170|77|1819||2|8|336|0|0|500|1407|1407|0|0|0|0|0|0||||0|0|0|51|336|1,65|||5,54|51|336|7,6|||25,54|3.1.01.01.03.00|
|C170|78|3376||2|8|158,8|0|0|101|1556|1556|0|0|0|0|0|0||||0|0|0|51|158,8|1,65|||2,62|51|158,8|7,6|||12,07|3.1.01.01.03.00|
|C170|79|99954011210337||26|8|728|0|0|500|1407|1407|0|0|0|0|0|0||||0|0|0|51|728|1,65|||12,01|51|728|7,6|||55,33|3.1.01.01.03.00|
|C170|80|1957||18|4|453,6|0|0|500|1407|1407|0|0|0|0|0|0||||0|0|0|51|453,6|1,65|||7,48|51|453,6|7,6|||34,47|3.1.01.01.03.00|
|C170|81|6281||14,4|4|869,76|0|0|500|1407|1407|0|0|0|0|0|0||||0|0|0|51|869,76|1,65|||14,35|51|869,76|7,6|||66,1|3.1.01.01.03.00|
|C170|82|99954011210384||1|8|75|0|0|500|1407|1407|0|0|0|0|0|0||||0|0|0|51|75|1,65|||1,24|51|75|7,6|||5,7|3.1.01.01.03.00|
|C170|83|1824||4|8|55,6|0|0|101|1556|1556|0|0|0|0|0|0||||0|0|0|51|55,6|1,65|||0,92|51|55,6|7,6|||4,23|3.1.01.01.03.00|
|C170|84|5381||1|8|75,4|0|0|101|1556|1556|0|0|0|0|0|0||||0|0|0|51|75,4|1,65|||1,24|51|75,4|7,6|||5,73|3.1.01.01.03.00|
|C170|85|99954011210208||1|8|598|0|0|500|1407|1407|0|0|0|0|0|0||||0|0|0|51|598|1,65|||9,87|51|598|7,6|||45,45|3.1.01.01.03.00|
|C170|86|2316||1|8|398,7|0|0|500|1407|1407|0|0|0|0|0|0||||0|0|0|51|398,7|1,65|||6,58|51|398,7|7,6|||30,3|3.1.01.01.03.00|
|C170|87|99954011210368||1|8|288,32|0|0|500|1407|1407|0|0|0|0|0|0||||0|0|0|51|288,32|1,65|||4,76|51|288,32|7,6|||21,91|3.1.01.01.03.00|
|C100|0|1|FOR000000824|55|00|001|2547|35240329327287000140550010000025471000603901|26032024|26032024|4001,2|2|0|0|4001,2|9|0|0|0|0|0|0|0|0|66,03|304,09|0|0|
|C170|1|5315||51|23|316,2|0|0|101|1556|1556|0|0|0|0|0|0||||0|0|0|51|316,2|1,65|||5,22|51|316,2|7,6|||24,03|3.1.01.01.03.00|
|C170|2|6516||50|23|1170|0|0|101|1556|1556|0|0|0|0|0|0||||0|0|0|51|1170|1,65|||19,31|51|1170|7,6|||88,92|3.1.01.01.03.00|
|C170|3|6585||50|8|675|0|0|500|1407|1407|0|0|0|0|0|0||||0|0|0|51|675|1,65|||11,14|51|675|7,6|||51,3|3.1.01.01.03.00|
|C170|4|3376||40|8|1600|0|0|101|1556|1556|0|0|0|0|0|0||||0|0|0|51|1600|1,65|||26,4|51|1600|7,6|||121,6|3.1.01.01.03.00|
|C170|5|2818||5|8|240|0|0|500|1407|1407|0|0|0|0|0|0||||0|0|0|51|240|1,65|||3,96|51|240|7,6|||18,24|3.1.01.01.03.00|
|C100|0|1|FOR000000828|55|00|001|151086|35240346830865000186550010001510861000795707|07032024|07032024|150,01|2|0|0|150,01|9|0|0|0|0|0|0|0|0|2,48|11,4|0|0|
|C170|1|99954011210145||26,135|5|150,01|0|0|061|1653|1653|0|0|0|0|0|0||||0|0|0|51|150,01|1,65|||2,48|51|150,01|7,6|||11,4|3.1.01.01.03.00|
|C100|0|1|FOR000000828|55|00|001|151859|35240346830865000186550010001518591000803439|21032024|21032024|412,62|2|0|0|412,62|9|0|0|0|0|0|0|0|0|6,81|31,36|0|0|
|C170|1|99954011210145||44,377|5|254,72|0|0|061|1653|1653|0|0|0|0|0|0||||0|0|0|51|254,72|1,65|||4,2|51|254,72|7,6|||19,36|3.1.01.01.03.00|
|C170|2|99954011210145||29,295|5|157,9|0|0|061|1653|1653|0|0|0|0|0|0||||0|0|0|51|157,9|1,65|||2,61|51|157,9|7,6|||12|3.1.01.01.03.00|
|C100|0|1|FOR000000828|55|00|001|151860|35240346830865000186550010001518601000803448|21032024|21032024|254,72|2|9,18|0|263,9|9|0|0|0|0|0|0|0|0|4,2|19,36|0|0|
|C170|1|99954011210145||45,977|5|263,9|9,18|0|061|1653|1653|0|0|0|0|0|0||||0|0|0|51|254,72|1,65|||4,2|51|254,72|7,6|||19,36|3.1.01.01.03.00|
|C100|0|1|FOR000000828|55|00|001|151861|35240346830865000186550010001518611000803453|21032024|21032024|221,88|2|0|0|221,88|9|0|0|0|0|0|0|0|0|3,66|16,86|0|0|
|C170|1|99954011210145||38,656|5|221,88|0|0|061|1653|1653|0|0|0|0|0|0||||0|0|0|51|221,88|1,65|||3,66|51|221,88|7,6|||16,86|3.1.01.01.03.00|
|C100|0|1|FOR000000828|55|00|001|151902|35240346830865000186550010001519021000803865|22032024|22032024|197,81|2|0|0|197,81|9|0|0|0|0|0|0|0|0|3,26|15,03|0|0|
|C170|1|99954011210145||34,462|5|197,81|0|0|061|1653|1653|0|0|0|0|0|0||||0|0|0|51|197,81|1,65|||3,26|51|197,81|7,6|||15,03|3.1.01.01.03.00|
|C100|0|1|FOR000000828|55|00|001|151903|35240346830865000186550010001519031000803870|22032024|22032024|143,5|2|0|0|143,5|9|0|0|0|0|0|0|0|0|2,37|10,91|0|0|
|C170|1|99954011210145||25|5|143,5|0|0|061|1653|1653|0|0|0|0|0|0||||0|0|0|51|143,5|1,65|||2,37|51|143,5|7,6|||10,91|3.1.01.01.03.00|
|C100|0|1|FOR000000828|55|00|001|151910|35240346830865000186550010001519101000803948|22032024|22032024|274,04|2|0|0|274,04|9|0|0|0|0|0|0|0|0|4,52|20,83|0|0|
|C170|1|99954011210145||47,743|5|274,04|0|0|061|1653|1653|0|0|0|0|0|0||||0|0|0|51|274,04|1,65|||4,52|51|274,04|7,6|||20,83|3.1.01.01.03.00|
|C100|0|1|FOR000000828|55|00|001|151913|35240346830865000186550010001519131000803974|22032024|22032024|225,81|2|0|0|225,81|9|0|0|0|0|0|0|0|0|3,73|17,16|0|0|
|C170|1|99954011210145||39,34|5|225,81|0|0|061|1653|1653|0|0|0|0|0|0||||0|0|0|51|225,81|1,65|||3,73|51|225,81|7,6|||17,16|3.1.01.01.03.00|
|C100|0|1|FOR000000828|55|00|001|151916|35240346830865000186550010001519161000804000|22032024|22032024|268|2|0|0|268|9|0|0|0|0|0|0|0|0|4,42|20,37|0|0|
|C170|1|99954011210145||47,943|5|268|0|0|061|1653|1653|0|0|0|0|0|0||||0|0|0|51|268|1,65|||4,42|51|268|7,6|||20,37|3.1.01.01.03.00|
|C100|0|1|FOR000000833|55|00|001|12184|35240355612287000100550010000121841000125541|12032024|12032024|262|2|0|0|262|9|0|0|0|0|0|0|0|0|4,32|19,91|0|0|
|C170|1|654||45,25|5|262|0|0|061|1653|1653|0|0|0|0|0|0||||0|0|0|51|262|1,65|||4,32|51|262|7,6|||19,91|3.1.01.01.03.00|
|C100|0|1|FOR000000833|55|00|001|12185|35240355612287000100550010000121851000125565|12032024|12032024|241,27|2|0|0|241,27|9|0|0|0|0|0|0|0|0|3,98|18,34|0|0|
|C170|1|654||41,67|5|241,27|0|0|061|1653|1653|0|0|0|0|0|0||||0|0|0|51|241,27|1,65|||3,98|51|241,27|7,6|||18,34|3.1.01.01.03.00|
|C100|0|1|FOR000000833|55|00|001|12186|35240355612287000100550010000121861000125589|12032024|12032024|274,27|2|0|0|274,27|9|0|0|0|0|0|0|0|0|4,53|20,84|0|0|
|C170|1|654||47,37|5|274,27|0|0|061|1653|1653|0|0|0|0|0|0||||0|0|0|51|274,27|1,65|||4,53|51|274,27|7,6|||20,84|3.1.01.01.03.00|
|C100|0|1|FOR000000834|55|00|003|724807|35240355973291000196550030007248071007288195|09032024|09032024|206,84|2|0|0|206,84|9|0|0|0|0|0|0|0|0|0|0|0|0|
|C170|1|99954011210281||39,101|5|206,84|0|0|061|1653|1653|0|0|0|0|0|0||||0|0|0|70|0|0|||0|70|0|0|||0|3.1.01.01.03.00|
|C100|0|1|FOR000000834|55|00|003|726243|35240355973291000196550030007262431007302557|14032024|14032024|286,98|2|0|0|286,98|9|0|0|0|0|0|0|0|0|4,74|21,81|0|0|
|C170|1|95832300850283||50,26|5|286,98|0|0|061|1653|1653|0|0|0|0|0|0||||0|0|0|51|286,98|1,65|||4,74|51|286,98|7,6|||21,81|3.1.01.01.03.00|
|C100|0|1|FOR000000861|55|00|006|851|50240327997918000103550060000008511030837486|03032024|03032024|218,64|2|0|0|218,64|9|0|0|0|0|0|0|0|0|3,61|16,62|0|0|
|C170|1|1-1||36,502|5|218,64|0|0|061|2653|1653|0|0|0|0|0|0||||0|0|0|51|218,64|1,65|||3,61|51|218,64|7,6|||16,62|3.1.01.01.03.00|
|C100|0|1|FOR000000861|55|00|006|852|50240327997918000103550060000008521032127521|03032024|03032024|454,3|2|0|0|454,3|9|0|0|0|0|0|0|0|0|7,5|34,53|0|0|
|C170|1|91042356000491||70|5|454,3|0|0|061|2653|1653|0|0|0|0|0|0||||0|0|0|51|454,3|1,65|||7,5|51|454,3|7,6|||34,53|3.1.01.01.03.00|
|C100|0|1|FOR000000861|55|00|006|855|50240327997918000103550060000008551041626081|04032024|04032024|154,06|2|0|0|154,06|9|0|0|0|0|0|0|0|0|2,54|11,71|0|0|
|C170|1|1-1||25,72|5|154,06|0|0|061|2653|1653|0|0|0|0|0|0||||0|0|0|51|154,06|1,65|||2,54|51|154,06|7,6|||11,71|3.1.01.01.03.00|
|C100|0|1|FOR000000861|55|00|006|860|50240327997918000103550060000008601051631134|05032024|05032024|268,53|2|0|0|268,53|9|0|0|0|0|0|0|0|0|4,43|20,41|0|0|
|C170|1|1-1||44,83|5|268,53|0|0|061|2653|1653|0|0|0|0|0|0||||0|0|0|51|268,53|1,65|||4,43|51|268,53|7,6|||20,41|3.1.01.01.03.00|
|C100|0|1|FOR000000861|55|00|006|862|50240327997918000103550060000008621060602170|06032024|06032024|141,18|2|0|0|141,18|9|0|0|0|0|0|0|0|0|2,33|10,73|0|0|
|C170|1|1-1||23,57|5|141,18|0|0|061|2653|1653|0|0|0|0|0|0||||0|0|0|51|141,18|1,65|||2,33|51|141,18|7,6|||10,73|3.1.01.01.03.00|
|C100|0|1|FOR000000861|55|00|006|864|50240327997918000103550060000008641061711393|06032024|06032024|442,42|2|0|0|442,42|9|0|0|0|0|0|0|0|0|7,3|33,62|0|0|
|C170|1|91042356000491||68,17|5|442,42|0|0|061|2653|1653|0|0|0|0|0|0||||0|0|0|51|442,42|1,65|||7,3|51|442,42|7,6|||33,62|3.1.01.01.03.00|
|C100|0|1|FOR000000861|55|00|006|872|50240327997918000103550060000008721071902525|07032024|07032024|238,96|2|0|0|238,96|9|0|0|0|0|0|0|0|0|3,94|18,16|0|0|
|C170|1|91042356000491||36,82|5|238,96|0|0|061|2653|1653|0|0|0|0|0|0||||0|0|0|51|238,96|1,65|||3,94|51|238,96|7,6|||18,16|3.1.01.01.03.00|
|C100|0|1|FOR000000861|55|00|006|873|50240327997918000103550060000008731072015350|07032024|07032024|239,18|2|0|0|239,18|9|0|0|0|0|0|0|0|0|3,95|18,18|0|0|
|C170|1|1-1||39,93|5|239,18|0|0|061|2653|1653|0|0|0|0|0|0||||0|0|0|51|239,18|1,65|||3,95|51|239,18|7,6|||18,18|3.1.01.01.03.00|
|C100|0|1|FOR000000861|55|00|006|878|50240327997918000103550060000008781081906136|08032024|08032024|195,67|2|0|0|195,67|9|0|0|0|0|0|0|0|0|3,23|14,87|0|0|
|C170|1|91042356000491||30,15|5|195,67|0|0|061|2653|1653|0|0|0|0|0|0||||0|0|0|51|195,67|1,65|||3,23|51|195,67|7,6|||14,87|3.1.01.01.03.00|
|C100|0|1|FOR000000861|55|00|006|880|50240327997918000103550060000008801091113447|09032024|09032024|349,42|2|0|0|349,42|9|0|0|0|0|0|0|0|0|5,77|26,56|0|0|
|C170|1|91042356000491||53,84|5|349,42|0|0|061|2653|1653|0|0|0|0|0|0||||0|0|0|51|349,42|1,65|||5,77|51|349,42|7,6|||26,56|3.1.01.01.03.00|
|C100|0|1|FOR000000861|55|00|006|881|50240327997918000103550060000008811091116133|09032024|09032024|15,99|2|0|0|15,99|9|0|0|0|0|0|0|0|0|0,26|1,22|0|0|
|C170|1|1-1||2,67|5|15,99|0|0|061|2653|1653|0|0|0|0|0|0||||0|0|0|51|15,99|1,65|||0,26|51|15,99|7,6|||1,22|3.1.01.01.03.00|
|C100|0|1|FOR000000861|55|00|006|887|50240327997918000103550060000008871112009334|11032024|11032024|354,48|2|0|0|354,48|9|0|0|0|0|0|0|0|0|5,85|26,94|0|0|
|C170|1|91042356000491||54,62|5|354,48|0|0|061|2653|1653|0|0|0|0|0|0||||0|0|0|51|354,48|1,65|||5,85|51|354,48|7,6|||26,94|3.1.01.01.03.00|
|C100|0|1|FOR000000861|55|00|006|888|50240327997918000103550060000008881121650400|12032024|12032024|219,23|2|0|0|219,23|9|0|0|0|0|0|0|0|0|3,62|16,66|0|0|
|C170|1|91042356000491||33,78|5|219,23|0|0|061|2653|1653|0|0|0|0|0|0||||0|0|0|51|219,23|1,65|||3,62|51|219,23|7,6|||16,66|3.1.01.01.03.00|
|C100|0|1|FOR000000861|55|00|006|890|50240327997918000103550060000008901130732412|13032024|13032024|160,53|2|0|0|160,53|9|0|0|0|0|0|0|0|0|2,65|12,2|0|0|
|C170|1|1-1||26,8|5|160,53|0|0|061|2653|1653|0|0|0|0|0|0||||0|0|0|51|160,53|1,65|||2,65|51|160,53|7,6|||12,2|3.1.01.01.03.00|
|C100|0|1|FOR000000861|55|00|006|896|50240327997918000103550060000008961140739430|14032024|14032024|188,51|2|0|0|188,51|9|0|0|0|0|0|0|0|0|3,11|14,33|0|0|
|C170|1|1-1||31,472|5|188,51|0|0|061|2653|1653|0|0|0|0|0|0||||0|0|0|51|188,51|1,65|||3,11|51|188,51|7,6|||14,33|3.1.01.01.03.00|
|C100|0|1|FOR000000861|55|00|006|905|50240327997918000103550060000009051150757369|15032024|15032024|195,39|2|0|0|195,39|9|0|0|0|0|0|0|0|0|3,22|14,85|0|0|
|C170|1|1-1||32,62|5|195,39|0|0|061|2653|1653|0|0|0|0|0|0||||0|0|0|51|195,39|1,65|||3,22|51|195,39|7,6|||14,85|3.1.01.01.03.00|
|C100|0|1|FOR000000861|55|00|006|908|50240327997918000103550060000009081162128126|16032024|16032024|276,99|2|0|0|276,99|9|0|0|0|0|0|0|0|0|4,57|21,05|0|0|
|C170|1|91042356000491||42,68|5|276,99|0|0|061|2653|1653|0|0|0|0|0|0||||0|0|0|51|276,99|1,65|||4,57|51|276,99|7,6|||21,05|3.1.01.01.03.00|
|C100|0|1|FOR000000861|55|00|006|932|50240327997918000103550060000009321221135346|22032024|22032024|172,45|2|0|0|172,45|9|0|0|0|0|0|0|0|0|2,85|13,11|0|0|
|C170|1|1-1||28,79|5|172,45|0|0|061|2653|1653|0|0|0|0|0|0||||0|0|0|51|172,45|1,65|||2,85|51|172,45|7,6|||13,11|3.1.01.01.03.00|
|C100|0|1|FOR000000861|55|00|006|933|50240327997918000103550060000009331221829183|22032024|22032024|264,21|2|0|0|264,21|9|0|0|0|0|0|0|0|0|4,36|20,08|0|0|
|C170|1|91042356000491||40,71|5|264,21|0|0|061|2653|1653|0|0|0|0|0|0||||0|0|0|51|264,21|1,65|||4,36|51|264,21|7,6|||20,08|3.1.01.01.03.00|
|C100|0|1|FOR000000861|55|00|006|954|50240327997918000103550060000009541281053505|28032024|28032024|347,99|2|0|0|347,99|9|0|0|0|0|0|0|0|0|5,74|26,45|0|0|
|C170|1|91042356000491||53,62|5|347,99|0|0|061|2653|1653|0|0|0|0|0|0||||0|0|0|51|347,99|1,65|||5,74|51|347,99|7,6|||26,45|3.1.01.01.03.00|
|C100|0|1|FOR000000861|55|00|007|107|50240327997918000103550070000001071061154232|06032024|06032024|211,38|2|0|0|211,38|9|0|0|0|0|0|0|0|0|3,49|16,06|0|0|
|C170|1|1-1||32,571|5|211,38|0|0|061|2653|1653|0|0|0|0|0|0||||0|0|0|51|211,38|1,65|||3,49|51|211,38|7,6|||16,06|3.1.01.01.03.00|
|C100|0|1|FOR000000861|55|00|009|3|50240327997918000103550090000000031160832156|16032024|16032024|260,03|2|0|0|260,03|9|0|0|0|0|0|0|0|0|4,29|19,76|0|0|
|C170|1|1-1||43,412|5|260,03|0|0|061|2653|1653|0|0|0|0|0|0||||0|0|0|51|260,03|1,65|||4,29|51|260,03|7,6|||19,76|3.1.01.01.03.00|
|C100|0|1|FOR000000861|55|00|009|4|50240327997918000103550090000000041160933200|16032024|16032024|290,87|2|0|0|290,87|9|0|0|0|0|0|0|0|0|4,8|22,11|0|0|
|C170|1|1-1||48,56|5|290,87|0|0|061|2653|1653|0|0|0|0|0|0||||0|0|0|51|290,87|1,65|||4,8|51|290,87|7,6|||22,11|3.1.01.01.03.00|
|C100|0|1|FOR000000925|55|00|000|12543|35240353667267000101550000000125431353102350|20032024|20032024|2664,24|2|110|0|2660|9|0|0|114,24|0|0|0|0|0|42,08|193,8|0|0|
|C170|1|2685||1|1184|1270|110|0|500|1407|1407|0|0|0|0|0|0||||0|0|0|51|1160|1,65|||19,14|51|1160|7,6|||88,16|3.1.01.01.03.00|
|C170|2|2685||1|1184|1390|0|0|500|1407|1407|0|0|0|0|0|0||||0|0|0|51|1390|1,65|||22,94|51|1390|7,6|||105,64|3.1.01.01.03.00|
|C100|0|1|FOR000000926|55|00|001|167466|35240354364849000173550010001674661004757097|04032024|04032024|2|2|0|0|2|9|0|0|0|0|0|0|0|0|0|0|0|0|
|C170|1|70051||1|1|1|0|0|000|1916|1916|0|0|0|0|0|0||||0|0|0|70|0|0|||0|70|0|0|||0|3.1.01.01.03.00|
|C170|2|70051||1|1|1|0|0|000|1916|1916|0|0|0|0|0|0||||0|0|0|70|0|0|||0|70|0|0|||0|3.1.01.01.03.00|
|C100|0|1|FOR000000926|55|00|001|167467|35240354364849000173550010001674671000102557|04032024|04032024|3|2|0|0|3|9|0|0|0|0|0|0|0|0|0|0|0|0|
|C170|1|70051||1|1|1|0|0|000|1916|1916|0|0|0|0|0|0||||0|0|0|70|0|0|||0|70|0|0|||0|3.1.01.01.03.00|
|C170|2|70051||1|1|1|0|0|000|1916|1916|0|0|0|0|0|0||||0|0|0|70|0|0|||0|70|0|0|||0|3.1.01.01.03.00|
|C170|3|70051||1|1|1|0|0|000|1916|1916|0|0|0|0|0|0||||0|0|0|70|0|0|||0|70|0|0|||0|3.1.01.01.03.00|
|C100|0|1|FOR000000926|55|00|001|167468|35240354364849000173550010001674681005384361|04032024|04032024|2|2|0|0|2|9|0|0|0|0|0|0|0|0|0|0|0|0|
|C170|1|70051||1|1|1|0|0|000|1916|1916|0|0|0|0|0|0||||0|0|0|70|0|0|||0|70|0|0|||0|3.1.01.01.03.00|
|C170|2|70051||1|1|1|0|0|000|1916|1916|0|0|0|0|0|0||||0|0|0|70|0|0|||0|70|0|0|||0|3.1.01.01.03.00|
|C100|0|1|FOR000000926|55|00|001|167469|35240354364849000173550010001674691002111132|04032024|04032024|5|2|0|0|5|9|0|0|0|0|0|0|0|0|0|0|0|0|
|C170|1|70051||1|1|1|0|0|000|1916|1916|0|0|0|0|0|0||||0|0|0|70|0|0|||0|70|0|0|||0|3.1.01.01.03.00|
|C170|2|70051||1|1|1|0|0|000|1916|1916|0|0|0|0|0|0||||0|0|0|70|0|0|||0|70|0|0|||0|3.1.01.01.03.00|
|C170|3|70051||1|1|1|0|0|000|1916|1916|0|0|0|0|0|0||||0|0|0|70|0|0|||0|70|0|0|||0|3.1.01.01.03.00|
|C170|4|70051||1|1|1|0|0|000|1916|1916|0|0|0|0|0|0||||0|0|0|70|0|0|||0|70|0|0|||0|3.1.01.01.03.00|
|C170|5|70051||1|1|1|0|0|000|1916|1916|0|0|0|0|0|0||||0|0|0|70|0|0|||0|70|0|0|||0|3.1.01.01.03.00|
|C100|0|1|FOR000000926|55|00|001|167554|35240354364849000173550010001675541000779490|07032024|07032024|7|2|0|0|7|9|0|0|0|0|0|0|0|0|0|0|0|0|
|C170|1|70051||1|1|1|0|0|000|1916|1916|0|0|0|0|0|0||||0|0|0|70|0|0|||0|70|0|0|||0|3.1.01.01.03.00|
|C170|2|70051||1|1|1|0|0|000|1916|1916|0|0|0|0|0|0||||0|0|0|70|0|0|||0|70|0|0|||0|3.1.01.01.03.00|
|C170|3|70051||1|1|1|0|0|000|1916|1916|0|0|0|0|0|0||||0|0|0|70|0|0|||0|70|0|0|||0|3.1.01.01.03.00|
|C170|4|70051||1|1|1|0|0|000|1916|1916|0|0|0|0|0|0||||0|0|0|70|0|0|||0|70|0|0|||0|3.1.01.01.03.00|
|C170|5|70051||1|1|1|0|0|000|1916|1916|0|0|0|0|0|0||||0|0|0|70|0|0|||0|70|0|0|||0|3.1.01.01.03.00|
|C170|6|70051||1|1|1|0|0|000|1916|1916|0|0|0|0|0|0||||0|0|0|70|0|0|||0|70|0|0|||0|3.1.01.01.03.00|
|C170|7|70051||1|1|1|0|0|000|1916|1916|0|0|0|0|0|0||||0|0|0|70|0|0|||0|70|0|0|||0|3.1.01.01.03.00|
|C100|0|1|FOR000000926|55|00|001|167555|35240354364849000173550010001675551001865990|07032024|07032024|6|2|0|0|6|9|0|0|0|0|0|0|0|0|0|0|0|0|
|C170|1|70051||1|1|1|0|0|000|1916|1916|0|0|0|0|0|0||||0|0|0|70|0|0|||0|70|0|0|||0|3.1.01.01.03.00|
|C170|2|70051||1|1|1|0|0|000|1916|1916|0|0|0|0|0|0||||0|0|0|70|0|0|||0|70|0|0|||0|3.1.01.01.03.00|
|C170|3|70051||1|1|1|0|0|000|1916|1916|0|0|0|0|0|0||||0|0|0|70|0|0|||0|70|0|0|||0|3.1.01.01.03.00|
|C170|4|70051||1|1|1|0|0|000|1916|1916|0|0|0|0|0|0||||0|0|0|70|0|0|||0|70|0|0|||0|3.1.01.01.03.00|
|C170|5|70051||1|1|1|0|0|000|1916|1916|0|0|0|0|0|0||||0|0|0|70|0|0|||0|70|0|0|||0|3.1.01.01.03.00|
|C170|6|70051||1|1|1|0|0|000|1916|1916|0|0|0|0|0|0||||0|0|0|70|0|0|||0|70|0|0|||0|3.1.01.01.03.00|
|C100|0|1|FOR000000926|55|00|001|167607|35240354364849000173550010001676071003773005|08032024|08032024|4|2|0|0|4|9|0|0|0|0|0|0|0|0|0|0|0|0|
|C170|1|70051||1|1|1|0|0|000|1916|1916|0|0|0|0|0|0||||0|0|0|70|0|0|||0|70|0|0|||0|3.1.01.01.03.00|
|C170|2|70051||1|1|1|0|0|000|1916|1916|0|0|0|0|0|0||||0|0|0|70|0|0|||0|70|0|0|||0|3.1.01.01.03.00|
|C170|3|70051||1|1|1|0|0|000|1916|1916|0|0|0|0|0|0||||0|0|0|70|0|0|||0|70|0|0|||0|3.1.01.01.03.00|
|C170|4|70051||1|1|1|0|0|000|1916|1916|0|0|0|0|0|0||||0|0|0|70|0|0|||0|70|0|0|||0|3.1.01.01.03.00|
|C100|0|1|FOR000000926|55|00|001|167608|35240354364849000173550010001676081006161717|08032024|08032024|15|2|0|0|15|9|0|0|0|0|0|0|0|0|0|0|0|0|
|C170|1|70051||1|1|1|0|0|000|1916|1916|0|0|0|0|0|0||||0|0|0|70|0|0|||0|70|0|0|||0|3.1.01.01.03.00|
|C170|2|70051||1|1|1|0|0|000|1916|1916|0|0|0|0|0|0||||0|0|0|70|0|0|||0|70|0|0|||0|3.1.01.01.03.00|
|C170|3|70051||1|1|1|0|0|000|1916|1916|0|0|0|0|0|0||||0|0|0|70|0|0|||0|70|0|0|||0|3.1.01.01.03.00|
|C170|4|70051||1|1|1|0|0|000|1916|1916|0|0|0|0|0|0||||0|0|0|70|0|0|||0|70|0|0|||0|3.1.01.01.03.00|
|C170|5|70051||1|1|1|0|0|000|1916|1916|0|0|0|0|0|0||||0|0|0|70|0|0|||0|70|0|0|||0|3.1.01.01.03.00|
|C170|6|70051||1|1|1|0|0|000|1916|1916|0|0|0|0|0|0||||0|0|0|70|0|0|||0|70|0|0|||0|3.1.01.01.03.00|
|C170|7|70051||1|1|1|0|0|000|1916|1916|0|0|0|0|0|0||||0|0|0|70|0|0|||0|70|0|0|||0|3.1.01.01.03.00|
|C170|8|70051||1|1|1|0|0|000|1916|1916|0|0|0|0|0|0||||0|0|0|70|0|0|||0|70|0|0|||0|3.1.01.01.03.00|
|C170|9|70051||1|1|1|0|0|000|1916|1916|0|0|0|0|0|0||||0|0|0|70|0|0|||0|70|0|0|||0|3.1.01.01.03.00|
|C170|10|70051||1|1|1|0|0|000|1916|1916|0|0|0|0|0|0||||0|0|0|70|0|0|||0|70|0|0|||0|3.1.01.01.03.00|
|C170|11|70051||1|1|1|0|0|000|1916|1916|0|0|0|0|0|0||||0|0|0|70|0|0|||0|70|0|0|||0|3.1.01.01.03.00|
|C170|12|70051||1|1|1|0|0|000|1916|1916|0|0|0|0|0|0||||0|0|0|70|0|0|||0|70|0|0|||0|3.1.01.01.03.00|
|C170|13|70051||1|1|1|0|0|000|1916|1916|0|0|0|0|0|0||||0|0|0|70|0|0|||0|70|0|0|||0|3.1.01.01.03.00|
|C170|14|70051||1|1|1|0|0|000|1916|1916|0|0|0|0|0|0||||0|0|0|70|0|0|||0|70|0|0|||0|3.1.01.01.03.00|
|C170|15|70051||1|1|1|0|0|000|1916|1916|0|0|0|0|0|0||||0|0|0|70|0|0|||0|70|0|0|||0|3.1.01.01.03.00|
|C100|0|1|FOR000000926|55|00|001|167749|35240354364849000173550010001677491008104514|15032024|15032024|4|2|0|0|4|9|0|0|0|0|0|0|0|0|0|0|0|0|
|C170|1|70051||1|1|1|0|0|000|1916|1916|0|0|0|0|0|0||||0|0|0|70|0|0|||0|70|0|0|||0|3.1.01.01.03.00|
|C170|2|70051||1|1|1|0|0|000|1916|1916|0|0|0|0|0|0||||0|0|0|70|0|0|||0|70|0|0|||0|3.1.01.01.03.00|
|C170|3|70051||1|1|1|0|0|000|1916|1916|0|0|0|0|0|0||||0|0|0|70|0|0|||0|70|0|0|||0|3.1.01.01.03.00|
|C170|4|70051||1|1|1|0|0|000|1916|1916|0|0|0|0|0|0||||0|0|0|70|0|0|||0|70|0|0|||0|3.1.01.01.03.00|
|C100|0|1|FOR000000926|55|00|001|167750|35240354364849000173550010001677501001417682|15032024|15032024|5|2|0|0|5|9|0|0|0|0|0|0|0|0|0|0|0|0|
|C170|1|70051||1|1|1|0|0|000|1916|1916|0|0|0|0|0|0||||0|0|0|70|0|0|||0|70|0|0|||0|3.1.01.01.03.00|
|C170|2|70051||1|1|1|0|0|000|1916|1916|0|0|0|0|0|0||||0|0|0|70|0|0|||0|70|0|0|||0|3.1.01.01.03.00|
|C170|3|70051||1|1|1|0|0|000|1916|1916|0|0|0|0|0|0||||0|0|0|70|0|0|||0|70|0|0|||0|3.1.01.01.03.00|
|C170|4|70051||1|1|1|0|0|000|1916|1916|0|0|0|0|0|0||||0|0|0|70|0|0|||0|70|0|0|||0|3.1.01.01.03.00|
|C170|5|70051||1|1|1|0|0|000|1916|1916|0|0|0|0|0|0||||0|0|0|70|0|0|||0|70|0|0|||0|3.1.01.01.03.00|
|C100|0|1|FOR000000926|55|00|001|167761|35240354364849000173550010001677611003309341|15032024|15032024|6|2|0|0|6|9|0|0|0|0|0|0|0|0|0|0|0|0|
|C170|1|70051||1|1|1|0|0|000|1916|1916|0|0|0|0|0|0||||0|0|0|70|0|0|||0|70|0|0|||0|3.1.01.01.03.00|
|C170|2|70051||1|1|1|0|0|000|1916|1916|0|0|0|0|0|0||||0|0|0|70|0|0|||0|70|0|0|||0|3.1.01.01.03.00|
|C170|3|70051||1|1|1|0|0|000|1916|1916|0|0|0|0|0|0||||0|0|0|70|0|0|||0|70|0|0|||0|3.1.01.01.03.00|
|C170|4|70051||1|1|1|0|0|000|1916|1916|0|0|0|0|0|0||||0|0|0|70|0|0|||0|70|0|0|||0|3.1.01.01.03.00|
|C170|5|70051||1|1|1|0|0|000|1916|1916|0|0|0|0|0|0||||0|0|0|70|0|0|||0|70|0|0|||0|3.1.01.01.03.00|
|C170|6|70051||1|1|1|0|0|000|1916|1916|0|0|0|0|0|0||||0|0|0|70|0|0|||0|70|0|0|||0|3.1.01.01.03.00|
|C100|0|1|FOR000000926|55|00|001|167762|35240354364849000173550010001677621001089015|15032024|15032024|4|2|0|0|4|9|0|0|0|0|0|0|0|0|0|0|0|0|
|C170|1|70051||1|1|1|0|0|000|1916|1916|0|0|0|0|0|0||||0|0|0|70|0|0|||0|70|0|0|||0|3.1.01.01.03.00|
|C170|2|70051||1|1|1|0|0|000|1916|1916|0|0|0|0|0|0||||0|0|0|70|0|0|||0|70|0|0|||0|3.1.01.01.03.00|
|C170|3|70051||1|1|1|0|0|000|1916|1916|0|0|0|0|0|0||||0|0|0|70|0|0|||0|70|0|0|||0|3.1.01.01.03.00|
|C170|4|70051||1|1|1|0|0|000|1916|1916|0|0|0|0|0|0||||0|0|0|70|0|0|||0|70|0|0|||0|3.1.01.01.03.00|
|C100|0|1|FOR000000926|55|00|001|167763|35240354364849000173550010001677631009293131|15032024|15032024|1|2|0|0|1|9|0|0|0|0|0|0|0|0|0|0|0|0|
|C170|1|70051||1|1|1|0|0|000|1916|1916|0|0|0|0|0|0||||0|0|0|70|0|0|||0|70|0|0|||0|3.1.01.01.03.00|
|C100|0|1|FOR000000926|55|00|001|167764|35240354364849000173550010001677641004260526|15032024|15032024|7|2|0|0|7|9|0|0|0|0|0|0|0|0|0|0|0|0|
|C170|1|70051||1|1|1|0|0|000|1916|1916|0|0|0|0|0|0||||0|0|0|70|0|0|||0|70|0|0|||0|3.1.01.01.03.00|
|C170|2|70051||1|1|1|0|0|000|1916|1916|0|0|0|0|0|0||||0|0|0|70|0|0|||0|70|0|0|||0|3.1.01.01.03.00|
|C170|3|70051||1|1|1|0|0|000|1916|1916|0|0|0|0|0|0||||0|0|0|70|0|0|||0|70|0|0|||0|3.1.01.01.03.00|
|C170|4|70051||1|1|1|0|0|000|1916|1916|0|0|0|0|0|0||||0|0|0|70|0|0|||0|70|0|0|||0|3.1.01.01.03.00|
|C170|5|70051||1|1|1|0|0|000|1916|1916|0|0|0|0|0|0||||0|0|0|70|0|0|||0|70|0|0|||0|3.1.01.01.03.00|
|C170|6|70051||1|1|1|0|0|000|1916|1916|0|0|0|0|0|0||||0|0|0|70|0|0|||0|70|0|0|||0|3.1.01.01.03.00|
|C170|7|70051||1|1|1|0|0|000|1916|1916|0|0|0|0|0|0||||0|0|0|70|0|0|||0|70|0|0|||0|3.1.01.01.03.00|
|C100|0|1|FOR000000926|55|00|001|167893|35240354364849000173550010001678931004936861|20032024|20032024|8|2|0|0|8|9|0|0|0|0|0|0|0|0|0|0|0|0|
|C170|1|70051||1|1|1|0|0|000|1916|1916|0|0|0|0|0|0||||0|0|0|70|0|0|||0|70|0|0|||0|3.1.01.01.03.00|
|C170|2|70051||1|1|1|0|0|000|1916|1916|0|0|0|0|0|0||||0|0|0|70|0|0|||0|70|0|0|||0|3.1.01.01.03.00|
|C170|3|70051||1|1|1|0|0|000|1916|1916|0|0|0|0|0|0||||0|0|0|70|0|0|||0|70|0|0|||0|3.1.01.01.03.00|
|C170|4|70051||1|1|1|0|0|000|1916|1916|0|0|0|0|0|0||||0|0|0|70|0|0|||0|70|0|0|||0|3.1.01.01.03.00|
|C170|5|70051||1|1|1|0|0|000|1916|1916|0|0|0|0|0|0||||0|0|0|70|0|0|||0|70|0|0|||0|3.1.01.01.03.00|
|C170|6|70051||1|1|1|0|0|000|1916|1916|0|0|0|0|0|0||||0|0|0|70|0|0|||0|70|0|0|||0|3.1.01.01.03.00|
|C170|7|70051||1|1|1|0|0|000|1916|1916|0|0|0|0|0|0||||0|0|0|70|0|0|||0|70|0|0|||0|3.1.01.01.03.00|
|C170|8|70051||1|1|1|0|0|000|1916|1916|0|0|0|0|0|0||||0|0|0|70|0|0|||0|70|0|0|||0|3.1.01.01.03.00|
|C100|0|1|FOR000000926|55|00|001|167894|35240354364849000173550010001678941004868340|20032024|20032024|19|2|0|0|19|9|0|0|0|0|0|0|0|0|0|0|0|0|
|C170|1|70051||1|1|1|0|0|000|1916|1916|0|0|0|0|0|0||||0|0|0|70|0|0|||0|70|0|0|||0|3.1.01.01.03.00|
|C170|2|70051||1|1|1|0|0|000|1916|1916|0|0|0|0|0|0||||0|0|0|70|0|0|||0|70|0|0|||0|3.1.01.01.03.00|
|C170|3|70051||1|1|1|0|0|000|1916|1916|0|0|0|0|0|0||||0|0|0|70|0|0|||0|70|0|0|||0|3.1.01.01.03.00|
|C170|4|70051||1|1|1|0|0|000|1916|1916|0|0|0|0|0|0||||0|0|0|70|0|0|||0|70|0|0|||0|3.1.01.01.03.00|
|C170|5|70051||1|1|1|0|0|000|1916|1916|0|0|0|0|0|0||||0|0|0|70|0|0|||0|70|0|0|||0|3.1.01.01.03.00|
|C170|6|70051||1|1|1|0|0|000|1916|1916|0|0|0|0|0|0||||0|0|0|70|0|0|||0|70|0|0|||0|3.1.01.01.03.00|
|C170|7|70051||1|1|1|0|0|000|1916|1916|0|0|0|0|0|0||||0|0|0|70|0|0|||0|70|0|0|||0|3.1.01.01.03.00|
|C170|8|70051||1|1|1|0|0|000|1916|1916|0|0|0|0|0|0||||0|0|0|70|0|0|||0|70|0|0|||0|3.1.01.01.03.00|
|C170|9|70051||1|1|1|0|0|000|1916|1916|0|0|0|0|0|0||||0|0|0|70|0|0|||0|70|0|0|||0|3.1.01.01.03.00|
|C170|10|70051||1|1|1|0|0|000|1916|1916|0|0|0|0|0|0||||0|0|0|70|0|0|||0|70|0|0|||0|3.1.01.01.03.00|
|C170|11|70051||1|1|1|0|0|000|1916|1916|0|0|0|0|0|0||||0|0|0|70|0|0|||0|70|0|0|||0|3.1.01.01.03.00|
|C170|12|70051||1|1|1|0|0|000|1916|1916|0|0|0|0|0|0||||0|0|0|70|0|0|||0|70|0|0|||0|3.1.01.01.03.00|
|C170|13|70051||1|1|1|0|0|000|1916|1916|0|0|0|0|0|0||||0|0|0|70|0|0|||0|70|0|0|||0|3.1.01.01.03.00|
|C170|14|70051||1|1|1|0|0|000|1916|1916|0|0|0|0|0|0||||0|0|0|70|0|0|||0|70|0|0|||0|3.1.01.01.03.00|
|C170|15|70051||1|1|1|0|0|000|1916|1916|0|0|0|0|0|0||||0|0|0|70|0|0|||0|70|0|0|||0|3.1.01.01.03.00|
|C170|16|70051||1|1|1|0|0|000|1916|1916|0|0|0|0|0|0||||0|0|0|70|0|0|||0|70|0|0|||0|3.1.01.01.03.00|
|C170|17|70051||1|1|1|0|0|000|1916|1916|0|0|0|0|0|0||||0|0|0|70|0|0|||0|70|0|0|||0|3.1.01.01.03.00|
|C170|18|70051||1|1|1|0|0|000|1916|1916|0|0|0|0|0|0||||0|0|0|70|0|0|||0|70|0|0|||0|3.1.01.01.03.00|
|C170|19|70051||1|1|1|0|0|000|1916|1916|0|0|0|0|0|0||||0|0|0|70|0|0|||0|70|0|0|||0|3.1.01.01.03.00|
|C100|0|1|FOR000000926|55|00|001|167974|35240354364849000173550010001679741005334385|25032024|25032024|1|2|0|0|1|9|0|0|0|0|0|0|0|0|0|0|0|0|
|C170|1|70051||1|1|1|0|0|000|1916|1916|0|0|0|0|0|0||||0|0|0|70|0|0|||0|70|0|0|||0|3.1.01.01.03.00|
|C100|0|1|FOR000000926|55|00|001|167975|35240354364849000173550010001679751003885691|25032024|25032024|14|2|0|0|14|9|0|0|0|0|0|0|0|0|0|0|0|0|
|C170|1|70051||1|1|1|0|0|000|1916|1916|0|0|0|0|0|0||||0|0|0|70|0|0|||0|70|0|0|||0|3.1.01.01.03.00|
|C170|2|70051||1|1|1|0|0|000|1916|1916|0|0|0|0|0|0||||0|0|0|70|0|0|||0|70|0|0|||0|3.1.01.01.03.00|
|C170|3|70051||1|1|1|0|0|000|1916|1916|0|0|0|0|0|0||||0|0|0|70|0|0|||0|70|0|0|||0|3.1.01.01.03.00|
|C170|4|70051||1|1|1|0|0|000|1916|1916|0|0|0|0|0|0||||0|0|0|70|0|0|||0|70|0|0|||0|3.1.01.01.03.00|
|C170|5|70051||1|1|1|0|0|000|1916|1916|0|0|0|0|0|0||||0|0|0|70|0|0|||0|70|0|0|||0|3.1.01.01.03.00|
|C170|6|70051||1|1|1|0|0|000|1916|1916|0|0|0|0|0|0||||0|0|0|70|0|0|||0|70|0|0|||0|3.1.01.01.03.00|
|C170|7|70051||1|1|1|0|0|000|1916|1916|0|0|0|0|0|0||||0|0|0|70|0|0|||0|70|0|0|||0|3.1.01.01.03.00|
|C170|8|70051||1|1|1|0|0|000|1916|1916|0|0|0|0|0|0||||0|0|0|70|0|0|||0|70|0|0|||0|3.1.01.01.03.00|
|C170|9|70051||1|1|1|0|0|000|1916|1916|0|0|0|0|0|0||||0|0|0|70|0|0|||0|70|0|0|||0|3.1.01.01.03.00|
|C170|10|70051||1|1|1|0|0|000|1916|1916|0|0|0|0|0|0||||0|0|0|70|0|0|||0|70|0|0|||0|3.1.01.01.03.00|
|C170|11|70051||1|1|1|0|0|000|1916|1916|0|0|0|0|0|0||||0|0|0|70|0|0|||0|70|0|0|||0|3.1.01.01.03.00|
|C170|12|70051||1|1|1|0|0|000|1916|1916|0|0|0|0|0|0||||0|0|0|70|0|0|||0|70|0|0|||0|3.1.01.01.03.00|
|C170|13|70051||1|1|1|0|0|000|1916|1916|0|0|0|0|0|0||||0|0|0|70|0|0|||0|70|0|0|||0|3.1.01.01.03.00|
|C170|14|70051||1|1|1|0|0|000|1916|1916|0|0|0|0|0|0||||0|0|0|70|0|0|||0|70|0|0|||0|3.1.01.01.03.00|
|C100|0|1|FOR000000926|55|00|001|167976|35240354364849000173550010001679761009854892|25032024|25032024|2|2|0|0|2|9|0|0|0|0|0|0|0|0|0|0|0|0|
|C170|1|70051||1|1|1|0|0|000|1916|1916|0|0|0|0|0|0||||0|0|0|70|0|0|||0|70|0|0|||0|3.1.01.01.03.00|
|C170|2|70051||1|1|1|0|0|000|1916|1916|0|0|0|0|0|0||||0|0|0|70|0|0|||0|70|0|0|||0|3.1.01.01.03.00|
|C100|0|1|FOR000000926|55|00|001|167977|35240354364849000173550010001679771003247495|25032024|25032024|2|2|0|0|2|9|0|0|0|0|0|0|0|0|0|0|0|0|
|C170|1|70051||1|1|1|0|0|000|1916|1916|0|0|0|0|0|0||||0|0|0|70|0|0|||0|70|0|0|||0|3.1.01.01.03.00|
|C170|2|70051||1|1|1|0|0|000|1916|1916|0|0|0|0|0|0||||0|0|0|70|0|0|||0|70|0|0|||0|3.1.01.01.03.00|
|C100|0|1|FOR000000926|55|00|001|167978|35240354364849000173550010001679781006167562|25032024|25032024|3|2|0|0|3|9|0|0|0|0|0|0|0|0|0|0|0|0|
|C170|1|70051||1|1|1|0|0|000|1916|1916|0|0|0|0|0|0||||0|0|0|70|0|0|||0|70|0|0|||0|3.1.01.01.03.00|
|C170|2|70051||1|1|1|0|0|000|1916|1916|0|0|0|0|0|0||||0|0|0|70|0|0|||0|70|0|0|||0|3.1.01.01.03.00|
|C170|3|70051||1|1|1|0|0|000|1916|1916|0|0|0|0|0|0||||0|0|0|70|0|0|||0|70|0|0|||0|3.1.01.01.03.00|
|C100|0|1|FOR000000926|55|00|001|168050|35240354364849000173550010001680501006869545|26032024|26032024|1|2|0|0|1|9|0|0|0|0|0|0|0|0|0|0|0|0|
|C170|1|70051||1|1|1|0|0|000|1916|1916|0|0|0|0|0|0||||0|0|0|70|0|0|||0|70|0|0|||0|3.1.01.01.03.00|
|C100|0|1|FOR000000926|55|00|001|168051|35240354364849000173550010001680511002277586|26032024|26032024|3|2|0|0|3|9|0|0|0|0|0|0|0|0|0|0|0|0|
|C170|1|70051||1|1|1|0|0|000|1916|1916|0|0|0|0|0|0||||0|0|0|70|0|0|||0|70|0|0|||0|3.1.01.01.03.00|
|C170|2|70051||1|1|1|0|0|000|1916|1916|0|0|0|0|0|0||||0|0|0|70|0|0|||0|70|0|0|||0|3.1.01.01.03.00|
|C170|3|70051||1|1|1|0|0|000|1916|1916|0|0|0|0|0|0||||0|0|0|70|0|0|||0|70|0|0|||0|3.1.01.01.03.00|
|C100|0|1|FOR000000926|55|00|001|168103|35240354364849000173550010001681031005811050|28032024|28032024|1|2|0|0|1|9|0|0|0|0|0|0|0|0|0|0|0|0|
|C170|1|70051||1|1|1|0|0|000|1916|1916|0|0|0|0|0|0||||0|0|0|70|0|0|||0|70|0|0|||0|3.1.01.01.03.00|
|C100|0|1|FOR000000927|55|00|002|1478|35240334823818000550550020000014781871471753|04032024|04032024|734,04|2|0|0|734,04|9|0|0|0|253,77|30,46|0|0|0|4,94|22,72|0|0|
|C170|1|40||7,08|6|169,85|0|0|020|1556|1556|99,07|12|11,89|0|0|0||||0|0|0|70|0|0|||0|70|0|0|||0|3.1.01.01.03.00|
|C170|2|63897||7,175|6|107,55|0|0|020|1556|1556|62,73|12|7,53|0|0|0||||0|0|0|70|0|0|||0|70|0|0|||0|3.1.01.01.03.00|
|C170|3|66199||1|8|106,99|0|0|060|1407|1407|0|0|0|0|0|0||||0|0|0|51|106,99|1,65|||1,77|51|106,99|7,6|||8,13|3.1.01.01.03.00|
|C170|4|63419||7,17|6|157,67|0|0|020|1556|1556|91,97|12|11,04|0|0|0||||0|0|0|70|0|0|||0|70|0|0|||0|3.1.01.01.03.00|
|C170|5|66219||2|8|191,98|0|0|060|1407|1407|0|0|0|0|0|0||||0|0|0|51|191,98|1,65|||3,17|51|191,98|7,6|||14,59|3.1.01.01.03.00|
|C100|0|1|FOR000000943|55|00|001|17619|35240316965157000191550010000176191000160350|11032024|11032024|180|2|0|0|180|9|0|0|0|0|0|0|0|0|2,97|13,68|0|0|
|C170|1|C158||50,14|5|180|0|0|060|1653|1653|0|0|0|0|0|0||||0|0|0|51|180|1,65|||2,97|51|180|7,6|||13,68|3.1.01.01.03.00|
|C100|0|1|FOR000000944|55|00|001|34783|41240319440667000133550010000347831100158600|12032024|12032024|229,57|2|10,34|0|239,91|9|0|0|0|0|0|0|0|0|3,79|17,45|0|0|
|C170|1|6||41,08|366|239,91|10,34|0|061|2653|1653|0|0|0|0|0|0||||0|0|0|51|229,57|1,65|||3,79|51|229,57|7,6|||17,45|3.1.01.01.03.00|
|C100|0|1|FOR000000947|55|00|002|135653|35240300641406000153550020001356531136078242|28032024|28032024|222,26|2|0|0|222,26|9|0|0|0|0|0|0|0|0|3,67|16,89|0|0|
|C170|1|2235||39,061|7|222,26|0|0|061|1653|1653|0|0|0|0|0|0||||0|0|0|51|222,26|1,65|||3,67|51|222,26|7,6|||16,89|3.1.01.01.03.00|
|C100|0|1|FOR000000952|55|00|002|48220|41240378451382000167550020000482201994707790|23032024|23032024|3157,95|2|371,85|0|3529,8|9|0|0|0|0|0|0|0|0|52,11|240|0|0|
|C170|1|91042356000103||555|5|3529,8|371,85|0|061|2653|1653|0|0|0|0|0|0||||0|0|0|51|3157,95|1,65|||52,11|51|3157,95|7,6|||240|3.1.01.01.03.00|
|C100|0|1|FOR000000952|55|00|002|48221|41240378451382000167550020000482211520890737|23032024|23032024|84,04|2|24,01|0|108,05|9|0|0|0|84,04|16,39|0|0|0|1,39|6,39|0|0|
|C170|1|6742||24,01|5|108,05|24,01|0|000|2653|1653|84,04|19,5|16,39|0|0|0||||0|0|0|51|84,04|1,65|||1,39|51|84,04|7,6|||6,39|3.1.01.01.03.00|
|C100|0|1|FOR000000952|55|00|002|48225|41240378451382000167550020000482251953906191|23032024|23032024|31,5|2|9|0|40,5|9|0|0|0|31,5|6,14|0|0|0|0,52|2,39|0|0|
|C170|1|6742||9|5|40,5|9|0|000|2653|1653|31,5|19,5|6,14|0|0|0||||0|0|0|51|31,5|1,65|||0,52|51|31,5|7,6|||2,39|3.1.01.01.03.00|
|C100|0|1|FOR000000952|55|00|002|48226|41240378451382000167550020000482261337821078|23032024|23032024|2965|2|349,13|0|3314,13|9|0|0|0|0|0|0|0|0|48,92|225,34|0|0|
|C170|1|91042356000103||521,09|5|3314,13|349,13|0|061|2653|1653|0|0|0|0|0|0||||0|0|0|51|2965|1,65|||48,92|51|2965|7,6|||225,34|3.1.01.01.03.00|
|C100|0|1|FOR000000952|55|00|002|48227|41240378451382000167550020000482271078312935|23032024|23032024|2731,25|2|321,61|0|3052,86|9|0|0|0|0|0|0|0|0|45,07|207,58|0|0|
|C170|1|91042356000103||480,01|5|3052,86|321,61|0|061|2653|1653|0|0|0|0|0|0||||0|0|0|51|2731,25|1,65|||45,07|51|2731,25|7,6|||207,58|3.1.01.01.03.00|
|C100|0|1|FOR000000952|55|00|002|48228|41240378451382000167550020000482281681816394|23032024|23032024|2987,3|2|351,76|0|3339,06|9|0|0|0|0|0|0|0|0|49,29|227,03|0|0|
|C170|1|91042356000103||525,01|5|3339,06|351,76|0|061|2653|1653|0|0|0|0|0|0||||0|0|0|51|2987,3|1,65|||49,29|51|2987,3|7,6|||227,03|3.1.01.01.03.00|
|C100|0|1|FOR000000952|55|00|002|48229|41240378451382000167550020000482291845594248|23032024|23032024|2771,03|2|326,29|0|3097,32|9|0|0|0|0|0|0|0|0|45,72|210,6|0|0|
|C170|1|91042356000103||487|5|3097,32|326,29|0|061|2653|1653|0|0|0|0|0|0||||0|0|0|51|2771,03|1,65|||45,72|51|2771,03|7,6|||210,6|3.1.01.01.03.00|
|C100|0|1|FOR000000952|55|00|002|48230|41240378451382000167550020000482301705245268|23032024|23032024|11,55|2|3,3|0|14,85|9|0|0|0|11,55|2,25|0|0|0|0,19|0,88|0|0|
|C170|1|6742||3,3|5|14,85|3,3|0|000|2653|1653|11,55|19,5|2,25|0|0|0||||0|0|0|51|11,55|1,65|||0,19|51|11,55|7,6|||0,88|3.1.01.01.03.00|
|C100|0|1|FOR000000952|55|00|002|48231|41240378451382000167550020000482311055649731|23032024|23032024|73,5|2|21|0|94,5|9|0|0|0|73,5|14,33|0|0|0|1,21|5,59|0|0|
|C170|1|6742||21|5|94,5|21|0|000|2653|1653|73,5|19,5|14,33|0|0|0||||0|0|0|51|73,5|1,65|||1,21|51|73,5|7,6|||5,59|3.1.01.01.03.00|
|C100|0|1|FOR000000952|55|00|002|48232|41240378451382000167550020000482321901642392|23032024|23032024|2845|2|335|0|3180|9|0|0|0|0|0|0|0|0|46,94|216,22|0|0|
|C170|1|91042356000103||500|5|3180|335|0|061|2653|1653|0|0|0|0|0|0||||0|0|0|51|2845|1,65|||46,94|51|2845|7,6|||216,22|3.1.01.01.03.00|
|C100|0|1|FOR000000952|55|00|002|48233|41240378451382000167550020000482331615746804|23032024|23032024|56,7|2|16,2|0|72,9|9|0|0|0|56,7|11,06|0|0|0|0,94|4,31|0|0|
|C170|1|6742||16,2|5|72,9|16,2|0|000|2653|1653|56,7|19,5|11,06|0|0|0||||0|0|0|51|56,7|1,65|||0,94|51|56,7|7,6|||4,31|3.1.01.01.03.00|
|C100|0|1|FOR000000952|55|00|002|48234|41240378451382000167550020000482341245456197|23032024|23032024|2902,02|2|341,71|0|3243,73|9|0|0|0|0|0|0|0|0|47,88|220,55|0|0|
|C170|1|91042356000103||510,021|5|3243,73|341,71|0|061|2653|1653|0|0|0|0|0|0||||0|0|0|51|2902,02|1,65|||47,88|51|2902,02|7,6|||220,55|3.1.01.01.03.00|
|C100|0|1|FOR000000952|55|00|002|48235|41240378451382000167550020000482351371094867|23032024|23032024|2828,84|2|333,1|0|3161,94|9|0|0|0|0|0|0|0|0|46,68|214,99|0|0|
|C170|1|91042356000103||497,16|5|3161,94|333,1|0|061|2653|1653|0|0|0|0|0|0||||0|0|0|51|2828,84|1,65|||46,68|51|2828,84|7,6|||214,99|3.1.01.01.03.00|
|C100|0|1|FOR000000952|55|00|002|48236|41240378451382000167550020000482361100689527|23032024|23032024|2941,85|2|346,4|0|3288,25|9|0|0|0|0|0|0|0|0|48,54|223,58|0|0|
|C170|1|91042356000103||517,02|5|3288,25|346,4|0|061|2653|1653|0|0|0|0|0|0||||0|0|0|51|2941,85|1,65|||48,54|51|2941,85|7,6|||223,58|3.1.01.01.03.00|
|C100|0|1|FOR000000952|55|00|002|48237|41240378451382000167550020000482371063926378|23032024|23032024|80,59|2|23,02|0|103,61|9|0|0|0|80,59|15,72|0|0|0|1,33|6,12|0|0|
|C170|1|6742||23,024|5|103,61|23,02|0|000|2653|1653|80,59|19,5|15,72|0|0|0||||0|0|0|51|80,59|1,65|||1,33|51|80,59|7,6|||6,12|3.1.01.01.03.00|
|C100|0|1|FOR000000952|55|00|002|48238|41240378451382000167550020000482381355540698|23032024|23032024|2873,5|2|338,36|0|3211,86|9|0|0|0|0|0|0|0|0|47,41|218,39|0|0|
|C170|1|91042356000103||505,01|5|3211,86|338,36|0|061|2653|1653|0|0|0|0|0|0||||0|0|0|51|2873,5|1,65|||47,41|51|2873,5|7,6|||218,39|3.1.01.01.03.00|
|C100|0|1|FOR000000952|55|00|002|48239|41240378451382000167550020000482391594790463|23032024|23032024|2657,4|2|312,91|0|2970,31|9|0|0|0|0|0|0|0|0|43,85|201,96|0|0|
|C170|1|91042356000103||467,03|5|2970,31|312,91|0|061|2653|1653|0|0|0|0|0|0||||0|0|0|51|2657,4|1,65|||43,85|51|2657,4|7,6|||201,96|3.1.01.01.03.00|
|C100|0|1|FOR000000952|55|00|002|48240|41240378451382000167550020000482401359952425|23032024|23032024|124,95|2|35,7|0|160,65|9|0|0|0|124,95|24,37|0|0|0|2,06|9,5|0|0|
|C170|1|6742||35,7|5|160,65|35,7|0|000|2653|1653|124,95|19,5|24,37|0|0|0||||0|0|0|51|124,95|1,65|||2,06|51|124,95|7,6|||9,5|3.1.01.01.03.00|
|C100|0|1|FOR000000952|55|00|002|48244|41240378451382000167550020000482441708892219|23032024|23032024|84|2|24|0|108|9|0|0|0|84|16,38|0|0|0|1,39|6,38|0|0|
|C170|1|6742||24|5|108|24|0|000|2653|1653|84|19,5|16,38|0|0|0||||0|0|0|51|84|1,65|||1,39|51|84|7,6|||6,38|3.1.01.01.03.00|
|C100|0|1|FOR000000952|55|00|002|48245|41240378451382000167550020000482451131721219|23032024|23032024|3021,39|2|355,77|0|3377,16|9|0|0|0|0|0|0|0|0|49,85|229,63|0|0|
|C170|1|91042356000103||531|5|3377,16|355,77|0|061|2653|1653|0|0|0|0|0|0||||0|0|0|51|3021,39|1,65|||49,85|51|3021,39|7,6|||229,63|3.1.01.01.03.00|
|C100|0|1|FOR000000952|55|00|002|48334|41240378451382000167550020000483341333807094|26032024|26032024|2235,31|2|263,21|0|2498,52|9|0|0|0|0|0|0|0|0|36,88|169,88|0|0|
|C170|1|91042356000103||392,85|5|2498,52|263,21|0|061|2653|1653|0|0|0|0|0|0||||0|0|0|51|2235,31|1,65|||36,88|51|2235,31|7,6|||169,88|3.1.01.01.03.00|
|C100|0|1|FOR000000952|55|00|002|48335|41240378451382000167550020000483351579641017|26032024|26032024|74,55|2|21,3|0|95,85|9|0|0|0|74,55|14,54|0|0|0|1,23|5,67|0|0|
|C170|1|6742||21,3|5|95,85|21,3|0|000|2653|1653|74,55|19,5|14,54|0|0|0||||0|0|0|51|74,55|1,65|||1,23|51|74,55|7,6|||5,67|3.1.01.01.03.00|
|C990|991|
|D001|0|
|D010|05367368000106|
|D100|0|1|FOR000000004|57|00|000||2908737|35240348740351007410570000029087371716338190|19032024|19032024|0||226,34|0|1|226,34|226,34|27,16|0||312|
|D101|9|226,34|98|14|0|0|0|312|
|D105|9|226,34|98|14|0|0|0|312|
|D990|6|
|F001|1|
|F990|2|
|I001|1|
|I990|2|
|M001|0|
|M100|201|0|189535,1|1,65|||3127,33|0|0|0|3127,33|1|0|3127,33|
|M105|02|51|189535,1|0|189535,1|189535,1||||
|M200|0|0|0|0|0|0|0|0|0|0|0|0|
|M500|201|0|189535,1|7,6|||14404,67|0|0|0|14404,67|1|0|14404,67|
|M505|02|51|189535,1|0|189535,1|189535,1||||
|M600|0|0|0|0|0|0|0|0|0|0|0|0|
|M990|8|
|P001|1|
|P990|2|
|1001|0|
|1100|012021|01||201|34149,5|0|34149,5|0|0|0|34149,5|0|0|0|0|0|34149,5|
|1100|012022|01||201|81061,26|0|81061,26|0|0|0|81061,26|0|0|0|0|0|81061,26|
|1100|012023|01||201|63750,81|0|63750,81|0|0|0|63750,81|0|0|0|0|0|63750,81|
|1100|012024|01||201|7842,5|0|7842,5|0|0|0|7842,5|0|0|0|0|0|7842,5|
|1100|022021|01||201|38992,51|0|38992,51|0|0|0|38992,51|0|0|0|0|0|38992,51|
|1100|022022|01||201|53655,96|0|53655,96|0|0|0|53655,96|0|0|0|0|0|53655,96|
|1100|022023|01||201|20132,4|0|20132,4|0|0|0|20132,4|0|0|0|0|0|20132,4|
|1100|022024|01||201|4467,18|0|4467,18|0|0|0|4467,18|0|0|0|0|0|4467,18|
|1100|032020|01||201|45274,28|0|45274,28|0|0|0|45274,28|0|0|0|0|0|45274,28|
|1100|032021|01||201|119189,35|0|119189,35|0|0|0|119189,35|0|0|0|0|0|119189,35|
|1100|032022|01||201|10448,86|0|10448,86|0|0|0|10448,86|0|0|0|0|0|10448,86|
|1100|032023|01||201|49910,9|0|49910,9|0|0|0|49910,9|0|0|0|0|0|49910,9|
|1100|032024|01||201|3127,33|0|3127,33|0|0|0|3127,33|0|0|0|0|0|3127,33|
|1100|042020|01||201|16329,86|0|16329,86|0|0|0|16329,86|0|0|0|0|0|16329,86|
|1100|042021|01||201|28644,33|0|28644,33|0|0|0|28644,33|0|0|0|0|0|28644,33|
|1100|042022|01||201|36070,07|0|36070,07|0|0|0|36070,07|0|0|0|0|0|36070,07|
|1100|042023|01||201|48453,97|0|48453,97|0|0|0|48453,97|0|0|0|0|0|48453,97|
|1100|052020|01||201|13473,61|0|13473,61|0|0|0|13473,61|0|0|0|0|0|13473,61|
|1100|052021|01||201|57004,69|0|57004,69|0|0|0|57004,69|0|0|0|0|0|57004,69|
|1100|052022|01||201|30829,94|0|30829,94|0|0|0|30829,94|0|0|0|0|0|30829,94|
|1100|052023|01||201|25891,84|0|25891,84|0|0|0|25891,84|0|0|0|0|0|25891,84|
|1100|062020|01||201|14597,08|0|14597,08|0|0|0|14597,08|0|0|0|0|0|14597,08|
|1100|062022|01||201|55726,2|0|55726,2|0|0|0|55726,2|0|0|0|0|0|55726,2|
|1100|062023|01||201|13657,72|0|13657,72|0|0|0|13657,72|0|0|0|0|0|13657,72|
|1100|072020|01||201|18122,59|0|18122,59|0|0|0|18122,59|0|0|0|0|0|18122,59|
|1100|072021|01||201|59990,92|0|59990,92|0|0|0|59990,92|0|0|0|0|0|59990,92|
|1100|072022|01||201|26988,01|0|26988,01|0|0|0|26988,01|0|0|0|0|0|26988,01|
|1100|072023|01||201|25867,48|0|25867,48|0|0|0|25867,48|0|0|0|0|0|25867,48|
|1100|082020|01||201|4317,7|0|4317,7|0|0|0|4317,7|0|0|0|0|0|4317,7|
|1100|082021|01||201|54775,31|0|54775,31|0|0|0|54775,31|0|0|0|0|0|54775,31|
|1100|082022|01||201|8957,22|0|8957,22|0|0|0|8957,22|0|0|0|0|0|8957,22|
|1100|082023|01||201|6407,74|0|6407,74|0|0|0|6407,74|0|0|0|0|0|6407,74|
|1100|092020|01||201|15114,31|0|15114,31|0|0|0|15114,31|0|0|0|0|0|15114,31|
|1100|092021|01||201|50418,73|0|50418,73|0|0|0|50418,73|0|0|0|0|0|50418,73|
|1100|092022|01||201|10576,15|0|10576,15|0|0|0|10576,15|0|0|0|0|0|10576,15|
|1100|092023|01||201|582,85|0|582,85|0|0|0|582,85|0|0|0|0|0|582,85|
|1100|102020|01||201|19194,93|0|19194,93|0|0|0|19194,93|0|0|0|0|0|19194,93|
|1100|102021|01||201|32333,86|0|32333,86|0|0|0|32333,86|0|0|0|0|0|32333,86|
|1100|102022|01||201|44951,61|0|44951,61|0|0|0|44951,61|0|0|0|0|0|44951,61|
|1100|102023|01||201|19697,86|0|19697,86|0|0|0|19697,86|0|0|0|0|0|19697,86|
|1100|112020|01||201|17582,29|0|17582,29|0|0|0|17582,29|0|0|0|0|0|17582,29|
|1100|112021|01||201|29042,96|0|29042,96|0|0|0|29042,96|0|0|0|0|0|29042,96|
|1100|122020|01||201|24747,97|0|24747,97|0|0|0|24747,97|0|0|0|0|0|24747,97|
|1100|122021|01||201|116969,74|0|116969,74|0|0|0|116969,74|0|0|0|0|0|116969,74|
|1100|122023|01||201|13124,37|0|13124,37|0|0|0|13124,37|0|0|0|0|0|13124,37|
|1500|012021|01||201|157294,66|0|157294,66|0|0|0|157294,66|0|0|0|0|0|157294,66|
|1500|012022|01||201|373373,05|0|373373,05|0|0|0|373373,05|0|0|0|0|0|373373,05|
|1500|012023|01||201|293640,11|0|293640,11|0|0|0|293640,11|0|0|0|0|0|293640,11|
|1500|012024|01||201|36123,03|0|36123,03|0|0|0|36123,03|0|0|0|0|0|36123,03|
|1500|022021|01||201|179601,88|0|179601,88|0|0|0|179601,88|0|0|0|0|0|179601,88|
|1500|022022|01||201|247142,59|0|247142,59|0|0|0|247142,59|0|0|0|0|0|247142,59|
|1500|022023|01||201|92731,04|0|92731,04|0|0|0|92731,04|0|0|0|0|0|92731,04|
|1500|022024|01||201|20576,1|0|20576,1|0|0|0|20576,1|0|0|0|0|0|20576,1|
|1500|032020|01||201|208536,07|0|208536,07|0|0|0|208536,07|0|0|0|0|0|208536,07|
|1500|032021|01||201|548993,35|0|548993,35|0|0|0|548993,35|0|0|0|0|0|548993,35|
|1500|032022|01||201|48128,08|0|48128,08|0|0|0|48128,08|0|0|0|0|0|48128,08|
|1500|032023|01||201|229892,62|0|229892,62|0|0|0|229892,62|0|0|0|0|0|229892,62|
|1500|032024|01||201|14404,67|0|14404,67|0|0|0|14404,67|0|0|0|0|0|14404,67|
|1500|042020|01||201|75216,33|0|75216,33|0|0|0|75216,33|0|0|0|0|0|75216,33|
|1500|042021|01||201|131937,53|0|131937,53|0|0|0|131937,53|0|0|0|0|0|131937,53|
|1500|042022|01||201|166140,92|0|166140,92|0|0|0|166140,92|0|0|0|0|0|166140,92|
|1500|042023|01||201|223181,91|0|223181,91|0|0|0|223181,91|0|0|0|0|0|223181,91|
|1500|052020|01||201|62060,29|0|62060,29|0|0|0|62060,29|0|0|0|0|0|62060,29|
|1500|052021|01||201|262567,07|0|262567,07|0|0|0|262567,07|0|0|0|0|0|262567,07|
|1500|052022|01||201|142004,59|0|142004,59|0|0|0|142004,59|0|0|0|0|0|142004,59|
|1500|052023|01||201|119259,4|0|119259,4|0|0|0|119259,4|0|0|0|0|0|119259,4|
|1500|062020|01||201|67235,03|0|67235,03|0|0|0|67235,03|0|0|0|0|0|67235,03|
|1500|062022|01||201|256678,25|0|256678,25|0|0|0|256678,25|0|0|0|0|0|256678,25|
|1500|062023|01||201|62908,3|0|62908,3|0|0|0|62908,3|0|0|0|0|0|62908,3|
|1500|072020|01||201|83473,75|0|83473,75|0|0|0|83473,75|0|0|0|0|0|83473,75|
|1500|072021|01||201|276321,81|0|276321,81|0|0|0|276321,81|0|0|0|0|0|276321,81|
|1500|072022|01||201|124308,4|0|124308,4|0|0|0|124308,4|0|0|0|0|0|124308,4|
|1500|072023|01||201|119147,2|0|119147,2|0|0|0|119147,2|0|0|0|0|0|119147,2|
|1500|082020|01||201|19887,61|0|19887,61|0|0|0|19887,61|0|0|0|0|0|19887,61|
|1500|082021|01||201|252298,4|0|252298,4|0|0|0|252298,4|0|0|0|0|0|252298,4|
|1500|082022|01||201|41257,5|0|41257,5|0|0|0|41257,5|0|0|0|0|0|41257,5|
|1500|082023|01||201|29514,44|0|29514,44|0|0|0|29514,44|0|0|0|0|0|29514,44|
|1500|092020|01||201|69617,41|0|69617,41|0|0|0|69617,41|0|0|0|0|0|69617,41|
|1500|092021|01||201|232231,72|0|232231,72|0|0|0|232231,72|0|0|0|0|0|232231,72|
|1500|092022|01||201|48714,39|0|48714,39|0|0|0|48714,39|0|0|0|0|0|48714,39|
|1500|092023|01||201|2684,64|0|2684,64|0|0|0|2684,64|0|0|0|0|0|2684,64|
|1500|102020|01||201|88413|0|88413|0|0|0|88413|0|0|0|0|0|88413|
|1500|102021|01||201|148931,72|0|148931,72|0|0|0|148931,72|0|0|0|0|0|148931,72|
|1500|102022|01||201|207049,85|0|207049,85|0|0|0|207049,85|0|0|0|0|0|207049,85|
|1500|102023|01||201|90729,53|0|90729,53|0|0|0|90729,53|0|0|0|0|0|90729,53|
|1500|112020|01||201|80985,1|0|80985,1|0|0|0|80985,1|0|0|0|0|0|80985,1|
|1500|112021|01||201|133773,63|0|133773,63|0|0|0|133773,63|0|0|0|0|0|133773,63|
|1500|122020|01||201|113990,65|0|113990,65|0|0|0|113990,65|0|0|0|0|0|113990,65|
|1500|122021|01||201|538769,73|0|538769,73|0|0|0|538769,73|0|0|0|0|0|538769,73|
|1500|122023|01||201|60451,67|0|60451,67|0|0|0|60451,67|0|0|0|0|0|60451,67|
|1990|92|
|9001|0|
|9900|0000|1|
|9900|0001|1|
|9900|0100|1|
|9900|0110|1|
|9900|0111|1|
|9900|0140|1|
|9900|0150|36|
|9900|0190|16|
|9900|0200|224|
|9900|0400|5|
|9900|0500|8|
|9900|0900|1|
|9900|0990|1|
|9900|1001|1|
|9900|1100|45|
|9900|1500|45|
|9900|1990|1|
|9900|9001|1|
|9900|9990|1|
|9900|9999|1|
|9900|A001|1|
|9900|A990|1|
|9900|C001|1|
|9900|C010|1|
|9900|C100|288|
|9900|C170|700|
|9900|C990|1|
|9900|D001|1|
|9900|D010|1|
|9900|D100|1|
|9900|D101|1|
|9900|D105|1|
|9900|D990|1|
|9900|F001|1|
|9900|F990|1|
|9900|I001|1|
|9900|I990|1|
|9900|M001|1|
|9900|M100|1|
|9900|M105|1|
|9900|M200|1|
|9900|M500|1|
|9900|M505|1|
|9900|M600|1|
|9900|M990|1|
|9900|P001|1|
|9900|P990|1|
|9900|9900|48|
|9990|51|
|9999|1453|
SBRCAAEPDR0Ä	*ÜHÜ˜†Ä0Ä10	+ 0Ä	*ÜHÜ˜†Ä$Ä\f9~Ñ5ß5á*o∞oÀºÒ/      †Ä0Çf0ÇN†ﬁ$jtÿ0	*ÜHÜ˜ 0u10	UBR10U

ICP-Brasil1604U-Secretaria da Receita Federal do Brasil - RFB10UAC SOLUTI RFB V50240605203300Z250605203300Z0Ç10	UBR10U

ICP-Brasil10	UGO10UGoiania10UVideoconferencia10U094616470001951604U-Secretaria da Receita Federal do Brasil - RFB10URFB e-CNPJ A11:08U1ABRAO E SILVA ADVOGADOS ASSOCIADOS:285998970001300Ç"0	*ÜHÜ˜ Ç 0Ç
Ç Õ´˘ˆxFpGÙÕv˝W˜≠2ÀøπImt*oﬂnœ∂FøX±Ût~8nã∆∫<^g*öD,’À∞auƒWMa¡Ë4?»…B1ó¶_¬;®»ã≈Uk˘”ÍlÄ`µ'[≠¿>EäÄÅ√òıÆx—ƒÆ’Î⁄ñ¥'PÃlÛ” øÍqV†[µö• £?¢∆"ù‹KéÓ'A‚ÊhIøÇúÙÀ{∆Ÿàê6zàÁGÃ{i?÷K/Í¸‹¿ÑﬂÂ|⁄N∂µ÷u€NÇ3-}Ò≈ÍbD)çóNoˇ|(lΩuì¸|∂51êPNØHã'Õ¡7"!≥YêIã}Í!p9qh` £Çj0Çf0	U0 0U#0Ä¸ÚÇ ≤¯Ωü’Ç€` '3<¬æÃô0O+C0A0?+0Ü3http://ccd.acsoluti.com.br/lcr/ac-soluti-rfb-v5.p7b0ÅªUÅ≥0Å∞Åabraoesilvaadv@hotmail.com†$`L†PEDRO PANTHIO ABRAO COSTA†`L†28599897000130†8`L†/-270419890329400410900000000000000000000000000†`L†0000000000000XU Q0O0M`L(0C0A+5http://ccd.acsoluti.com.br/docs/dpc-ac-soluti-rfb.pdf0U%0++0ÅÄUy0w09†7†5Ü3http://ccd.acsoluti.com.br/lcr/ac-soluti-rfb-v5.crl0:†8†6Ü4http://ccd2.acsoluti.com.br/lcr/ac-soluti-rfb-v5.crl0Utj∫„
˛√√±Ä~ÁÇCƒ0Uˇ‡0	*ÜHÜ˜ Ç ™brπx6hQ˚¡—¡¶tü}/£…6æ´ÿtÚ¡Øßµ•Û’÷[I@ﬂ)ú[#ßw[§πõVwÅ9èàˆ›‘ÔB¶¥â8÷\ø«Ê°i°OÊÔŸ8k&t™Çü˙u¥R0™^	b
 Ù√ùÏ%¿†uÓåÜñŸπ*ƒn7 ï£Ï$¿≥yˇFÜ±ä¿è∫M≤+h‰¢WC1Î6UcNÖﬂ;W¨H“,‡`⁄M’•Q•«I«-m*åC(ZÃ {¨‰˘∫#‹/»–f\Ît≤ôóØâ—ºO¥}œ∆Á˚nÕF'EËÅ¿z≤gÄfiHN⁄w#¥Ré≤9•2◊8W≥ÚÌz§∫u®$ƒ¡¢…⁄`ˇíbÉîcntêRVÏC¿ÃÙNû§QÆr≠Î.t™Jw“4’8‡PïÄD%≈≠ElSEzâeöf6YπÖ)\„Â“rœ*&ﬂ	‰qO∫öxtÂW|‘7-X®Ú§Ò-›˚+ëî∏ﬂôv“∞ÃkáÍA±ÈÎ›M≥Bâ≠ÆÓï)jJÿ‚}JVJbßLFn*üèu,Uä∞) bß|ò©ówL¶Eo[∞å/Ç´@‡ü’Bg‰Uª„öó>`#ŒÒêÚoMÄñ·µQó”.b¨≠+¿ÉaTµZë†Û6
G:C,ãV'≠_0Ç&0Ç†0	*ÜHÜ˜ 0Åê10	UBR10U

ICP-Brasil1402U+Autoridade Certificadora Raiz Brasileira v51604U-AC Secretaria da Receita Federal do Brasil v40190109172239Z290220172239Z0u10	UBR10U

ICP-Brasil1604U-Secretaria da Receita Federal do Brasil - RFB10UAC SOLUTI RFB V50Ç"0	*ÜHÜ˜ Ç 0Ç
Ç ≈Í≠‡ôïı"∆b3ó¢ª®ÏÆÂèﬁÑÏ6Âªfa`êVjW ı
)+¬≠ó∏
ïj†p)îpÒ‘ÑáÒ»ﬂè˙±›uA±XhA/…Ï‹’rt:Ká±œ'x°ëD h*⁄ı±	”)…ÉYëäk"—®~ëçﬂé[ìuÛ¬$¿Æmq@ì'Ãı‹˝æ´I&ˇ;1MC ¶∫≠≈áÚ—<ˇm"§_Sú»»à◊ŒŒ?0ÌLyëEÒïóÀΩ ≈;ÌI`zÌ{É¨˝`|…?aµ%Eoù-r+;ãJ<≤W7ÙhÕ≈F ìP˘]Iúÿk≥ÏÓΩuÈúq…Ê„d·•ù'ì€Èl	<˚≥cx0¸˚¸cúΩˇ.Ìô≠éîP†•∆◊Òy‹Ã≠Ùop$É2qsçıÍ/Oô≤ßØN∞ÅàíPoÁb0±bYÇáo¥Ï#˝>!-®ÇøiTŒß®HwtcÊ=¢, àê’Y1√Èé]<√!:qD]‘™I7≤!ë7„-TX≤≈§	æÅÊ¬‡≤Á	óôX›≤`†#@„Áh‘◊œê•πµoQNË‰/∂ŒÀ⁄vﬂÑ⁄Ü¥á∑Í±%u,¯73ÒØGiwúôÁ7Cr6A’´$D∏Ÿ;41JjÂ≈dû√%≥ñíZ¿ÍF“}ø £Ç£0Çü0ÅıU ÅÌ0ÅÍ0L`L(0B0@+4http://www.receita.fazenda.gov.br/acrfb/dpcacrfb.pdf0L`L&0B0@+4http://www.receita.fazenda.gov.br/acrfb/dpcacrfb.pdf0L`L0B0@+4http://www.receita.fazenda.gov.br/acrfb/dpcacrfb.pdf0DU=0;09†7†5Ü3http://www.receita.fazenda.gov.br/acrfb/acrfbv4.crl0U#0ÄòÊC ›íûôcEZ*Èá Õ50U¸ÚÇ ≤¯Ωü’Ç€` '3<¬æÃô0Uˇ0ˇ0Uˇ0	*ÜHÜ˜ Ç iƒqôÁ=o~F£äUÅöÿ◊ RµC:◊Œ	vf~ÓàuÑJˆ˘TèÑíMa“+´´∆ªQÀÈ~ì‚ù7§aÜ]>pfd˛ej≤˛Åª-Ún∂‰0Åhü3†I—íF5	f™jˇlÎ∞1ì^ì~Ï’‰Å˚»?bèä#ó9îª¶páT_¥á√Ç∂(O#ziÙy%Ïg¡˜˘Ωhúh¬à†¨f0üVë™≤‚{œØr ¡W¨ﬁWO«hG˛—Öœˆìç0lc√j∞»·£ÿ≥˝¢ aV=±¯†Q◊é€Â˜mÆF9Tæù–Ö"7.ô^F	C©≈kÜÉ®◊ü	4‹Ç¢¯ÅxIª;Ù^8g™+æ˚JòÓ c\'aèhå≈µ4#∑">J˝-úÓƒ¶[iA∆}œ e⁄Ê¨=Xà(î.•Àè„Ú˘gC$« ØXt˝ÑRÈyUE∫úèéÊ¡âk€o◊UWµHÎƒué™|Ïk£§$˚Å\Ê:4∏†>Ω_Úaù.ÀêO‡@uxS%zƒ∏2B
¨ü¢sî$∆ó;€,ƒñÒü“y•õr^`uçˆÚ95Ò~"‹ü@‘.U0πœm…1Ù`ˆmXÀƒÃgØ7à1	?∑£¯oóˆŸ)N\ŸÍi{∑ı“"”ø«dwD•–¯HpL0Ç`0ÇH†0	*ÜHÜ˜ 0Åó10	UBR10U

ICP-Brasil1=0;U4Instituto Nacional de Tecnologia da Informacao - ITI1402U+Autoridade Certificadora Raiz Brasileira v50160720133204Z290302120004Z0Åê10	UBR10U

ICP-Brasil1402U+Autoridade Certificadora Raiz Brasileira v51604U-AC Secretaria da Receita Federal do Brasil v40Ç"0	*ÜHÜ˜ Ç 0Ç
Ç ù`w™ /`-ÂıµqT˝À€#D9RcØÙûπ+˘lM !œ‰R:T”.QÔÇL?ÇJã{™æ√≤ücü¡S.pÆ~£÷∆€íÄ¯ ‘»›a‘∫'üœ˙ ¶ˇáÁ3Ï¬=…©LóhÆ€Ãﬁ@ëÕœ4U3EΩ˛QªXg◊äp@{k•òù} ˙*˚Íè´NÄ=8®ı%íÑf	ã8Èë—·5@?”	]ˆN$äS≠ﬁÁ∞D˛ƒ(Ãå<ç=ÍÉµ`ñHüÓˆb-'+)&7óng	opTﬂ*CAºòúLXgµó∆ÔO|ët|Ö@≤‹ì‡´2TÉñÇ?+⁄ñ}◊|â~ÜÃDÏ•Û’˘ï‰v˜»3¿8MŸBâ\yüÌqs®‰‡–yxtÆKÕ(4Ì∂™(o∆0Wïg@VD›fée3ëPæn41r/`–¿;f§ –Ì
’ã]¸∞≈åz]¥≤%¸∑fŒÖ«sQ‚P<DN ê√éx⁄ú¥S„ÛÂj≤•òrìÀË•–èÍÊ÷#Ø#÷S¨’„A8HîïàÛsñçÀÊ"æ>ﬂˆ<ÁI‹Í=u›îMK◊ÒØ†°7‡é‹ªXYÄ˝rP™ˆ3¿tÿ™°Óı¿9•1Û˜’&xl¬°¡Ä#¯®¡√*	[Reàøu@‰˜<ˆzò˚í>Ì £Åª0Å∏0UòÊC ›íûôcEZ*Èá Õ50Uˇ0ˇ0Uˇ0U 00	`L0 0?U80604†2†0Ü.http://acraiz.icpbrasil.gov.br/LCRacraizv5.crl0U#0Äi®æuŸƒÔlÁE‰anÂh¯∂@^0	*ÜHÜ˜ Ç kB‡È5õvs©∏Ã}>G>æænMﬁÊóå_<˚?#‡Md˝C£ì«˝∫õ™Ω¨ÍÂÎˇ@&ó¨ã ei?4ﬂºÎóxq±ûƒLv1⁄ò‰≥ª•óÆãe$‰süüπâä5Ö<∏ÈF €√◊tæy©9cäX¯.ÁçT¬ò≠¶ıZ5°JŒ˝}n¡PZv

˛/ytSç6T£ˇˇ±ØOnJ∑$"u–DÙ‘iÅI:Ìä∑ù˚<‹ènêOHcAOP∞WoõÖL~XﬂÎ^"Èáœø.‡É»küâïÛË´∫Å±~˚rÃ2pCJ^πj˙¿ÿ∏¸ÜJ€}x•î3OÓß,‰é £€Z•ÔÕ^≤rKtG“›=f‹≈˛'ËD˜ceîí–QπÔÙ›
’b‹∆àå_È˜pfo˛6≈˘˝1ø[°"p.k6IN)‹>41LCVƒ“P†“vª<gÃ™væ[öô∂Ü˛#Àîå•"ÄáZÛ÷ê1NÔ›˙ÍY-Ì Aétå7}I@≠Á∆7êyq‚πŸº∑≥6ù0lïbR$_5ñÍ|ç{∆SaD≥∏B	∆aﬁñ[{ÉÕY-ñ(ü€óE◊¿/z¨Ê–:∞?≥·/f∫i¨·ﬁîbê±˛∏ØHèù~°xáãDèqÁL¥0Ç°0Çâ†0	*ÜHÜ˜ 0Åó10	UBR10U

ICP-Brasil1=0;U4Instituto Nacional de Tecnologia da Informacao - ITI1402U+Autoridade Certificadora Raiz Brasileira v50160302130138Z290302235938Z0Åó10	UBR10U

ICP-Brasil1=0;U4Instituto Nacional de Tecnologia da Informacao - ITI1402U+Autoridade Certificadora Raiz Brasileira v50Ç"0	*ÜHÜ˜ Ç 0Ç
Ç ˜-xmE¨Ë_˙`‡ﬁe‰®Lüìu^Ö€«Ìˇå$ø¢ÏXGA)ãh]†≈$3_›tåó' ®Nwá`	v1√æä≠,¢ï‰%&(¨—ÙÌa2Z…ÁΩ"∞®ØR‹“˙3\*C∂ÆgOc"áf◊.«kí_ßmˆ1óôªæ4‰Lƒ∫è«ﬂéasl”√îõï›\ª6©=Rk2^îı¬∆Œ]
≈¯Ì.W	ãbF-Ò≥BﬂÉNÚ¯koÇÔí6¡bàÉX√Ôo≥ßjÙa:)ò£É6i4≠(≤;"nU”ﬁ#ûÀÈ•ôÙ”I<ûDîﬂµLa§Ü˝zshnëº}à'€öN‚õhF*4 Ò·˙·Sÿ°-™t¶œm›Ò1ÕŸ Ë`™rŸM®A5AIˇaz:|™7Œù›”b√∂`X§ΩS˜’ ¬ u¢∂`.·~,äiå1q1øãÕYÆ,L˚§2%ˆ/Í{∏Åƒ≈6I%N†6úBÊ}≥»œ}∫‘w∏`Yêﬂõ√wäé/(ï}ÎˇüIØ}<>(ƒwÁ~>Qö¢3K»ÿ]í'¶‚a#W •„˘ËFπÿπH'∆j∞ùÒÃuÆ›i W>!2™◊ËÃmàƒÎÑQàh `÷R:@∏è0{Ë€Ú{ÇÓ~§\®∂Ìm«À6¶ £Åı0ÅÚ0NU G0E0C`L 0:08+,http://acraiz.icpbrasil.gov.br/DPCacraiz.pdf0?U80604†2†0Ü.http://acraiz.icpbrasil.gov.br/LCRacraizv5.crl0U#0Äi®æuŸƒÔlÁE‰anÂh¯∂@^0Ui®æuŸƒÔlÁE‰anÂh¯∂@^0Uˇ0ˇ0Uˇ0	*ÜHÜ˜ Ç m€ÚbY™^∫?¶XQ‡¸röSßÚ^gëtùWi˘ò¶^`ÍîhêZ»D¡W/!!ñ
9‘ç9"|Çs‘›ÈE„ñ√ÄI7?-Ø 0◊éTX±≥ù?Nfƒˇ”ÓõaMÇ…‘nΩt•˚
˝LÚRÙnÈÜKû·	ö¿dÏùÙÃÓí!k0ËóËfMßA.t£òÚ‘rNì&3y~ÁœH-ÔÓ‘âR§Í£ú˚ÆÉg$G1Äc,˘^È[9ŒR¿˛Ÿ>(ˇ‹ï∂Íw¯az˘¶tó%.øjYñ\:ÓMò≤Î¢’n—ÒM\j˙(Ø_ªé)8v£òÀ\≠◊Óøœ¬}êTh√ëwEd.ë{F}x~ ô‘H,¿˙‚¯$˚G lØëµ¢∫Y.≤⁄N)Dï¿Ûº¨ACØ©÷¿G∞ºç¡ÿì.+aŸ8ªßY¶ˇ4´pùÏñ‡„ö≥•±mÑﬂUÓﬁØ2wK.¸«Ñm{!Ôc,≥–F˝-L¨Ggµkﬂ=NØûÉ‡bÛÜ;P≥ã!Ñ≤î.@á‚çïÇ]`B‚ñ;ÖzÚ±VÒØ„æ≠º±∂>À(–éhÜô¡qÄkÖo>≤&”õj6ª;Cˇ(cÆzÎâ\a∏†	<è˚X;`}_|Ëâê5L∂ Õ“¸n~MuE¸P√W÷¡·SqıRö  1Çd0Ç`0ÅÅ0u10	UBR10U

ICP-Brasil1604U-Secretaria da Receita Federal do Brasil - RFB10UAC SOLUTI RFB V5ﬁ$jtÿ0	+ †Å∏0	*ÜHÜ˜	1	*ÜHÜ˜0	*ÜHÜ˜	1250312142231Z0#	*ÜHÜ˜	1!∞<j6g¿±ıâ˘`òBcŒMe0)	*ÜHÜ˜	4100	+ °	*ÜHÜ˜ 0.
+Ç7X1 | 1 | 6 . 0 . 3 | 7 0 0 3 | 4 0	*ÜHÜ˜ Ç q@°”6aOÓ8é ,RûØÉ$óyb‚ñ¥∞I(àH-Â˜¸µ€Fã1ñìú4ΩÊÇÂXâMÂñ˜2?‹BÁ—Ì@Ò"^aè2˛üòI›{iÈ;˛Ú¡‹	ÿ:ú}KﬁVÌ»Gòù/Hä[,÷›»Iæt3L–€Ãƒ÷ÂŸ1§–X/_Úon≥¯ØbÒ§˙⁄Ê]¸:<ßZ·™;Z,O€)_«∞“ÏMi}~ˇƒ˚ΩÎ|+É∏H⁄ .)ˇÄƒ‚&◊)2(ßlVXEvX⁄Z‰í{¶OFÀ™ÎIçWäQŸGN⁄;%»∆5¬]}÷° â∆Å£	B
Ò‘±ï      