|0000|006|0|||01042024|30042024|FM MODEL TRANSPORTES LTDA|05367368000106|SP|3523909||00|1|
|0001|0|
|0100|JOSE PAULO MARTINS GARCIA|61529877768|1SP144041O2||13140216|RUA TAPAIUNAS|189||JARDIM ITAPOAN|19998670214||paulogarcia.quality@yahoo.com.br|3536505|
|0110|1|2|1||
|0111|0|0|0|0|0|
|0140|Empresa numero 102|FM MODEL TRANSPORTES LTDA|05367368000106|SP|387251936115|3523909|31176||
|0150|FOR000000086|LAPONIA SUDESTE LTDA|1058|04422548000180||387307764110|3523909||RODOVIA PRESIDENTE CASTELO BRANCO|S/N|KM    75|CITY CASTELLO|
|0150|FOR000000095|POSTOS DE BASE LTDA|1058|09112471000166||259070595119|3511003||ESTRADA VICINAL MUNICIPAL|S/N|CTH 230 KM  100 MT|ZONA RURAL|
|0150|FOR000000129|MAGGI MOTORS LTDA|1058|03703339000142||387093365118|3523909||AV DR OCTAVIANO PEREIRA MENDES|1188||LIBERDADE|
|0150|FOR000000146|FIX CENTER COMERCIO DE AUTO PECAS LTDA|1058|16885484000303||127455143110|3518800||Rua Tamotsu Iwasse|345|Galpao 02|Vila Nova Bonsucesso|
|0150|FOR000000159|POSTO 7 PENAPOLIS LTDA|1058|34967574000155||521157000110|3537305||RODOVIA MARECHAL RONDON|S/N|KM 484 100 MTS|ZONA DE EXPANSAO INDUSTRIAL|
|0150|FOR000000235|AUTO POSTO MAION LTDA|1058|12976027000101||779005748116|3541059||AVENIDA PAULO PIMENTEL|599||CENTRO|
|0150|FOR000000307|ROTA OESTE VEICULOS LTDA|1058|01549753000113||131721380|5103403||AV. AYRTON SENNA DA SILVA|S/N||JD INDUSTRIARIO|
|0150|FOR000000328|REDE DE POSTOS MARAJO CUIABA LTDA|1058|25152779000191||136445497|5108402||ROD DOS IMIGRANTES|S/N|KM 23.5|JARDIM ELDORADO|
|0150|FOR000000366|POSTO SETE MILHAS LTDA|1058|33611070000135||102120005|5213103||RODOVIA BR 364 KM 310|5|4731-8/00|ZONA RURAL|
|0150|FOR000000525|SMART DIESEL COMERCIO E SERVICOS DE AUTO PECAS LTDA.|1058|26637216000156||382231306119|3523404||Rua Adelino Gasparine|222||Jardim Verona|
|0150|FOR000000526|JHS ALMEIDA JUNIOR|1058|28109770000196||218021075116|3506904||R LUIZ FRANCISCO VIEIRA|243||JARDIM CORDEIRO|
|0150|FOR000000637|AUTO GERAL AUTOPECAS LTDA|1058|05437537000218||600020735116|3545209||AV. DOM PEDRO II|1090|0|Centro|
|0150|FOR000000651|AUTO POSTO RONDON 303 LTDA|1058|05379744000182||416018840112|3526803||RUA ARGENTINA|295||JD NACOES|
|0150|FOR000000771|CARAMURU CENTRO DE ABASTECIMENTO LTDA|1058|03307996000332||330074255117|3518206||RODOVIA MARECHAL RONDON|S/N|KM 557|BARRA GRANDE|
|0150|FOR000000807|POSTO ANTARES LTDA|1058|00361145000118||7019127990061|3170107||ROD BR 050|S/N|KM 1734 EST INDUBE|PARQUE HILEA|
|0150|FOR000000812|W L VISANI LTDA|1058|03824646000424||259071972117|3511003||ESTRADA VICINAL MUNICIPAL CTH 230|S/N|KM 0010|ZONA RURAL|
|0150|FOR000000817|AUTO POSTO PORTAO I LENCOIS PAULISTA LTDA|1058|10353008000195||416124923110|3526803||Av Pref Jacomo Nicolau Paccola|115||Pq Resid Rondon|
|0150|FOR000000818|POSTO FORUM RIBEIRAO PRETO LTDA|1058|10375051000151||582788144116|3543402||AV PRESIDENTE KENNEDY|1631||RIBEIRANIA|
|0150|FOR000000824|RZTRUCK PECAS E SERVICOS EIRELI ME|1058|29327287000140||535677800118|3538709||Rua Jornalista Eugenio Losso|1410||Unileste|
|0150|FOR000000828|RODOPOSTO MARISTELA|1058|46830865000186||507000525117|3536109||RODOVIA PRES C BRANCO|198|KM 198|RIBEIRAO GRANDE|
|0150|FOR000000861|AUTO POSTO RIVIERA LTDA EPP|1058|27997918000103||284261513|5008305||AV FILINTO MULLER|S/N||JARDIM NOVO AEROPORTO|
|0150|FOR000000882|POSTO SESSENTA LTDA|1058|08367816000160||653119062115|3550605||ESTRADA OITO|50|PQ. RECREIO MIRANTE|SABAUNA|
|0150|FOR000000897|ZAGAR COMERCIO DE FERRAMENTAS E FERRAGENS LTDA EPP|1058|10653631000163||416126856111|3526803||AV PE SALUSTIO RODRIGUES MACHADO|1452||JD UBIRAMA|
|0150|FOR000000926|RENOVADORA DE PNEUS REZENDE LTDA|1058|54364849000173||588029779110|3544004||RODOVIA CORNELIO PIRES (SP 127)|S/N||CAMPESTRE|
|0150|FOR000000946|AUTO POSTO CONCHA DA LUA LTDA|1058|52037973000107||14192689|3300225||RODOVIA BR 040|S/N||AREAL|
|0150|FOR000000948|GUILHERME COMERCIO DE PUR.E UTIL.DOM. EIRELI|1058|14073616000105||416048730114|3526803||R.GERALDO PEREIRA DE BARROS, 767|S/N||CENTRO|
|0150|FOR000000949|APARECIDO ROBERTO FRANCOZO ME|1058|23358728000195||416072125119|3526803||R. XV DE NOVEMBRO|2|.|CENTRO|
|0150|FOR000000950|A C P FERREIRA RESTAURANTE|1058|50382291000106||416179880119|3526803||RODOVIA JULIANO LORENZETTI|S/N||DIST EMPRESARIAL LUIZ TRECENTI|
|0150|FOR000000951|GALLO & GALLO RADIADORES LTDA|1058|64176829000203||535918115110|3538709||AVENIDA DOUTOR CASSIO PASCOAL PADOVANI|1696||MORUMBI|
|0150|FOR000000952|Auto Posto Funil Ltda|1058|78451382000167||2050036572|4126306||Rod. PR-151 KM-273|S/N||Morungava|
|0150|FOR000000953|DENTECK LTDA|1058|11319557000378||284069817|5005681||AV SIDNEY GIRAO|230|KM 17 5|BERNECK|
|0150|FOR000000954|FACCHINI S.A.|1058|03509978003359||104449250|5201108||VLA VP R3, S/N, QUAD|2|A MOD 26 A 31|D AGROINDUSTRIA|
|0150|FOR000000955|CENTRO COMERCIAL PORTAL DE ITAQUERA EIRELI|1058|21534226000142||144117136112|3550308||AV ITAQUERA|7597||VILA CARMOSINA|
|0150|FOR000000956|POSTO DE SERVICO CONFIANCA LTDA|1058|43700681000103||109034274114|3550308||AV MORVAM D DE FIGUEIREDO|7035||VILA MARIA|
|0190|1|UNIDADE|
|0190|1145|LT.|
|0190|128|PACOTE|
|0190|16|LITROS|
|0190|23|METRO|
|0190|33|UNIDADE|
|0190|366|LITRO|
|0190|4|LITRO|
|0190|44|JOGO|
|0190|5|LITRO|
|0190|54|MILIMETRO|
|0190|59|UNIDADE|
|0190|6|KILO|
|0190|7|LITRO|
|0190|8|PE«A|
|0190|9|METRO|
|0200|1-1|GASOLINA COMUM|||4|00|27101259||27||18|
|0200|1-2837180|KIT DE MANUTENCAO|||8|00|84212300||84||18|
|0200|10011674|DIESEL S10|||5|00|27101921||27||18|
|0200|10011713|GASOLINA GRID|||5|00|27101259||27||18|
|0200|10020668|EVAPORADORA HW INVERTER SPRINGER MIDEA 18000 S/F 220V R-32 X|7898554879134||1|00|84151011||84||18|
|0200|10020677|CONDENSADORA HW INVERTER SPRINGER MIDEA 18000 S/F 220V R-32|7898554879141||1|00|84151011||84||18|
|0200|1009299|DIESEL COMUM|||5|00|27101921||27||18|
|0200|1215710010|JUNTA,  ACO, DRENO C|||8|00|73269090||73||18|
|0200|1222|OLEO DIESEL B S10 COMUM|||4|07|27101921||27||18|
|0200|1233|OLEO DIESEL S-10 ADITIVADO|||5|00|27101921||27||18|
|0200|1321|TUBO TECALON 10MM|||9|00|84819090||84||18|
|0200|1759|PORCA RODA OSCILANTE 22MM|||8|00|73181600||73||18|
|0200|1773|FOLE DO SUSPENSOR ENCAIXE GRANDE|7898581886389||8|00|87088000||87||18|
|0200|1779|PINO BALANCA 50X225 CEMENTADO|||8|00|87088000||87||18|
|0200|1789|APARABARRO 50X60|||8|00|40170000||40||18|
|0200|1796|REGUA DO APARABARRO|||8|00|87169090||87||18|
|0200|1812|JUNTA DO CUBO 5 FUROS GRANDE|||8|00|45049000||45||18|
|0200|1814|CATRACA DE FREIO 28 ESTRIAS 3 FUROS|7895732731017||8|00|87169090||87||18|
|0200|1817|ENGATE RAPIDO MACHO 16MM|||8|00|84814000||84||18|
|0200|1819|ROLAMENTO CARRETA 32218 (GRANDE)|||8|00|84822010||84||18|
|0200|1821|TRAVA ARANHA FACCHINI 6 DENTES|||8|00|87169090||87||18|
|0200|1824|TRAVA ARANHA NOMA 90MM|||8|00|87169090||87||18|
|0200|1828|RETENTOR CUBO DE RODA CARRETA|7898468595021||8|00|40169300||40||18|
|0200|1839|MOLA PATIM 2 GOMO|||8|00|73209000||73||18|
|0200|1843|CAPA DO MANCAL TUBELESS MACHO|||8|00|87169090||87||18|
|0200|1844|CAPA DO MANCAL TUBELESS FEMEA|||8|00|87169090||87||18|
|0200|1852|ARRUELA DO EIXO S 38MM|||8|00|87169090||87||18|
|0200|1859|ROLETE DO PATIM 32MM|||8|00|87169090||87||18|
|0200|1883|FLEXIVEL DE FREIO M16XM16|||8|00|87169090||87||18|
|0200|1894|LONA DE FREIO TH4516|||8|00|68138190||68||18|
|0200|1896|REBITE 10X14 ALUMINIO MACICO|||8|00|73182300||73||18|
|0200|1902|CONECTOR M16 X T.12MM RAPIDO|||8|00|73071920||73||18|
|0200|1916|NIPLE M/M RETO 16MM|||8|00|73071920||73||18|
|0200|1921|PORCA SEX DUPLA 7/8|||8|00|73181600||73||18|
|0200|1923|CONECTOR M16 X T.16MM RAPIDO|||8|00|73071920||73||18|
|0200|1927|REDUTORA M/F 16X22MM|||8|00|73071920||73||18|
|0200|1929|PARAFUSO RODA DISCO 22X98|||8|00|73181500||73||18|
|0200|1957|THINNER PINTURA|7898011870063||4|00|38140090||38||18|
|0200|1961|DISCO SECO|5603902215586||59|00|68052000||68||18|
|0200|1980|PARAFUSO SEX 1/4X1|0000003257685||8|00|73181500||73||18|
|0200|1985|PARAFUSO SEX 5/8X5|0000004331957||8|00|73181500||73||18|
|0200|1987|CONECTOR M16 X T.10MM RAPIDO|||8|00|74122000||74||18|
|0200|20000484|CH COMBINADA 28MM GEDORE RED|7891504670225||1|00|82041100||82||18|
|0200|20000501|PA BICO C/CABO 120CM 77459544|7891117048701||1|00|82011000||82||18|
|0200|20000539|MANG CRISTAL 1/2X2,0|||23|00|39173900||39||18|
|0200|20000682|BICO CORTE AC 1502 NO6|||8|00|84689010||84||18|
|0200|200010006|PA SX MA 05X40 ACO 8.8 RI|||8|00|73181500||73||18|
|0200|20001496|ABRAC RSF 9MM 1/2X5/8 13-16|||8|00|73269090||73||18|
|0200|20001497|ABRAC RSF 9MM 5/8X3/4 16-19|||8|00|73269090||73||18|
|0200|20001595|LUVA NITRILICA GG|7893946034580||128|00|40151900||40||18|
|0200|20001606|VEDA ROSCA FIRLON 18X50|7898913604070||8|00|39209990||39||18|
|0200|20001678|ARRUELA LISA 5/8 56 PCS/KG|||1|00|73182200||73||18|
|0200|20001773|CRUZETA GALV 3/4|||8|00|73071990||73||18|
|0200|20001818|REBITE 614|7898423892134||8|00|83082000||83||18|
|0200|20001836|AR ENGATE RAPIDO 1/4 R MACHO 1/2|7898310833370||1|00|84811000||84||18|
|0200|20001853|AR ESPIGA FIXO MACHO 1/4X3/8|||8|00|73071920||73||18|
|0200|20001872|AR BUCHA RED 3/4X1/2|||1|00|73071920||73||18|
|0200|20001948|MANG AR/AGUA 1/2|||23|00|39173900||39||18|
|0200|20001976|CORRENTE 12.50MM POL 3,120KG X 1MT APROX|||6|00|73158200||73||18|
|0200|20002001|NIPLE GALV 3/4|||8|00|73071990||73||18|
|0200|20002017|TEE GALV 3/4|||8|00|73071990||73||18|
|0200|20002033|LUVA GALV 3/4|||1|00|73071990||73||18|
|0200|20002139|MACARICO CORTE FMC-532 3CANOS|||1|00|84681000||84||18|
|0200|20002156|MANILHA 5/8|||8|00|73269090||73||18|
|0200|20002273|GANCHO 02 TON COFORJA C/TRAVA|||8|00|73269090||73||18|
|0200|20002275|GANCHO 01 TON COFORJA C/TRAVA|||8|00|73269090||73||18|
|0200|20002464|BROCA 10MM VIDEA|||8|00|82071910||82||18|
|0200|20002475|CAIXA FERRAMENTA BAU E40 MARCON|||1|00|73269090||73||18|
|0200|20002587|PO SX AT 3/4 UNC|||8|00|73181600||73||18|
|0200|20002626|CHUMBADOR PBA 1/4X3 1/4|7897637129715||128|00|73181900||73||18|
|0200|20002705|PO SX MA 20X2,50|||8|00|73181600||73||18|
|0200|20002736|PA SX MA 16X80 ACO 8.8 RP|||8|00|73181500||73||18|
|0200|20002884|TRINCO REDONDO 8 ROCHA|||8|00|83014000||83||18|
|0200|20003426|PO SX AT 16 MA|||8|00|73181600||73||18|
|0200|20003535|BICO ENCHER MS5 STEULA|||8|00|84243090||84||18|
|0200|20003662|ELETRODO 46X2,50MM ESAB SERRALHEIRO|||6|00|83111000||83||18|
|0200|20003828|TINTA SPRAY AMARELO|7897757713689||8|00|32082019||32||18|
|0200|20003853|RODA CAMARA C/ROLAMENTO AZUL RPC117 EE M ETALPAMA|||1|00|87169090||87||18|
|0200|20004020|TELA ONDULADA GALV 5/8 F14|||23|00|73141900||73||18|
|0200|20004040|CALIBRADOR PNEU MS13C STEULA|7898015190020||8|00|90262090||90||18|
|0200|20004178|PO SX MA 05X0,80|||8|00|73181600||73||18|
|0200|20005119|REGULADOR ARGONIO OMEGA|||8|00|84682000||84||18|
|0200|20005211|CABO ACO PLAST 3/16|||23|00|73121090||73||18|
|0200|20005699|SOQUETE IMPACTO ENC 1X80MM|||8|00|82042000||82||18|
|0200|20005766|PO SX AT 16 MB|||8|00|73181600||73||18|
|0200|20005792|ANTI RESPINGO 350G PASTA|||8|00|38101020||38||18|
|0200|20005918|PA SX MB 8.8 16X50|||8|00|73181500||73||18|
|0200|20005987|PO SX AT 22 MA|||1|00|73181600||73||18|
|0200|20005989|PO SX AT 20 MA|||8|00|73181600||73||18|
|0200|20006973|NIPLE GALV RED 3/4X1/2|||8|00|39174090||39||18|
|0200|20007441|BROCA AR 18,50MM|||8|00|82075011||82||18|
|0200|20007791|BICO ENCHER DUPLO BC-119 STEULA|||8|00|84243090||84||18|
|0200|20008097|AR NIPLE RED 3/4X1/2|||1|00|73071920||73||18|
|0200|20008190|OLEO PNEUMATICO 1L VONDER|||5|00|27101932||27||18|
|0200|20009507|ABRAC TIPO U P/ CANO 1/2|7898939520033||8|00|73269090||73||18|
|0200|20009508|ABRAC TIPO U P/ CANO 3/4|7898939520040||1|00|73269090||73||18|
|0200|20010309|PO DUPLA MA 20MM|||8|00|73181600||73||18|
|0200|20010534|ESM 4 1/2 220V 800W DEWALT DWE4020-B2|||8|00|84672999||84||18|
|0200|20012384|PULVERIZADOR AGRIC 20L COSTAL KALA|||8|00|84244100||84||18|
|0200|20012583|PA SX UNC 9/16X1 ACO 8.8 RI|||8|00|82041100||82||18|
|0200|20014114|COTURNO MARROM BRACOL|||128|00|64029990||64||18|
|0200|20014497|TINTA ESMALTE VERMELHO MASSEY 3,6 LTS|||4|00|32089010||32||18|
|0200|20014884|PA SX MA 16X70 ACO 10.9 RP|||1|00|73181500||73||18|
|0200|20017415|ELETRODO 46X2,00MM UNA|||6|00|83111000||83||18|
|0200|20017723|ENXADA LARGA 2,0LB C/CABO TRAMONTINA 15704|||1|00|82013000||82||18|
|0200|20017959|PA SX MA 20X150 ACO 10.9 RP|||1|00|73181500||73||18|
|0200|20018441|VASELINA BORRACHEIRO 3 KG|||1|00|44071100||44||18|
|0200|20018512|PA AUTO BROC 5/16X3/4 ALUMINIZADO 14|||1|00|73181400||73||18|
|0200|20019944|DISCO CORTE INOX 4 1/2 STARRETT|||1|00|68042211||68||18|
|0200|20020152|ROUNDAP ZAPP QI620 1 LITRO|||5|00|38089324||38||18|
|0200|20020332|EXTENSAO P/PNEU PLASTICO 125MM|||1|00|84142000||84||18|
|0200|20020700|FILTRO REG/LUB 1/2 BEFC4000N FLUIR|||8|00|84213990||84||18|
|0200|20021241|PA SX MB 10.9 16X90|||1|00|73181500||73||18|
|0200|20021708|CALIBRADOR DIGITAL 0-145 PSI LOTUS|||1|00|90262090||90||18|
|0200|20022078|METALON 40X40|||8|00|73066100||73||18|
|0200|20022125|SOQUETE IMPACTO LONGO ENC 3/4X19MM|||1|00|82079000||82||18|
|0200|2144|VALVULA PUSH PULL M16|||8|00|87169090||87||18|
|0200|2145|VALVULA DRENO M22 X 1,5MM|||8|00|84818099||84||18|
|0200|2149|PARAFUSO PINO REI FLANGEADO 14X35|||8|00|73181500||73||18|
|0200|2314|PINO CENTRO 9/16X6|||8|00|73181500||73||18|
|0200|233900L070|CONJUNTO ELEMENTO FI|||8|00|84219999||84||18|
|0200|2388306|OLEO DO MOTOR SINTETICO GRANEL|||5|00|27101932||27||18|
|0200|2428584|GRAXA ESPECIAL CARDAN 18KG|||6|00|27101999||27||18|
|0200|2432|MONITOR AOC 19 POL USADO|||33|00|85285200||85||18|
|0200|2452|PORCA PARLOCK 3/4|0000003260302||8|00|73181600||73||18|
|0200|2466|PARAFUSO SEX 5/8X4|0000004325949||8|00|73181500||73||18|
|0200|2470|PINO CUICA 1/2X45X50|||8|00|73181500||73||18|
|0200|2471|PORCA SEX 9/16|0000003260357||8|00|73181600||73||18|
|0200|2477313|TAMPA DE ABASTECIMENTO|||8|00|87089990||87||18|
|0200|2491|PORCA SEX 5/16|0000004272663||8|00|73181600||73||18|
|0200|2494|PARAFUSO SEX 5/16X4.1/2|0000003258095||8|00|73181500||73||18|
|0200|27.34021|ESPUMA LIMPA TUDO|||1|00|34011190||34||18|
|0200|27.KIT|KIT LUBRIFICACAO|||1|00|34029019||34||18|
|0200|2846|PARAFUSO SEX 5/8X3|||8|00|73181500||73||18|
|0200|2854|GRAXEIRA 1/8 RETA|0000004320814||8|00|84879000||84||18|
|0200|2862|PORCA PARLOCK 3/8|0200004383318||8|00|73181600||73||18|
|0200|2878|FAIXA REFLETIVA PARACHOQUE|||8|00|39199090||39||18|
|0200|2879|FAIXA REFLETIVA LATERAL|||8|00|87169090||87||18|
|0200|2882|PARAFUSO SEX 1/2X1.1/2|0200004412629||8|00|73181500||73||18|
|0200|2883|PORCA PARLOCK 1/2|0000003260296||8|00|73181600||73||18|
|0200|2884|ARRUELA LISA 1/2|0000003258873||8|00|73182200||73||18|
|0200|2917|ARRUELA LISA 5/8|0000003258934||8|00|73182200||73||18|
|0200|2922|ARRUELA LISA 3/8|0000003258910||8|00|73182200||73||18|
|0200|2929|UNIAO 10MM RAPIDA|||8|00|87169090||87||18|
|0200|2949|CUICA 30X30 HASTE LONGA REFORCADA|7895732721018||8|00|87169090||87||18|
|0200|2964|PARAFUSO SEX 5/8X2|0000004338949||8|00|73181500||73||18|
|0200|2988|PARAFUSO SEX 5/16X1.1/2|0000003257999||8|00|73181500||73||18|
|0200|2989|ARRUELA LISA 3/4|0000003258903||8|00|73182200||73||18|
|0200|2993|PARAFUSO BROCANTE 5,5X3/4|0000004327837||8|00|73181400||73||18|
|0200|3008|PINO ANCORAGEM PATIM MASTER|||8|00|87169090||87||18|
|0200|3019|PARAFUSO SEX 3/8X1|0000003314418||8|00|73181500||73||18|
|0200|3050|PARAFUSO SEX 5/16X2|0000003258033||8|00|73181500||73||18|
|0200|3090|PARAFUSO SEX 1/2X5|||8|00|87169090||87||18|
|0200|3099|PORCA PARLOCK 24MM|||8|00|73181600||73||18|
|0200|313801101|CATRACA ESQ. TRACIONAMENTO LONA|||8|00|84834010||84||18|
|0200|3176|ARLA 32 GRANEL LT|||4|00|31021010||31||18|
|0200|320102002|GASOLINA ADITIVADA|||5|00|27101259||27||18|
|0200|3245|COTOVELO M16X10MM RAPIDO|||8|00|87169090||87||18|
|0200|3298|MONITOR LG FLATRON 19 USADO|||33|00|85285200||85||18|
|0200|3340|PARAFUSO SEX 5/16X5|0000004283768||8|00|73181500||73||18|
|0200|3347|TUBO TECALON 12MM|||23|00|39172900||39||18|
|0200|3425|MOLA CARRETA NOMA 90X560X560X7/16|||8|00|73201000||73||18|
|0200|3438|GRAMPO 7/8X92X380D|||8|00|73181500||73||18|
|0200|3692|PARAFUSO SEX 1/2X2|0000003385487||8|00|73181500||73||18|
|0200|3771|PARAFUSO RODA DISCO 22X110|||8|00|87169090||87||18|
|0200|3795|LANTERNA DE PLACA COM LED|||8|00|87163900||87||18|
|0200|3805|PORCA PARLOCK 20MM|0000003855720||8|00|73181600||73||18|
|0200|38536A|PASTILHA FREIO|7893026830217||44|00|87083019||87||18|
|0200|3877|PORCA PARLOCK 5/16|0000004305507||8|00|87169090||87||18|
|0200|3948|ANEL DO CUBO ABS|||8|00|90328921||90||18|
|0200|3976|ESPELHO DE RODA CARRETA RANDON RE|||8|00|87169090||87||18|
|0200|3981|CHAPA LISA RE|||6|00|87169090||87||18|
|0200|4196|FAIXA REFLETIVA VEICULO LONGO|||8|00|39205100||39||18|
|0200|4199|PORCA SEX 5/8|||8|00|73181600||73||18|
|0200|4313|TEE MACHO CENTRAL 16XT.10MM|||8|00|87169090||87||18|
|0200|4520|UNIAO ANTEPARO M16XT.10MM|||8|00|73071920||73||18|
|0200|4527|CHAPA DOBRADA RE|||6|00|87169090||87||18|
|0200|48133|COLA REMENDO CIMENTO PRETA 685 GR|||4|00|35069110||35||18|
|0200|4992|TAMPA DO CUBO PLASTICA 5 FUROS|||8|00|87169090||87||18|
|0200|500013|REFIL BEBEDOURO|||1|00|84212100||84||18|
|0200|500015|REFIL PA 230|||1|00|84212100||84||18|
|0200|5315|CABO PP 2X1|||23|00|87169090||87||18|
|0200|5381|UNIAO 16MM|||8|00|87169090||87||18|
|0200|5462|PARAFUSO SEX 3/4X4.1/2|0000004325574||8|00|87169090||87||18|
|0200|5943|BRACO TENSOR FIXO RANDON 2000|||8|00|87089990||87||18|
|0200|6019|CUPILHA 1/4X3|0200004433839||8|00|73182400||73||18|
|0200|6057|OLEO DIESEL B S-10 - COMUM|||5|07|27101921||27||18|
|0200|6107|LANTERNA TRASEIRA IMPL C/LED 24V 2009 LD|||8|00|85122023||85||18|
|0200|6108|LANTERNA TRASEIRA IMPL C/LED 24V 2009 LE|||8|00|85122029||85||18|
|0200|6110|TOMADA ELETRICA 7 POLOS FEMEA CARRETA|||8|00|85365090||85||18|
|0200|6280|CABO PP 7X1|||23|00|85444900||85||18|
|0200|6461|DESLIZANTE CARRETA FACCHINI MODERNA|||8|00|87169090||87||18|
|0200|6495|LANTERNA CORNETO LD 15/2/24V CABO CHATO|||8|00|87169090||87||18|
|0200|6496|LANTERNA CORNETO LE 15/2/24V CABO CHATO|||8|00|87169090||87||18|
|0200|6516|FITA LED VERMELHA|||23|00|87169090||87||18|
|0200|6598|PARAFUSO SEX 20X140|||8|00|73181500||73||18|
|0200|6742|ARLA 32 GRANEL|||5|00|31021010||31||18|
|0200|70051|CARCACA DE PNEU|||1|00|40122000||40||18|
|0200|70308700800061|OLEO DIESEL B S10 - COMUM|||16|00|27101921||27||18|
|0200|799|BUCHA DO EIXO S TUBELESS DE FERRO|||8|00|87089990||87||18|
|0200|87139YZZ75|ELEMENTO FILTRO DE A|||8|00|84219999||84||18|
|0200|882380021BR|FLUIDO, FREIO|||4|00|38190000||38||18|
|0200|888084530|OLEO LUBRIFICANTE PA|||54|00|27101932||27||18|
|0200|888491001|LIMPA PARABRISA|||1|00|34029039||34||18|
|0200|888581060|OLEO DIFERENCIAL LT|||54|00|34031900||34||18|
|0200|9043012031|JUNTA DE ALUMINIO DO|||8|00|76169900||76||18|
|0200|9043018008|JUNTA DE VEDACAO, EM|||8|00|40169300||40||18|
|0200|9043024017|JUNTA EM ALUMINIO, P|||8|00|76169900||76||18|
|0200|90915YZZD2|FILTRO DE OLEO, PARA|||8|00|84212990||84||18|
|0200|91042356000103|DIESEL B S10|||366|00|27101921|00|27||18|
|0200|91042356000299|ARRUELA LISA 1/4|||1|00|73182100||73||0|
|0200|91042356000491|OLEO DIESEL S10 COMUM|||5|00|27101921||27||0|
|0200|95832300850199|ARRUELA LISA 5/16|||1|00|73182100||73||18|
|0200|970|SSD 480GB KINGSTON SA400S37/480GB SATA|||33|00|84717040||84||18|
|0200|99947725150201|ARRUELA LISA 20MM|||8|00|73182200||73||18|
|0200|99947725150561|PORCA SEX 1/4|0000003260517||8|00|73181600||73||18|
|0200|99947725150620|FIXADOR DO ROLETE|||8|00|87169090||87||18|
|0200|99947725150621|MOLA PATIM MASTER 1 GOMO|||8|00|73209000||73||18|
|0200|99947725150628|OLEO DIESEL B S10|||5|00|27101921||27||18|
|0200|99947725150708|PARAFUSO SEX 5/16X1|0000003257982||8|00|73181500||73||0|
|0200|99947725150735|ARRUELA DO EIXO S 42MM|||8|00|73182200||73||18|
|0200|99947725150738|CUBO RODA DISCO FACCHINI RE|||8|00|87169090||87||18|
|0200|99947725150739|TRAVA DO EIXO S MEIA LUA|||8|00|73209000||73||18|
|0200|99947725150740|ARRUELA DO EIXO S 32MM|||8|00|87085091||87||18|
|0200|99947725150741|ANEL ORING EIXO S TUBELESS|||8|00|87083090||87||18|
|0200|99947725150742|BUCHA DO EIXO S TUBELESS DE PLASTICO|||8|00|87169090||87||18|
|0200|99947725150751|LANTERNA LATERAL BV/24 COM CABOS 85MM|||8|00|85122022||85||18|
|0200|99947725150807|PARAFUSO SEX 5/8X6|0200004352635||8|00|73181500||73||18|
|0200|99947725150808|PORCA PARLOCK 5/8|0000003260333||8|00|73181600||73||18|
|0200|99954011210145|GASOLINA COMUM|||5|00|27101259||27||0|
|0200|99954011210194|ENGATE RAPIDO FEMEA 16MM|||8|00|73071920||73||18|
|0200|99954011210214|MANGUEIRA ESPIRAL UNIVERSAL C/NIPLE AMARELA|||8|00|39174090||39||18|
|0200|99954011210215|ANEL TRAVA DO EIXO S 32MM|||8|00|73182900||73||18|
|0200|99954011210274|DIESEL S10 RENDMAX|||1145|00|27101921||27||18|
|0200|99954011210284|GASOLINA COMUM|||1145|00|27101259||27||18|
|0200|99954011210336|BUCHA TENSOR RANDON 2000|||8|00|87089990||87||18|
|0200|99954011210337|SUPORTE DA LANTERNA LATERAL CARRETA|||8|00|87169090||87||18|
|0200|99954011210366|TOMADA ELETRICA 7 POLOS MACHO CARRETA|||8|00|87082999||87||18|
|0200|99954011210368|VALVULA R12 M22XM16XM16|||8|00|87169090||87||18|
|0200|99954011210370|PINO TENSOR RANDON 2000|||8|00|73181500||73||18|
|0200|99954011210385|GASOLINA C COMUM|||5|00|27101259||27||18|
|0200|99954011210386|GASOLINA COMUM|||7|00|27101259||27||18|
|0200|99954011210387|MANCAL FERRADURA 50MM|||8|00|87169090||87||18|
|0200|99954011210388|GRAMPO 7/8X92X380C|||8|00|73181500||73||18|
|0200|99954011210389|CONJUNTO DE VALVULA TRISTOP|||8|00|87169090||87||18|
|0200|99954011210390|BUCHA DA BALANCA 50MM BI PARTIDA|||8|00|87169090||87||18|
|0200|99954011210391|TINTA ESMALTE CINZA SUB GRAY|7891452738947||4|00|32089010||32||18|
|0200|99954011210392|PINO CONICO TRAVANTE DA BALANCA|||8|00|87169090||87||18|
|0200|99954011210393|TEE UNIAO 10MM RAPIDO|||8|00|74122000||74||18|
|0200|99954011210394|PARAFUSO SEX 8X20|0000003000441||8|00|73181500||73||18|
|0200|99954011210395|FORQUILHA DA CUICA|||8|00|87169090||87||18|
|0200|99954011210396|DESLIZANTE CARRETA FACCHINI|||8|00|87169090||87||18|
|0200|99954011210397|GASOLINA COMUM LT|||7|00|27101259||27||0|
|0200|99954011210398|FM MODEL CCO SP|||1|00|00000000||00||18|
|0200|99954011210399|REPELENTE CONTRA INSETOS|||8|00|33049990||33||18|
|0200|99954011210412|DIESEL ORIGINAL IPIRANGA|||5|00|27101921||27||18|
|0200|99954011210413|GASOLINA COMUM|||5|00|27101259||27||18|
|0200|99954011210414|ORIGINAL GASOLINA|||5|00|27101259||27||18|
|0200|C1|GASOLINA A COMUM|||16|00|27101259||27||18|
|0200|C116|OLEO DIESEL B S10 - COMUM|||16|00|27101921||27||18|
|0200|CARE043501|LIMPADOR INTERNO DO|||8|00|38119090||38||18|
|0200|RE6453SMART|RE6453SMART - KIT EMB. SCANIA G 380 6X2/440/ 470 6X4/ R500 6X2 SERIE 5 430MM - SMART|||1|00|87089300||87||18|
|0200|RR 2695|INTERCOOLER RECONDICIONADO FH|||8|00|87089100||87||18|
|0200|RV03235|CATRACA MD FACCHINI LEVE NOVA LD|||1|00|73269090||73||18|
|0200|VO20524936|SENSOR|||8|00|90262090||90||18|
|0200|VO8291048|GRAXA|||1|00|27101999||27||18|
|0400|1916|RETORNO MERC/BRM REMET.P/CONSERTO|
|0400|1556|COMPRA MATERIAL USO E CONSUMO|
|0400|2556|COMPRA P USO E CONSUMO FORA DO ESTADO|
|0400|1653|COMPRA COMBUSTÕVEIS|
|0400|1407|COMPRA USO/CONSUMO.SUJ.SUBST.TRIBUT¡RIA|
|0500|01012020|04|A|5|312|FRETES E CARRETOS|3.01.01.09.01.99||
|0500|01012020|04|A|5|532|COMBUSTÕVEIS E LUBRIFICANTES|3.01.01.09.01.99||
|0500|01012020|01|A|5|582|MERCADORIA|1.01.03.01.01||
|0500|01012020|04|A|5|11320|SERVI«OS DE TRANSPORTES PRESTADOS|3.01.01.01.01.06||
|0500|01012020|04|A|5|3.1.01.01.03.00|COMPRA DE MERCADORIA P USO E CONSUMO|||
|0500|01012020|04|A|5|3.1.03.01.04.00|DEVOLUCAO DE VENDAS - TRIB.|||
|0500|01012020|04|A|5|3.5.01.01.02.00|CONTRIB. SOCIAL RECOLHER|||
|0500|01012020|04|A|5|10097|MATERIAL DE USO E CONSUMO|3.01.01.07.01.40||
|0900|0|0|0|0|0|0|0|0|0|0|0|0|0|0|
|0990|337|
|A001|1|
|A990|2|
|C001|0|
|C010|05367368000106|2|
|C100|0|1|FOR000000086|55|00|006|78406|35240404422548000180550060000784061202918563|11042024|11042024|590|2|67,07|0|657,07|9|0|0|0|0|0|0|0|0|9,74|44,84|0|0|
|C170|1|VO20524936||1|1|657,07|67,07|0|060|1407|1407|0|0|0|0|0|0||||0|0|0|51|590|1,65|||9,74|51|590|7,6|||44,84|3.1.01.01.03.00|
|C100|0|1|FOR000000095|55|00|001|309131|35240409112471000166550010003091311001377806|15042024|15042024|258,77|2|0|0|258,77|9|0|0|0|0|0|0|0|0|0|0|0|0|
|C170|1|C1||48,009|5|258,77|0|0|061|1653|1653|0|0|0|0|0|0||||0|0|0|70|0|0|||0|70|0|0|||0|3.1.01.01.03.00|
|C100|0|1|FOR000000095|55|00|001|309910|35240409112471000166550010003099101001385594|22042024|22042024|207,91|2|19|0|226,91|9|0|0|0|0|0|0|0|0|3,43|15,8|0|0|
|C170|1|C116||37,259|5|226,91|19|0|061|1653|1653|0|0|0|0|0|0||||0|0|0|51|207,91|1,65|||3,43|51|207,91|7,6|||15,8|3.1.01.01.03.00|
|C100|0|1|FOR000000095|55|00|001|309912|35240409112471000166550010003099121001385610|22042024|22042024|226,97|2|2,7|0|229,67|9|0|0|0|0|0|0|0|0|0|0|0|0|
|C170|1|C1||42,61|5|229,67|2,7|0|061|1653|1653|0|0|0|0|0|0||||0|0|0|70|0|0|||0|70|0|0|||0|3.1.01.01.03.00|
|C100|0|1|FOR000000129|55|00|001|148068|35240403703339000142550010001480681508774000|05042024|05042024|1438,34|2|125,06|0|1563,4|9|0|0|0|0|0|0|0|0|8,74|40,27|0|0|
|C170|1|1215710010||2|8|15|1,2|0|090|1556|1556|0|0|0|0|0|0||||0|0|0|70|0|0|||0|70|0|0|||0|3.1.01.01.03.00|
|C170|2|233900L070||1|8|316|25,28|0|060|1407|1407|0|0|0|0|0|0||||0|0|0|51|290,72|1,65|||4,8|51|290,72|7,6|||22,09|3.1.01.01.03.00|
|C170|3|9043012031||1|8|11,5|0,92|0|090|1556|1556|0|0|0|0|0|0||||0|0|0|70|0|0|||0|70|0|0|||0|3.1.01.01.03.00|
|C170|4|90915YZZD2||1|8|109|8,72|0|060|1407|1407|0|0|0|0|0|0||||0|0|0|51|100,28|1,65|||1,65|51|100,28|7,6|||7,62|3.1.01.01.03.00|
|C170|5|888491001||1|1|27|2,16|0|090|1556|1556|0|0|0|0|0|0||||0|0|0|70|0|0|||0|70|0|0|||0|3.1.01.01.03.00|
|C170|6|87139YZZ75||1|8|96|7,68|0|060|1407|1407|0|0|0|0|0|0||||0|0|0|51|88,32|1,65|||1,46|51|88,32|7,6|||6,71|3.1.01.01.03.00|
|C170|7|CARE043501||2|8|283,8|22,7|0|090|1556|1556|0|0|0|0|0|0||||0|0|0|70|0|0|||0|70|0|0|||0|3.1.01.01.03.00|
|C170|8|27.KIT||1|1|41,8|3,34|0|090|1556|1556|0|0|0|0|0|0||||0|0|0|70|0|0|||0|70|0|0|||0|3.1.01.01.03.00|
|C170|9|27.34021||1|1|55|4,4|0|060|1407|1407|0|0|0|0|0|0||||0|0|0|51|50,6|1,65|||0,83|51|50,6|7,6|||3,85|3.1.01.01.03.00|
|C170|10|888084530||7900|54|608,3|48,66|0|060|1653|1653|0|0|0|0|0|0||||0|0|0|70|0|0|||0|70|0|0|||0|3.1.01.01.03.00|
|C100|0|1|FOR000000129|55|00|001|148860|35240403703339000142550010001488601572188863|26042024|26042024|2283,56|2|225,83|0|2509,39|9|0|0|0|0|0|0|0|0|8,79|40,45|0|0|
|C170|1|882380021BR||2|4|121,8|10,96|0|090|1556|1556|0|0|0|0|0|0||||0|0|0|70|0|0|||0|70|0|0|||0|3.1.01.01.03.00|
|C170|2|888581060||5100|54|825,69|74,31|0|060|1653|1653|0|0|0|0|0|0||||0|0|0|70|0|0|||0|70|0|0|||0|3.1.01.01.03.00|
|C170|3|1215710010||3|8|22,5|2,02|0|090|1556|1556|0|0|0|0|0|0||||0|0|0|70|0|0|||0|70|0|0|||0|3.1.01.01.03.00|
|C170|4|233900L070||1|8|316|28,44|0|060|1407|1407|0|0|0|0|0|0||||0|0|0|51|287,56|1,65|||4,74|51|287,56|7,6|||21,85|3.1.01.01.03.00|
|C170|5|87139YZZ75||1|8|96|8,64|0|060|1407|1407|0|0|0|0|0|0||||0|0|0|51|87,36|1,65|||1,44|51|87,36|7,6|||6,64|3.1.01.01.03.00|
|C170|6|9043012031||1|8|11,5|1,03|0|090|1556|1556|0|0|0|0|0|0||||0|0|0|70|0|0|||0|70|0|0|||0|3.1.01.01.03.00|
|C170|7|9043018008||1|8|9|0,81|0|060|1407|1407|0|0|0|0|0|0||||0|0|0|51|8,19|1,65|||0,14|51|8,19|7,6|||0,62|3.1.01.01.03.00|
|C170|8|9043024017||1|8|9|0,81|0|090|1556|1556|0|0|0|0|0|0||||0|0|0|70|0|0|||0|70|0|0|||0|3.1.01.01.03.00|
|C170|9|90915YZZD2||1|8|109|9,81|0|060|1407|1407|0|0|0|0|0|0||||0|0|0|51|99,19|1,65|||1,64|51|99,19|7,6|||7,54|3.1.01.01.03.00|
|C170|10|27.34021||1|1|55|4,95|0|060|1407|1407|0|0|0|0|0|0||||0|0|0|51|50,05|1,65|||0,83|51|50,05|7,6|||3,8|3.1.01.01.03.00|
|C170|11|CARE043501||2|8|283,8|25,54|0|090|1556|1556|0|0|0|0|0|0||||0|0|0|70|0|0|||0|70|0|0|||0|3.1.01.01.03.00|
|C170|12|27.KIT||1|1|41,8|3,76|0|090|1556|1556|0|0|0|0|0|0||||0|0|0|70|0|0|||0|70|0|0|||0|3.1.01.01.03.00|
|C170|13|888084530||7900|54|608,3|54,75|0|060|1653|1653|0|0|0|0|0|0||||0|0|0|70|0|0|||0|70|0|0|||0|3.1.01.01.03.00|
|C100|0|1|FOR000000146|55|00|001|25459|35240416885484000303550010000254591011449001|02042024|02042024|189,9|2|0|0|189,9|9|0|0|0|0|0|0|0|0|3,13|14,43|0|0|
|C170|1|RV03235||1|1|189,9|0|0|090|1556|1556|0|0|0|0|0|0||||0|0|0|51|189,9|1,65|||3,13|51|189,9|7,6|||14,43|3.1.01.01.03.00|
|C100|0|1|FOR000000159|55|00|002|90721|35240434967574000155550020000907211092348115|10042024|10042024|166,29|2|0|0|166,29|9|0|0|0|0|0|0|0|0|2,74|12,64|0|0|
|C170|1|99954011210397||28,97|7|166,29|0|0|061|1653|1653|0|0|0|0|0|0||||0|0|0|51|166,29|1,65|||2,74|51|166,29|7,6|||12,64|3.1.01.01.03.00|
|C100|0|1|FOR000000235|55|00|001|33439|35240412976027000101550010000334391000166026|12042024|12042024|190,05|2|0|0|190,05|9|0|0|0|0|0|0|0|0|3,14|14,44|0|0|
|C170|1|C1||32,881|5|190,05|0|0|061|1653|1653|0|0|0|0|0|0||||0|0|0|51|190,05|1,65|||3,14|51|190,05|7,6|||14,44|3.1.01.01.03.00|
|C100|0|1|FOR000000235|55|00|001|33440|35240412976027000101550010000334401000166035|12042024|12042024|247,06|2|0|0|247,06|9|0|0|0|0|0|0|0|0|4,08|18,78|0|0|
|C170|1|C1||43,42|5|247,06|0|0|061|1653|1653|0|0|0|0|0|0||||0|0|0|51|247,06|1,65|||4,08|51|247,06|7,6|||18,78|3.1.01.01.03.00|
|C100|0|1|FOR000000235|55|00|001|33441|35240412976027000101550010000334411000166040|12042024|12042024|222,06|2|0|0|222,06|9|0|0|0|0|0|0|0|0|3,66|16,88|0|0|
|C170|1|C1||37,959|5|222,06|0|0|061|1653|1653|0|0|0|0|0|0||||0|0|0|51|222,06|1,65|||3,66|51|222,06|7,6|||16,88|3.1.01.01.03.00|
|C100|0|1|FOR000000235|55|00|001|33442|35240412976027000101550010000334421000166056|12042024|12042024|256,05|2|0|0|256,05|9|0|0|0|0|0|0|0|0|4,22|19,46|0|0|
|C170|1|C1||45|5|256,05|0|0|061|1653|1653|0|0|0|0|0|0||||0|0|0|51|256,05|1,65|||4,22|51|256,05|7,6|||19,46|3.1.01.01.03.00|
|C100|0|1|FOR000000235|55|00|001|33443|35240412976027000101550010000334431000166061|12042024|12042024|247,57|2|0|0|247,57|9|0|0|0|0|0|0|0|0|4,08|18,82|0|0|
|C170|1|C1||43,51|5|247,57|0|0|061|1653|1653|0|0|0|0|0|0||||0|0|0|51|247,57|1,65|||4,08|51|247,57|7,6|||18,82|3.1.01.01.03.00|
|C100|0|1|FOR000000235|55|00|001|33444|35240412976027000101550010000334441000166077|12042024|12042024|1619,94|2|0|0|1619,94|9|0|0|0|0|0|0|0|0|26,73|123,12|0|0|
|C170|1|70308700800061||266|5|1619,94|0|0|061|1653|1653|0|0|0|0|0|0||||0|0|0|51|1619,94|1,65|||26,73|51|1619,94|7,6|||123,12|3.1.01.01.03.00|
|C100|0|1|FOR000000307|55|00|021|294472|51240401549753000113550210002944721881440353|25042024|25042024|2519|2|0|0|2519|9|0|0|0|0|0|0|0|0|41,56|191,44|0|0|
|C170|1|1-2837180||1|8|1076,38|0|0|060|2407|1407|0|0|0|0|0|0||||0|0|0|51|1076,38|1,65|||17,76|51|1076,38|7,6|||81,8|3.1.01.01.03.00|
|C170|2|2388306||41|5|1368,58|0|0|060|2407|1407|0|0|0|0|0|0||||0|0|0|51|1368,58|1,65|||22,58|51|1368,58|7,6|||104,01|3.1.01.01.03.00|
|C170|3|2428584||1|6|74,04|0|0|060|2407|1407|0|0|0|0|0|0||||0|0|0|51|74,04|1,65|||1,22|51|74,04|7,6|||5,63|3.1.01.01.03.00|
|C100|0|1|FOR000000307|55|00|021|294473|51240401549753000113550210002944731831547500|25042024|25042024|358,95|2|0|0|358,95|9|0|0|0|0|0|0|0|0|5,92|27,28|0|0|
|C170|1|2477313||1|8|358,95|0|0|060|2407|1407|0|0|0|0|0|0||||0|0|0|51|358,95|1,65|||5,92|51|358,95|7,6|||27,28|3.1.01.01.03.00|
|C100|0|1|FOR000000328|55|00|054|248929|51240425152779000191550540002489291447771902|12042024|12042024|1584,9|2|0|0|1584,9|9|0|0|0|0|0|0|0|0|26,15|120,45|0|0|
|C170|1|6057||270|5|1584,9|0|0|061|2653|1653|0|0|0|0|0|0||||0|0|0|51|1584,9|1,65|||26,15|51|1584,9|7,6|||120,45|3.1.01.01.03.00|
|C100|0|1|FOR000000366|55|00|003|37880|52240433611070000135550030000378801983288466|21042024|21042024|3233,35|2|180,81|0|3414,16|9|0|0|0|0|0|0|0|0|53,35|245,73|0|0|
|C170|1|1233||565,036|7|3339,36|176,85|0|061|2653|1653|0|0|0|0|0|0||||0|0|0|51|3162,51|1,65|||52,18|51|3162,51|7,6|||240,35|3.1.01.01.03.00|
|C170|2|3176||25,02|7|74,8|3,96|0|090|2556|1556|0|0|0|0|0|0||||0|0|0|51|70,84|1,65|||1,17|51|70,84|7,6|||5,38|3.1.01.01.03.00|
|C100|0|1|FOR000000366|55|00|003|38004|52240433611070000135550030000380041162719209|25042024|25042024|4006,68|2|220,81|0|4227,49|9|0|0|0|0|0|0|0|0|66,11|304,51|0|0|
|C170|1|1233||690,012|7|4077,97|213|0|061|2653|1653|0|0|0|0|0|0||||0|0|0|51|3864,97|1,65|||63,77|51|3864,97|7,6|||293,74|3.1.01.01.03.00|
|C170|2|3176||50,01|7|149,52|7,81|0|090|2556|1556|0|0|0|0|0|0||||0|0|0|51|141,71|1,65|||2,34|51|141,71|7,6|||10,77|3.1.01.01.03.00|
|C100|0|1|FOR000000525|55|00|001|7520|35240426637216000156550010000075201860213607|10042024|10042024|2500|2|0|0|2500|9|0|0|0|0|0|0|0|0|41,25|190|0|0|
|C170|1|RE6453SMART||1|1|2500|0|0|060|1407|1407|0|0|0|0|0|0||||0|0|0|51|2500|1,65|||41,25|51|2500|7,6|||190|3.1.01.01.03.00|
|C100|0|1|FOR000000526|55|00|001|1088|35240428109770000196550010000010881880120100|16042024|16042024|1220|2|0|0|1220|9|0|0|0|0|0|0|0|0|20,13|92,72|0|0|
|C170|1|3298||1|33|320|0|0|060|1407|1407|0|0|0|0|0|0||||0|0|0|51|320|1,65|||5,28|51|320|7,6|||24,32|3.1.01.01.03.00|
|C170|2|2432||1|33|320|0|0|060|1407|1407|0|0|0|0|0|0||||0|0|0|51|320|1,65|||5,28|51|320|7,6|||24,32|3.1.01.01.03.00|
|C170|3|970||1|33|580|0|0|060|1407|1407|0|0|0|0|0|0||||0|0|0|51|580|1,65|||9,57|51|580|7,6|||44,08|3.1.01.01.03.00|
|C100|0|1|FOR000000637|55|00|001|274817|35240405437537000218550010002748171546221841|15042024|15042024|232,03|2|0|0|232,03|9|0|0|0|0|0|0|0|0|3,83|17,63|0|0|
|C170|1|38536A||1|44|232,03|0|0|060|1407|1407|0|0|0|0|0|0||||0|0|0|51|232,03|1,65|||3,83|51|232,03|7,6|||17,63|3.1.01.01.03.00|
|C100|0|1|FOR000000651|55|00|001|94580|35240405379744000182550010000945801000421612|01042024|01042024|173,09|2|0|0|173,09|9|0|0|0|0|0|0|0|0|2,86|13,15|0|0|
|C170|1|10011713||30,421|5|173,09|0|0|061|1653|1653|0|0|0|0|0|0||||0|0|0|51|173,09|1,65|||2,86|51|173,09|7,6|||13,15|3.1.01.01.03.00|
|C100|0|1|FOR000000651|55|00|001|94581|35240405379744000182550010000945811000421628|01042024|01042024|104,05|2|0|0|104,05|9|0|0|0|0|0|0|0|0|1,72|7,91|0|0|
|C170|1|10011674||17,371|5|104,05|0|0|061|1653|1653|0|0|0|0|0|0||||0|0|0|51|104,05|1,65|||1,72|51|104,05|7,6|||7,91|3.1.01.01.03.00|
|C100|0|1|FOR000000651|55|00|001|94582|35240405379744000182550010000945821000421633|01042024|01042024|170,36|2|0|0|170,36|9|0|0|0|0|0|0|0|0|2,81|12,95|0|0|
|C170|1|10011713||29,942|5|170,36|0|0|061|1653|1653|0|0|0|0|0|0||||0|0|0|51|170,36|1,65|||2,81|51|170,36|7,6|||12,95|3.1.01.01.03.00|
|C100|0|1|FOR000000651|55|00|001|94583|35240405379744000182550010000945831000421649|01042024|01042024|170,7|2|0|0|170,7|9|0|0|0|0|0|0|0|0|2,82|12,97|0|0|
|C170|1|10011713||30|5|170,7|0|0|061|1653|1653|0|0|0|0|0|0||||0|0|0|51|170,7|1,65|||2,82|51|170,7|7,6|||12,97|3.1.01.01.03.00|
|C100|0|1|FOR000000651|55|00|001|94584|35240405379744000182550010000945841000421654|01042024|01042024|158,85|2|0|0|158,85|9|0|0|0|0|0|0|0|0|2,62|12,07|0|0|
|C170|1|10011674||26,52|5|158,85|0|0|061|1653|1653|0|0|0|0|0|0||||0|0|0|51|158,85|1,65|||2,62|51|158,85|7,6|||12,07|3.1.01.01.03.00|
|C100|0|1|FOR000000651|55|00|001|94585|35240405379744000182550010000945851000421660|01042024|01042024|115,22|2|0|0|115,22|9|0|0|0|0|0|0|0|0|1,9|8,76|0|0|
|C170|1|10011713||20,251|5|115,22|0|0|061|1653|1653|0|0|0|0|0|0||||0|0|0|51|115,22|1,65|||1,9|51|115,22|7,6|||8,76|3.1.01.01.03.00|
|C100|0|1|FOR000000651|55|00|001|94586|35240405379744000182550010000945861000421675|01042024|01042024|220,64|2|0|0|220,64|9|0|0|0|0|0|0|0|0|3,64|16,77|0|0|
|C170|1|10011713||38,778|5|220,64|0|0|061|1653|1653|0|0|0|0|0|0||||0|0|0|51|220,64|1,65|||3,64|51|220,64|7,6|||16,77|3.1.01.01.03.00|
|C100|0|1|FOR000000651|55|00|001|94587|35240405379744000182550010000945871000421680|01042024|01042024|182,58|2|0|0|182,58|9|0|0|0|0|0|0|0|0|3,01|13,88|0|0|
|C170|1|10011674||30,481|5|182,58|0|0|061|1653|1653|0|0|0|0|0|0||||0|0|0|51|182,58|1,65|||3,01|51|182,58|7,6|||13,88|3.1.01.01.03.00|
|C100|0|1|FOR000000651|55|00|001|94588|35240405379744000182550010000945881000421696|01042024|01042024|5990|2|0|0|5990|9|0|0|0|0|0|0|0|0|98,84|455,24|0|0|
|C170|1|10011674||1000|5|5990|0|0|061|1653|1653|0|0|0|0|0|0||||0|0|0|51|5990|1,65|||98,84|51|5990|7,6|||455,24|3.1.01.01.03.00|
|C100|0|1|FOR000000651|55|00|001|94589|35240405379744000182550010000945891000421707|01042024|01042024|85,35|2|0|0|85,35|9|0|0|0|0|0|0|0|0|1,41|6,49|0|0|
|C170|1|10011713||15|5|85,35|0|0|061|1653|1653|0|0|0|0|0|0||||0|0|0|51|85,35|1,65|||1,41|51|85,35|7,6|||6,49|3.1.01.01.03.00|
|C100|0|1|FOR000000651|55|00|001|94590|35240405379744000182550010000945901000421716|01042024|01042024|227,62|2|0|0|227,62|9|0|0|0|0|0|0|0|0|3,76|17,3|0|0|
|C170|1|10011674||38,001|5|227,62|0|0|061|1653|1653|0|0|0|0|0|0||||0|0|0|51|227,62|1,65|||3,76|51|227,62|7,6|||17,3|3.1.01.01.03.00|
|C100|0|1|FOR000000651|55|00|001|94591|35240405379744000182550010000945911000421721|01042024|01042024|210,53|2|0|0|210,53|9|0|0|0|0|0|0|0|0|3,47|16|0|0|
|C170|1|10011713||37|5|210,53|0|0|061|1653|1653|0|0|0|0|0|0||||0|0|0|51|210,53|1,65|||3,47|51|210,53|7,6|||16|3.1.01.01.03.00|
|C100|0|1|FOR000000651|55|00|001|94592|35240405379744000182550010000945921000421737|01042024|01042024|220,43|2|0|0|220,43|9|0|0|0|0|0|0|0|0|3,64|16,75|0|0|
|C170|1|10011713||38,74|5|220,43|0|0|061|1653|1653|0|0|0|0|0|0||||0|0|0|51|220,43|1,65|||3,64|51|220,43|7,6|||16,75|3.1.01.01.03.00|
|C100|0|1|FOR000000651|55|00|001|94593|35240405379744000182550010000945931000421742|01042024|01042024|290,08|2|0|0|290,08|9|0|0|0|0|0|0|0|0|4,79|22,05|0|0|
|C170|1|10011674||48,429|5|290,08|0|0|061|1653|1653|0|0|0|0|0|0||||0|0|0|51|290,08|1,65|||4,79|51|290,08|7,6|||22,05|3.1.01.01.03.00|
|C100|0|1|FOR000000651|55|00|001|94598|35240405379744000182550010000945981000421790|02042024|02042024|162,48|2|0|0|162,48|9|0|0|0|0|0|0|0|0|2,68|12,35|0|0|
|C170|1|10011713||28,557|5|162,48|0|0|061|1653|1653|0|0|0|0|0|0||||0|0|0|51|162,48|1,65|||2,68|51|162,48|7,6|||12,35|3.1.01.01.03.00|
|C100|0|1|FOR000000651|55|00|001|94599|35240405379744000182550010000945991000421800|02042024|02042024|177,06|2|0|0|177,06|9|0|0|0|0|0|0|0|0|2,92|13,46|0|0|
|C170|1|10011713||31,118|5|177,06|0|0|061|1653|1653|0|0|0|0|0|0||||0|0|0|51|177,06|1,65|||2,92|51|177,06|7,6|||13,46|3.1.01.01.03.00|
|C100|0|1|FOR000000651|55|00|001|94600|35240405379744000182550010000946001000421811|02042024|02042024|56,9|2|0|0|56,9|9|0|0|0|0|0|0|0|0|0,94|4,32|0|0|
|C170|1|10011713||10|5|56,9|0|0|061|1653|1653|0|0|0|0|0|0||||0|0|0|51|56,9|1,65|||0,94|51|56,9|7,6|||4,32|3.1.01.01.03.00|
|C100|0|1|FOR000000651|55|00|001|94601|35240405379744000182550010000946011000421827|02042024|02042024|336,4|2|0|0|336,4|9|0|0|0|0|0|0|0|0|5,55|25,57|0|0|
|C170|1|10011674||56,161|5|336,4|0|0|061|1653|1653|0|0|0|0|0|0||||0|0|0|51|336,4|1,65|||5,55|51|336,4|7,6|||25,57|3.1.01.01.03.00|
|C100|0|1|FOR000000651|55|00|001|94602|35240405379744000182550010000946021000421832|02042024|02042024|227,6|2|0|0|227,6|9|0|0|0|0|0|0|0|0|3,76|17,3|0|0|
|C170|1|10011713||40|5|227,6|0|0|061|1653|1653|0|0|0|0|0|0||||0|0|0|51|227,6|1,65|||3,76|51|227,6|7,6|||17,3|3.1.01.01.03.00|
|C100|0|1|FOR000000651|55|00|001|94603|35240405379744000182550010000946031000421848|02042024|02042024|142,25|2|0|0|142,25|9|0|0|0|0|0|0|0|0|2,35|10,81|0|0|
|C170|1|10011713||25|5|142,25|0|0|061|1653|1653|0|0|0|0|0|0||||0|0|0|51|142,25|1,65|||2,35|51|142,25|7,6|||10,81|3.1.01.01.03.00|
|C100|0|1|FOR000000651|55|00|001|94616|35240405379744000182550010000946161000421978|02042024|02042024|90,04|2|0|0|90,04|9|0|0|0|0|0|0|0|0|1,49|6,84|0|0|
|C170|1|10011713||15,826|5|90,04|0|0|061|1653|1653|0|0|0|0|0|0||||0|0|0|51|90,04|1,65|||1,49|51|90,04|7,6|||6,84|3.1.01.01.03.00|
|C100|0|1|FOR000000651|55|00|001|94652|35240405379744000182550010000946521000422334|04042024|04042024|140,19|2|0|0|140,19|9|0|0|0|0|0|0|0|0|2,31|10,65|0|0|
|C170|1|10011713||24,639|5|140,19|0|0|061|1653|1653|0|0|0|0|0|0||||0|0|0|51|140,19|1,65|||2,31|51|140,19|7,6|||10,65|3.1.01.01.03.00|
|C100|0|1|FOR000000651|55|00|001|94653|35240405379744000182550010000946531000422340|04042024|04042024|220,03|2|0|0|220,03|9|0|0|0|0|0|0|0|0|3,63|16,72|0|0|
|C170|1|10011713||38,67|5|220,03|0|0|061|1653|1653|0|0|0|0|0|0||||0|0|0|51|220,03|1,65|||3,63|51|220,03|7,6|||16,72|3.1.01.01.03.00|
|C100|0|1|FOR000000651|55|00|001|94654|35240405379744000182550010000946541000422355|04042024|04042024|302,2|2|0|0|302,2|9|0|0|0|0|0|0|0|0|4,99|22,97|0|0|
|C170|1|10011674||50,451|5|302,2|0|0|061|1653|1653|0|0|0|0|0|0||||0|0|0|51|302,2|1,65|||4,99|51|302,2|7,6|||22,97|3.1.01.01.03.00|
|C100|0|1|FOR000000651|55|00|001|94655|35240405379744000182550010000946551000422360|04042024|04042024|118,86|2|0|0|118,86|9|0|0|0|0|0|0|0|0|1,96|9,03|0|0|
|C170|1|10011713||20,89|5|118,86|0|0|061|1653|1653|0|0|0|0|0|0||||0|0|0|51|118,86|1,65|||1,96|51|118,86|7,6|||9,03|3.1.01.01.03.00|
|C100|0|1|FOR000000651|55|00|001|94656|35240405379744000182550010000946561000422376|04042024|04042024|238,68|2|0|0|238,68|9|0|0|0|0|0|0|0|0|3,94|18,14|0|0|
|C170|1|10011674||39,848|5|238,68|0|0|061|1653|1653|0|0|0|0|0|0||||0|0|0|51|238,68|1,65|||3,94|51|238,68|7,6|||18,14|3.1.01.01.03.00|
|C100|0|1|FOR000000651|55|00|001|94657|35240405379744000182550010000946571000422381|04042024|04042024|89,53|2|0|0|89,53|9|0|0|0|0|0|0|0|0|1,48|6,8|0|0|
|C170|1|10011713||15,736|5|89,53|0|0|061|1653|1653|0|0|0|0|0|0||||0|0|0|51|89,53|1,65|||1,48|51|89,53|7,6|||6,8|3.1.01.01.03.00|
|C100|0|1|FOR000000651|55|00|001|94658|35240405379744000182550010000946581000422397|04042024|04042024|261,11|2|0|0|261,11|9|0|0|0|0|0|0|0|0|4,31|19,84|0|0|
|C170|1|10011713||45,89|5|261,11|0|0|061|1653|1653|0|0|0|0|0|0||||0|0|0|51|261,11|1,65|||4,31|51|261,11|7,6|||19,84|3.1.01.01.03.00|
|C100|0|1|FOR000000651|55|00|001|94659|35240405379744000182550010000946591000422408|04042024|04042024|73,57|2|0|0|73,57|9|0|0|0|0|0|0|0|0|1,21|5,59|0|0|
|C170|1|10011713||12,93|5|73,57|0|0|061|1653|1653|0|0|0|0|0|0||||0|0|0|51|73,57|1,65|||1,21|51|73,57|7,6|||5,59|3.1.01.01.03.00|
|C100|0|1|FOR000000651|55|00|001|94660|35240405379744000182550010000946601000422417|04042024|04042024|275,54|2|0|0|275,54|9|0|0|0|0|0|0|0|0|4,55|20,94|0|0|
|C170|1|10011674||46|5|275,54|0|0|061|1653|1653|0|0|0|0|0|0||||0|0|0|51|275,54|1,65|||4,55|51|275,54|7,6|||20,94|3.1.01.01.03.00|
|C100|0|1|FOR000000651|55|00|001|94661|35240405379744000182550010000946611000422422|04042024|04042024|220,36|2|0|0|220,36|9|0|0|0|0|0|0|0|0|3,64|16,75|0|0|
|C170|1|10011674||36,789|5|220,36|0|0|061|1653|1653|0|0|0|0|0|0||||0|0|0|51|220,36|1,65|||3,64|51|220,36|7,6|||16,75|3.1.01.01.03.00|
|C100|0|1|FOR000000651|55|00|001|94684|35240405379744000182550010000946841000422656|05042024|05042024|120,06|2|0|0|120,06|9|0|0|0|0|0|0|0|0|1,98|9,12|0|0|
|C170|1|10011713||21,101|5|120,06|0|0|061|1653|1653|0|0|0|0|0|0||||0|0|0|51|120,06|1,65|||1,98|51|120,06|7,6|||9,12|3.1.01.01.03.00|
|C100|0|1|FOR000000651|55|00|001|94685|35240405379744000182550010000946851000422661|05042024|05042024|227,62|2|0|0|227,62|9|0|0|0|0|0|0|0|0|3,76|17,3|0|0|
|C170|1|10011674||38|5|227,62|0|0|061|1653|1653|0|0|0|0|0|0||||0|0|0|51|227,62|1,65|||3,76|51|227,62|7,6|||17,3|3.1.01.01.03.00|
|C100|0|1|FOR000000651|55|00|001|94695|35240405379744000182550010000946951000422765|05042024|05042024|151,49|2|0|0|151,49|9|0|0|0|0|0|0|0|0|2,5|11,51|0|0|
|C170|1|10011674||25,291|5|151,49|0|0|061|1653|1653|0|0|0|0|0|0||||0|0|0|51|151,49|1,65|||2,5|51|151,49|7,6|||11,51|3.1.01.01.03.00|
|C100|0|1|FOR000000651|55|00|001|94696|35240405379744000182550010000946961000422770|05042024|05042024|267,02|2|0|0|267,02|9|0|0|0|0|0|0|0|0|4,41|20,29|0|0|
|C170|1|10011713||46,928|5|267,02|0|0|061|1653|1653|0|0|0|0|0|0||||0|0|0|51|267,02|1,65|||4,41|51|267,02|7,6|||20,29|3.1.01.01.03.00|
|C100|0|1|FOR000000651|55|00|001|94697|35240405379744000182550010000946971000422786|05042024|05042024|108,62|2|0|0|108,62|9|0|0|0|0|0|0|0|0|1,79|8,26|0|0|
|C170|1|10011713||19,09|5|108,62|0|0|061|1653|1653|0|0|0|0|0|0||||0|0|0|51|108,62|1,65|||1,79|51|108,62|7,6|||8,26|3.1.01.01.03.00|
|C100|0|1|FOR000000651|55|00|001|94698|35240405379744000182550010000946981000422791|05042024|05042024|118,26|2|0|0|118,26|9|0|0|0|0|0|0|0|0|1,95|8,99|0|0|
|C170|1|10011674||19,743|5|118,26|0|0|061|1653|1653|0|0|0|0|0|0||||0|0|0|51|118,26|1,65|||1,95|51|118,26|7,6|||8,99|3.1.01.01.03.00|
|C100|0|1|FOR000000651|55|00|001|94699|35240405379744000182550010000946991000422802|05042024|05042024|213,46|2|0|0|213,46|9|0|0|0|0|0|0|0|0|3,52|16,22|0|0|
|C170|1|10011713||37,516|5|213,46|0|0|061|1653|1653|0|0|0|0|0|0||||0|0|0|51|213,46|1,65|||3,52|51|213,46|7,6|||16,22|3.1.01.01.03.00|
|C100|0|1|FOR000000651|55|00|001|94709|35240405379744000182550010000947091000422908|06042024|06042024|210,07|2|0|0|210,07|9|0|0|0|0|0|0|0|0|3,47|15,97|0|0|
|C170|1|10011674||35,071|5|210,07|0|0|061|1653|1653|0|0|0|0|0|0||||0|0|0|51|210,07|1,65|||3,47|51|210,07|7,6|||15,97|3.1.01.01.03.00|
|C100|0|1|FOR000000651|55|00|001|94711|35240405379744000182550010000947111000422922|06042024|06042024|281,59|2|0|0|281,59|9|0|0|0|0|0|0|0|0|4,65|21,4|0|0|
|C170|1|10011674||47,011|5|281,59|0|0|061|1653|1653|0|0|0|0|0|0||||0|0|0|51|281,59|1,65|||4,65|51|281,59|7,6|||21,4|3.1.01.01.03.00|
|C100|0|1|FOR000000651|55|00|001|94712|35240405379744000182550010000947121000422938|06042024|06042024|265,01|2|0|0|265,01|9|0|0|0|0|0|0|0|0|4,37|20,14|0|0|
|C170|1|10011674||44,243|5|265,01|0|0|061|1653|1653|0|0|0|0|0|0||||0|0|0|51|265,01|1,65|||4,37|51|265,01|7,6|||20,14|3.1.01.01.03.00|
|C100|0|1|FOR000000651|55|00|001|94730|35240405379744000182550010000947301000423118|08042024|08042024|224,8|2|0|0|224,8|9|0|0|0|0|0|0|0|0|3,71|17,08|0|0|
|C170|1|10011713||39,508|5|224,8|0|0|061|1653|1653|0|0|0|0|0|0||||0|0|0|51|224,8|1,65|||3,71|51|224,8|7,6|||17,08|3.1.01.01.03.00|
|C100|0|1|FOR000000651|55|00|001|94731|35240405379744000182550010000947311000423123|08042024|08042024|214,05|2|0|0|214,05|9|0|0|0|0|0|0|0|0|3,53|16,27|0|0|
|C170|1|10011713||37,62|5|214,05|0|0|061|1653|1653|0|0|0|0|0|0||||0|0|0|51|214,05|1,65|||3,53|51|214,05|7,6|||16,27|3.1.01.01.03.00|
|C100|0|1|FOR000000651|55|00|001|94732|35240405379744000182550010000947321000423139|08042024|08042024|306,81|2|0|0|306,81|9|0|0|0|0|0|0|0|0|5,06|23,32|0|0|
|C170|1|10011674||51,221|5|306,81|0|0|061|1653|1653|0|0|0|0|0|0||||0|0|0|51|306,81|1,65|||5,06|51|306,81|7,6|||23,32|3.1.01.01.03.00|
|C100|0|1|FOR000000651|55|00|001|94733|35240405379744000182550010000947331000423144|08042024|08042024|185,1|2|0|0|185,1|9|0|0|0|0|0|0|0|0|3,05|14,07|0|0|
|C170|1|10011713||32,531|5|185,1|0|0|061|1653|1653|0|0|0|0|0|0||||0|0|0|51|185,1|1,65|||3,05|51|185,1|7,6|||14,07|3.1.01.01.03.00|
|C100|0|1|FOR000000651|55|00|001|94734|35240405379744000182550010000947341000423150|08042024|08042024|98,08|2|0|0|98,08|9|0|0|0|0|0|0|0|0|1,62|7,45|0|0|
|C170|1|10011713||17,238|5|98,08|0|0|061|1653|1653|0|0|0|0|0|0||||0|0|0|51|98,08|1,65|||1,62|51|98,08|7,6|||7,45|3.1.01.01.03.00|
|C100|0|1|FOR000000651|55|00|001|94736|35240405379744000182550010000947361000423170|08042024|08042024|282,48|2|0|0|282,48|9|0|0|0|0|0|0|0|0|4,66|21,47|0|0|
|C170|1|10011674||47,16|5|282,48|0|0|061|1653|1653|0|0|0|0|0|0||||0|0|0|51|282,48|1,65|||4,66|51|282,48|7,6|||21,47|3.1.01.01.03.00|
|C100|0|1|FOR000000651|55|00|001|94737|35240405379744000182550010000947371000423186|08042024|08042024|67,03|2|0|0|67,03|9|0|0|0|0|0|0|0|0|1,11|5,09|0|0|
|C170|1|10011713||11,781|5|67,03|0|0|061|1653|1653|0|0|0|0|0|0||||0|0|0|51|67,03|1,65|||1,11|51|67,03|7,6|||5,09|3.1.01.01.03.00|
|C100|0|1|FOR000000651|55|00|001|94738|35240405379744000182550010000947381000423191|08042024|08042024|130,68|2|0|0|130,68|9|0|0|0|0|0|0|0|0|2,16|9,93|0|0|
|C170|1|10011713||22,968|5|130,68|0|0|061|1653|1653|0|0|0|0|0|0||||0|0|0|51|130,68|1,65|||2,16|51|130,68|7,6|||9,93|3.1.01.01.03.00|
|C100|0|1|FOR000000651|55|00|001|94739|35240405379744000182550010000947391000423202|08042024|08042024|252,98|2|0|0|252,98|9|0|0|0|0|0|0|0|0|4,17|19,23|0|0|
|C170|1|10011713||44,461|5|252,98|0|0|061|1653|1653|0|0|0|0|0|0||||0|0|0|51|252,98|1,65|||4,17|51|252,98|7,6|||19,23|3.1.01.01.03.00|
|C100|0|1|FOR000000651|55|00|001|94823|35240405379744000182550010000948231000424042|09042024|09042024|175,01|2|0|0|175,01|9|0|0|0|0|0|0|0|0|2,89|13,3|0|0|
|C170|1|10011713||30,758|5|175,01|0|0|061|1653|1653|0|0|0|0|0|0||||0|0|0|51|175,01|1,65|||2,89|51|175,01|7,6|||13,3|3.1.01.01.03.00|
|C100|0|1|FOR000000651|55|00|001|94824|35240405379744000182550010000948241000424058|09042024|09042024|159,03|2|0|0|159,03|9|0|0|0|0|0|0|0|0|2,62|12,09|0|0|
|C170|1|10011713||27,95|5|159,03|0|0|061|1653|1653|0|0|0|0|0|0||||0|0|0|51|159,03|1,65|||2,62|51|159,03|7,6|||12,09|3.1.01.01.03.00|
|C100|0|1|FOR000000651|55|00|001|94825|35240405379744000182550010000948251000424063|09042024|09042024|183,46|2|0|0|183,46|9|0|0|0|0|0|0|0|0|3,03|13,94|0|0|
|C170|1|10011713||32,243|5|183,46|0|0|061|1653|1653|0|0|0|0|0|0||||0|0|0|51|183,46|1,65|||3,03|51|183,46|7,6|||13,94|3.1.01.01.03.00|
|C100|0|1|FOR000000651|55|00|001|94826|35240405379744000182550010000948261000424079|09042024|09042024|65,01|2|0|0|65,01|9|0|0|0|0|0|0|0|0|1,07|4,94|0|0|
|C170|1|10011713||11,426|5|65,01|0|0|061|1653|1653|0|0|0|0|0|0||||0|0|0|51|65,01|1,65|||1,07|51|65,01|7,6|||4,94|3.1.01.01.03.00|
|C100|0|1|FOR000000651|55|00|001|94827|35240405379744000182550010000948271000424084|09042024|09042024|159,32|2|0|0|159,32|9|0|0|0|0|0|0|0|0|2,63|12,11|0|0|
|C170|1|10011713||28|5|159,32|0|0|061|1653|1653|0|0|0|0|0|0||||0|0|0|51|159,32|1,65|||2,63|51|159,32|7,6|||12,11|3.1.01.01.03.00|
|C100|0|1|FOR000000651|55|00|001|94828|35240405379744000182550010000948281000424090|09042024|09042024|98,04|2|0|0|98,04|9|0|0|0|0|0|0|0|0|1,62|7,45|0|0|
|C170|1|10011713||17,231|5|98,04|0|0|061|1653|1653|0|0|0|0|0|0||||0|0|0|51|98,04|1,65|||1,62|51|98,04|7,6|||7,45|3.1.01.01.03.00|
|C100|0|1|FOR000000651|55|00|001|94831|35240405379744000182550010000948311000424125|09042024|09042024|87,67|2|0|0|87,67|9|0|0|0|0|0|0|0|0|1,45|6,66|0|0|
|C170|1|10011713||15,409|5|87,67|0|0|061|1653|1653|0|0|0|0|0|0||||0|0|0|51|87,67|1,65|||1,45|51|87,67|7,6|||6,66|3.1.01.01.03.00|
|C100|0|1|FOR000000651|55|00|001|94832|35240405379744000182550010000948321000424130|09042024|09042024|253,93|2|0|0|253,93|9|0|0|0|0|0|0|0|0|4,19|19,3|0|0|
|C170|1|10011713||44,629|5|253,93|0|0|061|1653|1653|0|0|0|0|0|0||||0|0|0|51|253,93|1,65|||4,19|51|253,93|7,6|||19,3|3.1.01.01.03.00|
|C100|0|1|FOR000000651|55|00|001|94836|35240405379744000182550010000948361000424172|10042024|10042024|157,51|2|0|0|157,51|9|0|0|0|0|0|0|0|0|2,6|11,97|0|0|
|C170|1|10011713||27,683|5|157,51|0|0|061|1653|1653|0|0|0|0|0|0||||0|0|0|51|157,51|1,65|||2,6|51|157,51|7,6|||11,97|3.1.01.01.03.00|
|C100|0|1|FOR000000651|55|00|001|94837|35240405379744000182550010000948371000424188|10042024|10042024|268,48|2|0|0|268,48|9|0|0|0|0|0|0|0|0|4,43|20,4|0|0|
|C170|1|10011713||47,186|5|268,48|0|0|061|1653|1653|0|0|0|0|0|0||||0|0|0|51|268,48|1,65|||4,43|51|268,48|7,6|||20,4|3.1.01.01.03.00|
|C100|0|1|FOR000000651|55|00|001|94870|35240405379744000182550010000948701000424514|11042024|11042024|225,16|2|0|0|225,16|9|0|0|0|0|0|0|0|0|3,72|17,11|0|0|
|C170|1|10011713||39,572|5|225,16|0|0|061|1653|1653|0|0|0|0|0|0||||0|0|0|51|225,16|1,65|||3,72|51|225,16|7,6|||17,11|3.1.01.01.03.00|
|C100|0|1|FOR000000651|55|00|001|94872|35240405379744000182550010000948721000424535|11042024|11042024|243,19|2|0|0|243,19|9|0|0|0|0|0|0|0|0|4,01|18,48|0|0|
|C170|1|10011674||40,6|5|243,19|0|0|061|1653|1653|0|0|0|0|0|0||||0|0|0|51|243,19|1,65|||4,01|51|243,19|7,6|||18,48|3.1.01.01.03.00|
|C100|0|1|FOR000000651|55|00|001|94873|35240405379744000182550010000948731000424540|11042024|11042024|302,99|2|0|0|302,99|9|0|0|0|0|0|0|0|0|5|23,03|0|0|
|C170|1|10011674||50,584|5|302,99|0|0|061|1653|1653|0|0|0|0|0|0||||0|0|0|51|302,99|1,65|||5|51|302,99|7,6|||23,03|3.1.01.01.03.00|
|C100|0|1|FOR000000651|55|00|001|94885|35240405379744000182550010000948851000424665|12042024|12042024|148,98|2|0|0|148,98|9|0|0|0|0|0|0|0|0|2,46|11,32|0|0|
|C170|1|10011713||26,183|5|148,98|0|0|061|1653|1653|0|0|0|0|0|0||||0|0|0|51|148,98|1,65|||2,46|51|148,98|7,6|||11,32|3.1.01.01.03.00|
|C100|0|1|FOR000000651|55|00|001|94886|35240405379744000182550010000948861000424670|12042024|12042024|120,06|2|0|0|120,06|9|0|0|0|0|0|0|0|0|1,98|9,12|0|0|
|C170|1|10011713||21,101|5|120,06|0|0|061|1653|1653|0|0|0|0|0|0||||0|0|0|51|120,06|1,65|||1,98|51|120,06|7,6|||9,12|3.1.01.01.03.00|
|C100|0|1|FOR000000651|55|00|001|94899|35240405379744000182550010000948991000424806|12042024|12042024|150,73|2|0|0|150,73|9|0|0|0|0|0|0|0|0|2,49|11,46|0|0|
|C170|1|10011713||26,491|5|150,73|0|0|061|1653|1653|0|0|0|0|0|0||||0|0|0|51|150,73|1,65|||2,49|51|150,73|7,6|||11,46|3.1.01.01.03.00|
|C100|0|1|FOR000000651|55|00|001|94904|35240405379744000182550010000949041000424859|13042024|13042024|254,01|2|0|0|254,01|9|0|0|0|0|0|0|0|0|4,19|19,3|0|0|
|C170|1|10011713||44,643|5|254,01|0|0|061|1653|1653|0|0|0|0|0|0||||0|0|0|51|254,01|1,65|||4,19|51|254,01|7,6|||19,3|3.1.01.01.03.00|
|C100|0|1|FOR000000651|55|00|001|94905|35240405379744000182550010000949051000424864|13042024|13042024|134,85|2|0|0|134,85|9|0|0|0|0|0|0|0|0|2,23|10,25|0|0|
|C170|1|10011713||23,7|5|134,85|0|0|061|1653|1653|0|0|0|0|0|0||||0|0|0|51|134,85|1,65|||2,23|51|134,85|7,6|||10,25|3.1.01.01.03.00|
|C100|0|1|FOR000000651|55|00|001|94907|35240405379744000182550010000949071000424885|13042024|13042024|250,39|2|23,58|0|273,97|9|0|0|0|0|0|0|0|0|4,13|19,03|0|0|
|C170|1|10011713||48,151|5|273,97|23,58|0|061|1653|1653|0|0|0|0|0|0||||0|0|0|51|250,39|1,65|||4,13|51|250,39|7,6|||19,03|3.1.01.01.03.00|
|C100|0|1|FOR000000651|55|00|001|94908|35240405379744000182550010000949081000424890|13042024|13042024|215,4|2|0|0|215,4|9|0|0|0|0|0|0|0|0|3,55|16,37|0|0|
|C170|1|10011713||37,857|5|215,4|0|0|061|1653|1653|0|0|0|0|0|0||||0|0|0|51|215,4|1,65|||3,55|51|215,4|7,6|||16,37|3.1.01.01.03.00|
|C100|0|1|FOR000000651|55|00|001|94936|35240405379744000182550010000949361000425174|15042024|15042024|163,14|2|0|0|163,14|9|0|0|0|0|0|0|0|0|2,69|12,4|0|0|
|C170|1|10011713||28,673|5|163,14|0|0|061|1653|1653|0|0|0|0|0|0||||0|0|0|51|163,14|1,65|||2,69|51|163,14|7,6|||12,4|3.1.01.01.03.00|
|C100|0|1|FOR000000651|55|00|001|94941|35240405379744000182550010000949411000425220|15042024|15042024|242,04|2|0|0|242,04|9|0|0|0|0|0|0|0|0|3,99|18,4|0|0|
|C170|1|10011713||42,538|5|242,04|0|0|061|1653|1653|0|0|0|0|0|0||||0|0|0|51|242,04|1,65|||3,99|51|242,04|7,6|||18,4|3.1.01.01.03.00|
|C100|0|1|FOR000000651|55|00|001|94950|35240405379744000182550010000949501000425300|15042024|15042024|184,07|2|0|0|184,07|9|0|0|0|0|0|0|0|0|3,04|13,99|0|0|
|C170|1|10011674||30,73|5|184,07|0|0|061|1653|1653|0|0|0|0|0|0||||0|0|0|51|184,07|1,65|||3,04|51|184,07|7,6|||13,99|3.1.01.01.03.00|
|C100|0|1|FOR000000651|55|00|001|94961|35240405379744000182550010000949611000425428|15042024|15042024|157,1|2|0|0|157,1|9|0|0|0|0|0|0|0|0|2,59|11,94|0|0|
|C170|1|10011713||27,61|5|157,1|0|0|061|1653|1653|0|0|0|0|0|0||||0|0|0|51|157,1|1,65|||2,59|51|157,1|7,6|||11,94|3.1.01.01.03.00|
|C100|0|1|FOR000000651|55|00|001|94965|35240405379744000182550010000949651000425460|15042024|15042024|245,49|2|0|0|245,49|9|0|0|0|0|0|0|0|0|4,05|18,66|0|0|
|C170|1|10011713||43,145|5|245,49|0|0|061|1653|1653|0|0|0|0|0|0||||0|0|0|51|245,49|1,65|||4,05|51|245,49|7,6|||18,66|3.1.01.01.03.00|
|C100|0|1|FOR000000651|55|00|001|94966|35240405379744000182550010000949661000425475|15042024|15042024|171,15|2|0|0|171,15|9|0|0|0|0|0|0|0|0|2,82|13,01|0|0|
|C170|1|10011674||28,574|5|171,15|0|0|061|1653|1653|0|0|0|0|0|0||||0|0|0|51|171,15|1,65|||2,82|51|171,15|7,6|||13,01|3.1.01.01.03.00|
|C100|0|1|FOR000000651|55|00|001|94967|35240405379744000182550010000949671000425480|15042024|15042024|233,29|2|0|0|233,29|9|0|0|0|0|0|0|0|0|3,85|17,73|0|0|
|C170|1|10011713||41|5|233,29|0|0|061|1653|1653|0|0|0|0|0|0||||0|0|0|51|233,29|1,65|||3,85|51|233,29|7,6|||17,73|3.1.01.01.03.00|
|C100|0|1|FOR000000651|55|00|001|94968|35240405379744000182550010000949681000425496|15042024|15042024|113,8|2|0|0|113,8|9|0|0|0|0|0|0|0|0|1,88|8,65|0|0|
|C170|1|10011713||20|5|113,8|0|0|061|1653|1653|0|0|0|0|0|0||||0|0|0|51|113,8|1,65|||1,88|51|113,8|7,6|||8,65|3.1.01.01.03.00|
|C100|0|1|FOR000000651|55|00|001|94980|35240405379744000182550010000949801000425610|15042024|15042024|105,04|2|0|0|105,04|9|0|0|0|0|0|0|0|0|1,73|7,98|0|0|
|C170|1|10011713||18,461|5|105,04|0|0|061|1653|1653|0|0|0|0|0|0||||0|0|0|51|105,04|1,65|||1,73|51|105,04|7,6|||7,98|3.1.01.01.03.00|
|C100|0|1|FOR000000651|55|00|001|94981|35240405379744000182550010000949811000425625|15042024|15042024|262,08|2|0|0|262,08|9|0|0|0|0|0|0|0|0|4,32|19,92|0|0|
|C170|1|10011713||46,06|5|262,08|0|0|061|1653|1653|0|0|0|0|0|0||||0|0|0|51|262,08|1,65|||4,32|51|262,08|7,6|||19,92|3.1.01.01.03.00|
|C100|0|1|FOR000000651|55|00|001|95024|35240405379744000182550010000950241000426051|16042024|16042024|260,61|2|0|0|260,61|9|0|0|0|0|0|0|0|0|4,3|19,81|0|0|
|C170|1|10011674||43,509|5|260,61|0|0|061|1653|1653|0|0|0|0|0|0||||0|0|0|51|260,61|1,65|||4,3|51|260,61|7,6|||19,81|3.1.01.01.03.00|
|C100|0|1|FOR000000651|55|00|001|95025|35240405379744000182550010000950251000426067|16042024|16042024|271,02|2|0|0|271,02|9|0|0|0|0|0|0|0|0|4,47|20,6|0|0|
|C170|1|10011713||47,632|5|271,02|0|0|061|1653|1653|0|0|0|0|0|0||||0|0|0|51|271,02|1,65|||4,47|51|271,02|7,6|||20,6|3.1.01.01.03.00|
|C100|0|1|FOR000000651|55|00|001|95026|35240405379744000182550010000950261000426072|16042024|16042024|160,06|2|0|0|160,06|9|0|0|0|0|0|0|0|0|2,64|12,16|0|0|
|C170|1|10011713||28,131|5|160,06|0|0|061|1653|1653|0|0|0|0|0|0||||0|0|0|51|160,06|1,65|||2,64|51|160,06|7,6|||12,16|3.1.01.01.03.00|
|C100|0|1|FOR000000651|55|00|001|95032|35240405379744000182550010000950321000426134|17042024|17042024|135,89|2|0|0|135,89|9|0|0|0|0|0|0|0|0|2,24|10,33|0|0|
|C170|1|10011713||23,884|5|135,89|0|0|061|1653|1653|0|0|0|0|0|0||||0|0|0|51|135,89|1,65|||2,24|51|135,89|7,6|||10,33|3.1.01.01.03.00|
|C100|0|1|FOR000000651|55|00|001|95040|35240405379744000182550010000950401000426217|18042024|18042024|383,36|2|0|0|383,36|9|0|0|0|0|0|0|0|0|6,33|29,14|0|0|
|C170|1|10011674||64|5|383,36|0|0|061|1653|1653|0|0|0|0|0|0||||0|0|0|51|383,36|1,65|||6,33|51|383,36|7,6|||29,14|3.1.01.01.03.00|
|C100|0|1|FOR000000651|55|00|001|95041|35240405379744000182550010000950411000426222|18042024|18042024|156,07|2|0|0|156,07|9|0|0|0|0|0|0|0|0|2,58|11,86|0|0|
|C170|1|10011713||27,429|5|156,07|0|0|061|1653|1653|0|0|0|0|0|0||||0|0|0|51|156,07|1,65|||2,58|51|156,07|7,6|||11,86|3.1.01.01.03.00|
|C100|0|1|FOR000000651|55|00|001|95076|35240405379744000182550010000950761000426570|19042024|19042024|148,38|2|0|0|148,38|9|0|0|0|0|0|0|0|0|2,45|11,28|0|0|
|C170|1|10011713||26,079|5|148,38|0|0|061|1653|1653|0|0|0|0|0|0||||0|0|0|51|148,38|1,65|||2,45|51|148,38|7,6|||11,28|3.1.01.01.03.00|
|C100|0|1|FOR000000651|55|00|001|95077|35240405379744000182550010000950771000426586|19042024|19042024|369,86|2|0|0|369,86|9|0|0|0|0|0|0|0|0|6,1|28,11|0|0|
|C170|1|10011674||61,747|5|369,86|0|0|061|1653|1653|0|0|0|0|0|0||||0|0|0|51|369,86|1,65|||6,1|51|369,86|7,6|||28,11|3.1.01.01.03.00|
|C100|0|1|FOR000000651|55|00|001|95078|35240405379744000182550010000950781000426591|19042024|19042024|137,5|2|0|0|137,5|9|0|0|0|0|0|0|0|0|2,27|10,45|0|0|
|C170|1|10011713||24,166|5|137,5|0|0|061|1653|1653|0|0|0|0|0|0||||0|0|0|51|137,5|1,65|||2,27|51|137,5|7,6|||10,45|3.1.01.01.03.00|
|C100|0|1|FOR000000651|55|00|001|95079|35240405379744000182550010000950791000426602|19042024|19042024|372,6|2|0|0|372,6|9|0|0|0|0|0|0|0|0|6,15|28,32|0|0|
|C170|1|10011674||62,204|5|372,6|0|0|061|1653|1653|0|0|0|0|0|0||||0|0|0|51|372,6|1,65|||6,15|51|372,6|7,6|||28,32|3.1.01.01.03.00|
|C100|0|1|FOR000000651|55|00|001|95097|35240405379744000182550010000950971000426783|20042024|20042024|127,94|2|0|0|127,94|9|0|0|0|0|0|0|0|0|2,11|9,72|0|0|
|C170|1|10011674||21,36|5|127,94|0|0|061|1653|1653|0|0|0|0|0|0||||0|0|0|51|127,94|1,65|||2,11|51|127,94|7,6|||9,72|3.1.01.01.03.00|
|C100|0|1|FOR000000651|55|00|001|95098|35240405379744000182550010000950981000426799|20042024|20042024|23,78|2|0|0|23,78|9|0|0|0|0|0|0|0|0|0,39|1,81|0|0|
|C170|1|10011713||4,18|5|23,78|0|0|061|1653|1653|0|0|0|0|0|0||||0|0|0|51|23,78|1,65|||0,39|51|23,78|7,6|||1,81|3.1.01.01.03.00|
|C100|0|1|FOR000000651|55|00|001|95099|35240405379744000182550010000950991000426800|20042024|20042024|142,79|2|0|0|142,79|9|0|0|0|0|0|0|0|0|2,36|10,85|0|0|
|C170|1|10011713||25,095|5|142,79|0|0|061|1653|1653|0|0|0|0|0|0||||0|0|0|51|142,79|1,65|||2,36|51|142,79|7,6|||10,85|3.1.01.01.03.00|
|C100|0|1|FOR000000651|55|00|001|95100|35240405379744000182550010000951001000426810|20042024|20042024|53,03|2|0|0|53,03|9|0|0|0|0|0|0|0|0|0,87|4,03|0|0|
|C170|1|10011713||9,32|5|53,03|0|0|061|1653|1653|0|0|0|0|0|0||||0|0|0|51|53,03|1,65|||0,87|51|53,03|7,6|||4,03|3.1.01.01.03.00|
|C100|0|1|FOR000000651|55|00|001|95101|35240405379744000182550010000951011000426826|20042024|20042024|230,14|2|0|0|230,14|9|0|0|0|0|0|0|0|0|3,8|17,49|0|0|
|C170|1|10011674||38,422|5|230,14|0|0|061|1653|1653|0|0|0|0|0|0||||0|0|0|51|230,14|1,65|||3,8|51|230,14|7,6|||17,49|3.1.01.01.03.00|
|C100|0|1|FOR000000651|55|00|001|95102|35240405379744000182550010000951021000426831|20042024|20042024|261,76|2|0|0|261,76|9|0|0|0|0|0|0|0|0|4,32|19,89|0|0|
|C170|1|10011674||43,7|5|261,76|0|0|061|1653|1653|0|0|0|0|0|0||||0|0|0|51|261,76|1,65|||4,32|51|261,76|7,6|||19,89|3.1.01.01.03.00|
|C100|0|1|FOR000000651|55|00|001|95103|35240405379744000182550010000951031000426847|20042024|20042024|217,02|2|0|0|217,02|9|0|0|0|0|0|0|0|0|3,58|16,49|0|0|
|C170|1|10011713||38,141|5|217,02|0|0|061|1653|1653|0|0|0|0|0|0||||0|0|0|51|217,02|1,65|||3,58|51|217,02|7,6|||16,49|3.1.01.01.03.00|
|C100|0|1|FOR000000651|55|00|001|95104|35240405379744000182550010000951041000426852|20042024|20042024|299,57|2|0|0|299,57|9|0|0|0|0|0|0|0|0|4,94|22,77|0|0|
|C170|1|10011674||50,013|5|299,57|0|0|061|1653|1653|0|0|0|0|0|0||||0|0|0|51|299,57|1,65|||4,94|51|299,57|7,6|||22,77|3.1.01.01.03.00|
|C100|0|1|FOR000000651|55|00|001|95115|35240405379744000182550010000951151000426961|22042024|22042024|100,04|2|0|0|100,04|9|0|0|0|0|0|0|0|0|1,65|7,6|0|0|
|C170|1|10011713||17,583|5|100,04|0|0|061|1653|1653|0|0|0|0|0|0||||0|0|0|51|100,04|1,65|||1,65|51|100,04|7,6|||7,6|3.1.01.01.03.00|
|C100|0|1|FOR000000651|55|00|001|95116|35240405379744000182550010000951161000426977|22042024|22042024|176,05|2|0|0|176,05|9|0|0|0|0|0|0|0|0|2,9|13,38|0|0|
|C170|1|10011713||30,941|5|176,05|0|0|061|1653|1653|0|0|0|0|0|0||||0|0|0|51|176,05|1,65|||2,9|51|176,05|7,6|||13,38|3.1.01.01.03.00|
|C100|0|1|FOR000000651|55|00|001|95117|35240405379744000182550010000951171000426982|22042024|22042024|289,89|2|0|0|289,89|9|0|0|0|0|0|0|0|0|4,78|22,03|0|0|
|C170|1|10011674||48,396|5|289,89|0|0|061|1653|1653|0|0|0|0|0|0||||0|0|0|51|289,89|1,65|||4,78|51|289,89|7,6|||22,03|3.1.01.01.03.00|
|C100|0|1|FOR000000651|55|00|001|95118|35240405379744000182550010000951181000426998|22042024|22042024|218,56|2|0|0|218,56|9|0|0|0|0|0|0|0|0|3,61|16,61|0|0|
|C170|1|10011713||38,412|5|218,56|0|0|061|1653|1653|0|0|0|0|0|0||||0|0|0|51|218,56|1,65|||3,61|51|218,56|7,6|||16,61|3.1.01.01.03.00|
|C100|0|1|FOR000000651|55|00|001|95119|35240405379744000182550010000951191000427002|22042024|22042024|200|2|0|0|200|9|0|0|0|0|0|0|0|0|3,3|15,2|0|0|
|C170|1|10011713||35,15|5|200|0|0|061|1653|1653|0|0|0|0|0|0||||0|0|0|51|200|1,65|||3,3|51|200|7,6|||15,2|3.1.01.01.03.00|
|C100|0|1|FOR000000651|55|00|001|95120|35240405379744000182550010000951201000427011|22042024|22042024|247,81|2|0|0|247,81|9|0|0|0|0|0|0|0|0|4,09|18,83|0|0|
|C170|1|10011674||41,371|5|247,81|0|0|061|1653|1653|0|0|0|0|0|0||||0|0|0|51|247,81|1,65|||4,09|51|247,81|7,6|||18,83|3.1.01.01.03.00|
|C100|0|1|FOR000000651|55|00|001|95121|35240405379744000182550010000951211000427027|22042024|22042024|286,02|2|0|0|286,02|9|0|0|0|0|0|0|0|0|4,72|21,74|0|0|
|C170|1|10011674||47,75|5|286,02|0|0|061|1653|1653|0|0|0|0|0|0||||0|0|0|51|286,02|1,65|||4,72|51|286,02|7,6|||21,74|3.1.01.01.03.00|
|C100|0|1|FOR000000651|55|00|001|95138|35240405379744000182550010000951381000427199|22042024|22042024|193|2|0|0|193|9|0|0|0|0|0|0|0|0|3,18|14,67|0|0|
|C170|1|10011713||33,92|5|193|0|0|061|1653|1653|0|0|0|0|0|0||||0|0|0|51|193|1,65|||3,18|51|193|7,6|||14,67|3.1.01.01.03.00|
|C100|0|1|FOR000000651|55|00|001|95178|35240405379744000182550010000951781000427585|22042024|22042024|218,04|2|0|0|218,04|9|0|0|0|0|0|0|0|0|3,6|16,57|0|0|
|C170|1|10011713||38,32|5|218,04|0|0|061|1653|1653|0|0|0|0|0|0||||0|0|0|51|218,04|1,65|||3,6|51|218,04|7,6|||16,57|3.1.01.01.03.00|
|C100|0|1|FOR000000651|55|00|001|95179|35240405379744000182550010000951791000427590|22042024|22042024|270,02|2|0|0|270,02|9|0|0|0|0|0|0|0|0|4,46|20,52|0|0|
|C170|1|10011674||45,08|5|270,02|0|0|061|1653|1653|0|0|0|0|0|0||||0|0|0|51|270,02|1,65|||4,46|51|270,02|7,6|||20,52|3.1.01.01.03.00|
|C100|0|1|FOR000000651|55|00|001|95180|35240405379744000182550010000951801000427605|22042024|22042024|31,18|2|0|0|31,18|9|0|0|0|0|0|0|0|0|0,51|2,37|0|0|
|C170|1|10011713||5,48|5|31,18|0|0|061|1653|1653|0|0|0|0|0|0||||0|0|0|51|31,18|1,65|||0,51|51|31,18|7,6|||2,37|3.1.01.01.03.00|
|C100|0|1|FOR000000651|55|00|001|95181|35240405379744000182550010000951811000427610|22042024|22042024|183,45|2|0|0|183,45|9|0|0|0|0|0|0|0|0|3,03|13,94|0|0|
|C170|1|10011713||32,241|5|183,45|0|0|061|1653|1653|0|0|0|0|0|0||||0|0|0|51|183,45|1,65|||3,03|51|183,45|7,6|||13,94|3.1.01.01.03.00|
|C100|0|1|FOR000000651|55|00|001|95184|35240405379744000182550010000951841000427647|22042024|22042024|287,02|2|0|0|287,02|9|0|0|0|0|0|0|0|0|4,74|21,81|0|0|
|C170|1|10011674||47,918|5|287,02|0|0|061|1653|1653|0|0|0|0|0|0||||0|0|0|51|287,02|1,65|||4,74|51|287,02|7,6|||21,81|3.1.01.01.03.00|
|C100|0|1|FOR000000651|55|00|001|95191|35240405379744000182550010000951911000427714|23042024|23042024|263,42|2|0|0|263,42|9|0|0|0|0|0|0|0|0|4,35|20,02|0|0|
|C170|1|10011674||43,978|5|263,42|0|0|061|1653|1653|0|0|0|0|0|0||||0|0|0|51|263,42|1,65|||4,35|51|263,42|7,6|||20,02|3.1.01.01.03.00|
|C100|0|1|FOR000000651|55|00|001|95192|35240405379744000182550010000951921000427720|23042024|23042024|70,04|2|0|0|70,04|9|0|0|0|0|0|0|0|0|1,16|5,32|0|0|
|C170|1|10011713||12,31|5|70,04|0|0|061|1653|1653|0|0|0|0|0|0||||0|0|0|51|70,04|1,65|||1,16|51|70,04|7,6|||5,32|3.1.01.01.03.00|
|C100|0|1|FOR000000651|55|00|001|95193|35240405379744000182550010000951931000427735|23042024|23042024|210,02|2|0|0|210,02|9|0|0|0|0|0|0|0|0|3,47|15,96|0|0|
|C170|1|10011713||36,911|5|210,02|0|0|061|1653|1653|0|0|0|0|0|0||||0|0|0|51|210,02|1,65|||3,47|51|210,02|7,6|||15,96|3.1.01.01.03.00|
|C100|0|1|FOR000000651|55|00|001|95194|35240405379744000182550010000951941000427740|23042024|23042024|212,33|2|0|0|212,33|9|0|0|0|0|0|0|0|0|3,5|16,14|0|0|
|C170|1|10011674||35,449|5|212,33|0|0|061|1653|1653|0|0|0|0|0|0||||0|0|0|51|212,33|1,65|||3,5|51|212,33|7,6|||16,14|3.1.01.01.03.00|
|C100|0|1|FOR000000651|55|00|001|95196|35240405379744000182550010000951961000427761|23042024|23042024|170,7|2|0|0|170,7|9|0|0|0|0|0|0|0|0|2,82|12,97|0|0|
|C170|1|10011713||30|5|170,7|0|0|061|1653|1653|0|0|0|0|0|0||||0|0|0|51|170,7|1,65|||2,82|51|170,7|7,6|||12,97|3.1.01.01.03.00|
|C100|0|1|FOR000000651|55|00|001|95197|35240405379744000182550010000951971000427777|23042024|23042024|246,21|2|0|0|246,21|9|0|0|0|0|0|0|0|0|4,06|18,71|0|0|
|C170|1|10011713||43,271|5|246,21|0|0|061|1653|1653|0|0|0|0|0|0||||0|0|0|51|246,21|1,65|||4,06|51|246,21|7,6|||18,71|3.1.01.01.03.00|
|C100|0|1|FOR000000651|55|00|001|95201|35240405379744000182550010000952011000427810|23042024|23042024|94,02|2|0|0|94,02|9|0|0|0|0|0|0|0|0|1,55|7,15|0|0|
|C170|1|10011713||16,525|5|94,02|0|0|061|1653|1653|0|0|0|0|0|0||||0|0|0|51|94,02|1,65|||1,55|51|94,02|7,6|||7,15|3.1.01.01.03.00|
|C100|0|1|FOR000000651|55|00|001|95202|35240405379744000182550010000952021000427825|23042024|23042024|221,02|2|0|0|221,02|9|0|0|0|0|0|0|0|0|3,65|16,8|0|0|
|C170|1|10011713||38,845|5|221,02|0|0|061|1653|1653|0|0|0|0|0|0||||0|0|0|51|221,02|1,65|||3,65|51|221,02|7,6|||16,8|3.1.01.01.03.00|
|C100|0|1|FOR000000651|55|00|001|95203|35240405379744000182550010000952031000427830|23042024|23042024|225,27|2|0|0|225,27|9|0|0|0|0|0|0|0|0|3,72|17,12|0|0|
|C170|1|10011713||39,591|5|225,27|0|0|061|1653|1653|0|0|0|0|0|0||||0|0|0|51|225,27|1,65|||3,72|51|225,27|7,6|||17,12|3.1.01.01.03.00|
|C100|0|1|FOR000000651|55|00|001|95204|35240405379744000182550010000952041000427846|23042024|23042024|184,04|2|0|0|184,04|9|0|0|0|0|0|0|0|0|3,04|13,99|0|0|
|C170|1|10011713||32,345|5|184,04|0|0|061|1653|1653|0|0|0|0|0|0||||0|0|0|51|184,04|1,65|||3,04|51|184,04|7,6|||13,99|3.1.01.01.03.00|
|C100|0|1|FOR000000651|55|00|001|95205|35240405379744000182550010000952051000427851|23042024|23042024|234,57|2|0|0|234,57|9|0|0|0|0|0|0|0|0|3,87|17,83|0|0|
|C170|1|10011674||39,161|5|234,57|0|0|061|1653|1653|0|0|0|0|0|0||||0|0|0|51|234,57|1,65|||3,87|51|234,57|7,6|||17,83|3.1.01.01.03.00|
|C100|0|1|FOR000000651|55|00|001|95226|35240405379744000182550010000952261000428068|24042024|24042024|172|2|0|0|172|9|0|0|0|0|0|0|0|0|2,84|13,07|0|0|
|C170|1|10011713||30,229|5|172|0|0|061|1653|1653|0|0|0|0|0|0||||0|0|0|51|172|1,65|||2,84|51|172|7,6|||13,07|3.1.01.01.03.00|
|C100|0|1|FOR000000771|55|00|002|19265|35240403307996000332550020000192651000020240|04042024|04042024|1824,22|2|0|0|1824,22|9|0|0|0|0|0|0|0|0|26,02|119,87|0|0|
|C170|1|99954011210385||43,798|5|247,02|0|0|061|1653|1653|0|0|0|0|0|0||||0|0|0|70|0|0|||0|70|0|0|||0|3.1.01.01.03.00|
|C170|2|1222||200|5|1126|0|0|061|1653|1653|0|0|0|0|0|0||||0|0|0|51|1126|1,65|||18,58|51|1126|7,6|||85,58|3.1.01.01.03.00|
|C170|3|1222||80|5|451,2|0|0|061|1653|1653|0|0|0|0|0|0||||0|0|0|51|451,2|1,65|||7,44|51|451,2|7,6|||34,29|3.1.01.01.03.00|
|C100|0|1|FOR000000807|55|00|001|120212|31240400361145000118550010001202121012527550|08042024|08042024|1128|2|0|0|1128|9|0|0|0|0|0|0|0|0|18,61|85,73|0|0|
|C170|1|99947725150628||200|5|1128|0|0|061|2653|1653|0|0|0|0|0|0||||0|0|0|51|1128|1,65|||18,61|51|1128|7,6|||85,73|3.1.01.01.03.00|
|C100|0|1|FOR000000812|55|00|005|21761|35240403824646000424550050000217611000222196|22042024|22042024|292,5|2|0|0|292,5|9|0|0|0|0|0|0|0|0|0|0|0|0|
|C170|1|99954011210413||50|5|292,5|0|0|061|1653|1653|0|0|0|0|0|0||||0|0|0|70|0|0|||0|70|0|0|||0|3.1.01.01.03.00|
|C100|0|1|FOR000000817|55|00|001|17167|35240410353008000195550010000171671900171670|16042024|16042024|234,65|2|0|0|234,65|9|0|0|0|0|0|0|0|0|3,87|17,83|0|0|
|C170|1|99954011210274||38,5304|1145|234,65|0|0|061|1653|1653|0|0|0|0|0|0||||0|0|0|51|234,65|1,65|||3,87|51|234,65|7,6|||17,83|3.1.01.01.03.00|
|C100|0|1|FOR000000817|55|00|001|17168|35240410353008000195550010000171681900171686|16042024|16042024|235|2|0|0|235|9|0|0|0|0|0|0|0|0|3,88|17,86|0|0|
|C170|1|99954011210284||41,3005|1145|235|0|0|061|1653|1653|0|0|0|0|0|0||||0|0|0|51|235|1,65|||3,88|51|235|7,6|||17,86|3.1.01.01.03.00|
|C100|0|1|FOR000000818|55|00|001|16149|35240410375051000151550010000161491000163899|22042024|22042024|72,68|2|0|0|72,68|9|0|0|0|0|0|0|0|0|1,2|5,52|0|0|
|C170|1|320102002||12,34|5|72,68|0|0|061|1653|1653|0|0|0|0|0|0||||0|0|0|51|72,68|1,65|||1,2|51|72,68|7,6|||5,52|3.1.01.01.03.00|
|C100|0|1|FOR000000824|55|00|001|2570|35240429327287000140550010000025701121233074|08042024|08042024|17160,56|2|0|0|17160,56|9|0|0|0|0|0|0|0|0|283,2|1304,17|0|0|
|C170|1|99947725150741||8|8|19,62|0|0|060|1407|1407|0|0|0|0|0|0||||0|0|0|51|19,62|1,65|||0,32|51|19,62|7,6|||1,49|3.1.01.01.03.00|
|C170|2|99954011210215||9|8|30,9|0|0|090|1556|1556|0|0|0|0|0|0||||0|0|0|51|30,9|1,65|||0,51|51|30,9|7,6|||2,35|3.1.01.01.03.00|
|C170|3|1789||2|8|41,9|0|0|090|1556|1556|0|0|0|0|0|0||||0|0|0|51|41,9|1,65|||0,69|51|41,9|7,6|||3,18|3.1.01.01.03.00|
|C170|4|99947725150740||10|8|47,65|0|0|060|1407|1407|0|0|0|0|0|0||||0|0|0|51|47,65|1,65|||0,79|51|47,65|7,6|||3,62|3.1.01.01.03.00|
|C170|5|1852||10|8|45,55|0|0|090|1556|1556|0|0|0|0|0|0||||0|0|0|51|45,55|1,65|||0,75|51|45,55|7,6|||3,46|3.1.01.01.03.00|
|C170|6|99947725150735||10|8|47,65|0|0|090|1556|1556|0|0|0|0|0|0||||0|0|0|51|47,65|1,65|||0,79|51|47,65|7,6|||3,62|3.1.01.01.03.00|
|C170|7|91042356000299||18|8|6,56|0|0|090|1556|1556|0|0|0|0|0|0||||0|0|0|51|6,56|1,65|||0,11|51|6,56|7,6|||0,5|3.1.01.01.03.00|
|C170|8|99947725150201||1|8|1,33|0|0|090|1556|1556|0|0|0|0|0|0||||0|0|0|51|1,33|1,65|||0,02|51|1,33|7,6|||0,1|3.1.01.01.03.00|
|C170|9|95832300850199||110|8|75,54|0|0|090|1556|1556|0|0|0|0|0|0||||0|0|0|51|75,54|1,65|||1,25|51|75,54|7,6|||5,74|3.1.01.01.03.00|
|C170|10|2917||12|8|23,54|0|0|090|1556|1556|0|0|0|0|0|0||||0|0|0|51|23,54|1,65|||0,39|51|23,54|7,6|||1,79|3.1.01.01.03.00|
|C170|11|99954011210390||4|8|108,75|0|0|090|1556|1556|0|0|0|0|0|0||||0|0|0|51|108,75|1,65|||1,79|51|108,75|7,6|||8,27|3.1.01.01.03.00|
|C170|12|799||8|8|109,31|0|0|060|1407|1407|0|0|0|0|0|0||||0|0|0|51|109,31|1,65|||1,8|51|109,31|7,6|||8,31|3.1.01.01.03.00|
|C170|13|99954011210336||8|8|223,67|0|0|060|1407|1407|0|0|0|0|0|0||||0|0|0|51|223,67|1,65|||3,69|51|223,67|7,6|||17|3.1.01.01.03.00|
|C170|14|5315||33|23|159,55|0|0|090|1556|1556|0|0|0|0|0|0||||0|0|0|51|159,55|1,65|||2,63|51|159,55|7,6|||12,13|3.1.01.01.03.00|
|C170|15|6280||16|23|211,9|0|0|090|1556|1556|0|0|0|0|0|0||||0|0|0|51|211,9|1,65|||3,5|51|211,9|7,6|||16,1|3.1.01.01.03.00|
|C170|16|1844||2|8|30,69|0|0|090|1556|1556|0|0|0|0|0|0||||0|0|0|51|30,69|1,65|||0,51|51|30,69|7,6|||2,33|3.1.01.01.03.00|
|C170|17|1843||2|8|30,69|0|0|090|1556|1556|0|0|0|0|0|0||||0|0|0|51|30,69|1,65|||0,51|51|30,69|7,6|||2,33|3.1.01.01.03.00|
|C170|18|4527||210|6|2913,58|0|0|060|1407|1407|0|0|0|0|0|0||||0|0|0|51|2913,58|1,65|||48,07|51|2913,58|7,6|||221,43|3.1.01.01.03.00|
|C170|19|3981||201|6|2225,33|0|0|060|1407|1407|0|0|0|0|0|0||||0|0|0|51|2225,33|1,65|||36,72|51|2225,33|7,6|||169,13|3.1.01.01.03.00|
|C170|20|1987||5|8|149,95|0|0|060|1407|1407|0|0|0|0|0|0||||0|0|0|51|149,95|1,65|||2,47|51|149,95|7,6|||11,4|3.1.01.01.03.00|
|C170|21|1902||4|8|138,74|0|0|060|1407|1407|0|0|0|0|0|0||||0|0|0|51|138,74|1,65|||2,29|51|138,74|7,6|||10,54|3.1.01.01.03.00|
|C170|22|1923||1|8|48,84|0|0|090|1556|1556|0|0|0|0|0|0||||0|0|0|51|48,84|1,65|||0,81|51|48,84|7,6|||3,71|3.1.01.01.03.00|
|C170|23|99954011210389||1|8|692,59|0|0|090|1556|1556|0|0|0|0|0|0||||0|0|0|51|692,59|1,65|||11,43|51|692,59|7,6|||52,64|3.1.01.01.03.00|
|C170|24|3245||2|8|101,18|0|0|090|1556|1556|0|0|0|0|0|0||||0|0|0|51|101,18|1,65|||1,67|51|101,18|7,6|||7,69|3.1.01.01.03.00|
|C170|25|99947725150738||1|8|385,39|0|0|060|1407|1407|0|0|0|0|0|0||||0|0|0|51|385,39|1,65|||6,36|51|385,39|7,6|||29,29|3.1.01.01.03.00|
|C170|26|2949||4|8|802,74|0|0|060|1407|1407|0|0|0|0|0|0||||0|0|0|51|802,74|1,65|||13,25|51|802,74|7,6|||61,01|3.1.01.01.03.00|
|C170|27|6019||4|8|8,97|0|0|090|1556|1556|0|0|0|0|0|0||||0|0|0|51|8,97|1,65|||0,15|51|8,97|7,6|||0,68|3.1.01.01.03.00|
|C170|28|6461||2|8|195,5|0|0|090|1556|1556|0|0|0|0|0|0||||0|0|0|51|195,5|1,65|||3,23|51|195,5|7,6|||14,86|3.1.01.01.03.00|
|C170|29|1961||15|59|80,41|0|0|090|1556|1556|0|0|0|0|0|0||||0|0|0|51|80,41|1,65|||1,33|51|80,41|7,6|||6,11|3.1.01.01.03.00|
|C170|30|99954011210194||3|8|90,81|0|0|060|1407|1407|0|0|0|0|0|0||||0|0|0|51|90,81|1,65|||1,5|51|90,81|7,6|||6,9|3.1.01.01.03.00|
|C170|31|3976||8|8|476,49|0|0|060|1407|1407|0|0|0|0|0|0||||0|0|0|51|476,49|1,65|||7,86|51|476,49|7,6|||36,21|3.1.01.01.03.00|
|C170|32|2879||45|8|141,9|0|0|060|1407|1407|0|0|0|0|0|0||||0|0|0|51|141,9|1,65|||2,34|51|141,9|7,6|||10,78|3.1.01.01.03.00|
|C170|33|2878||1|8|62,36|0|0|060|1407|1407|0|0|0|0|0|0||||0|0|0|51|62,36|1,65|||1,03|51|62,36|7,6|||4,74|3.1.01.01.03.00|
|C170|34|1883||8|8|145,75|0|0|060|1407|1407|0|0|0|0|0|0||||0|0|0|51|145,75|1,65|||2,4|51|145,75|7,6|||11,08|3.1.01.01.03.00|
|C170|35|99954011210388||8|8|470,04|0|0|090|1556|1556|0|0|0|0|0|0||||0|0|0|51|470,04|1,65|||7,76|51|470,04|7,6|||35,72|3.1.01.01.03.00|
|C170|36|VO8291048||6|6|197,56|0|0|060|1407|1407|0|0|0|0|0|0||||0|0|0|51|197,56|1,65|||3,26|51|197,56|7,6|||15,01|3.1.01.01.03.00|
|C170|37|2854||2|8|5,33|0|0|090|1556|1556|0|0|0|0|0|0||||0|0|0|51|5,33|1,65|||0,09|51|5,33|7,6|||0,41|3.1.01.01.03.00|
|C170|38|1812||4|8|19,62|0|0|060|1407|1407|0|0|0|0|0|0||||0|0|0|51|19,62|1,65|||0,32|51|19,62|7,6|||1,49|3.1.01.01.03.00|
|C170|39|3795||1|8|30,76|0|0|090|1556|1556|0|0|0|0|0|0||||0|0|0|51|30,76|1,65|||0,51|51|30,76|7,6|||2,34|3.1.01.01.03.00|
|C170|40|99947725150751||12|8|252,26|0|0|090|1556|1556|0|0|0|0|0|0||||0|0|0|51|252,26|1,65|||4,16|51|252,26|7,6|||19,17|3.1.01.01.03.00|
|C170|41|6107||1|8|349,52|0|0|060|1407|1407|0|0|0|0|0|0||||0|0|0|51|349,52|1,65|||5,77|51|349,52|7,6|||26,56|3.1.01.01.03.00|
|C170|42|6108||1|8|349,52|0|0|060|1407|1407|0|0|0|0|0|0||||0|0|0|51|349,52|1,65|||5,77|51|349,52|7,6|||26,56|3.1.01.01.03.00|
|C170|43|1894||2|8|241,33|0|0|060|1407|1407|0|0|0|0|0|0||||0|0|0|51|241,33|1,65|||3,98|51|241,33|7,6|||18,34|3.1.01.01.03.00|
|C170|44|99954011210387||1|8|44,01|0|0|060|1407|1407|0|0|0|0|0|0||||0|0|0|51|44,01|1,65|||0,73|51|44,01|7,6|||3,34|3.1.01.01.03.00|
|C170|45|3425||3|8|398,99|0|0|090|1556|1556|0|0|0|0|0|0||||0|0|0|51|398,99|1,65|||6,58|51|398,99|7,6|||30,32|3.1.01.01.03.00|
|C170|46|1839||4|8|50,17|0|0|060|1407|1407|0|0|0|0|0|0||||0|0|0|51|50,17|1,65|||0,83|51|50,17|7,6|||3,81|3.1.01.01.03.00|
|C170|47|99947725150621||8|8|40,92|0|0|060|1407|1407|0|0|0|0|0|0||||0|0|0|51|40,92|1,65|||0,68|51|40,92|7,6|||3,11|3.1.01.01.03.00|
|C170|48|2149||8|8|87,45|0|0|090|1556|1556|0|0|0|0|0|0||||0|0|0|51|87,45|1,65|||1,44|51|87,45|7,6|||6,65|3.1.01.01.03.00|
|C170|49|1929||10|8|200,41|0|0|090|1556|1556|0|0|0|0|0|0||||0|0|0|51|200,41|1,65|||3,31|51|200,41|7,6|||15,23|3.1.01.01.03.00|
|C170|50|3692||12|8|39,94|0|0|090|1556|1556|0|0|0|0|0|0||||0|0|0|51|39,94|1,65|||0,66|51|39,94|7,6|||3,04|3.1.01.01.03.00|
|C170|51|1980||18|8|11,35|0|0|090|1556|1556|0|0|0|0|0|0||||0|0|0|51|11,35|1,65|||0,19|51|11,35|7,6|||0,86|3.1.01.01.03.00|
|C170|52|6598||1|8|20,95|0|0|090|1556|1556|0|0|0|0|0|0||||0|0|0|51|20,95|1,65|||0,35|51|20,95|7,6|||1,59|3.1.01.01.03.00|
|C170|53|3019||9|8|13,24|0|0|090|1556|1556|0|0|0|0|0|0||||0|0|0|51|13,24|1,65|||0,22|51|13,24|7,6|||1,01|3.1.01.01.03.00|
|C170|54|99947725150708||57|8|51,12|0|0|090|1556|1556|0|0|0|0|0|0||||0|0|0|51|51,12|1,65|||0,84|51|51,12|7,6|||3,89|3.1.01.01.03.00|
|C170|55|2988||16|8|18,27|0|0|090|1556|1556|0|0|0|0|0|0||||0|0|0|51|18,27|1,65|||0,3|51|18,27|7,6|||1,39|3.1.01.01.03.00|
|C170|56|2494||8|8|27,13|0|0|090|1556|1556|0|0|0|0|0|0||||0|0|0|51|27,13|1,65|||0,45|51|27,13|7,6|||2,06|3.1.01.01.03.00|
|C170|57|3340||8|8|24,1|0|0|090|1556|1556|0|0|0|0|0|0||||0|0|0|51|24,1|1,65|||0,4|51|24,1|7,6|||1,83|3.1.01.01.03.00|
|C170|58|2964||4|8|30,27|0|0|090|1556|1556|0|0|0|0|0|0||||0|0|0|51|30,27|1,65|||0,5|51|30,27|7,6|||2,3|3.1.01.01.03.00|
|C170|59|2846||16|8|142,39|0|0|090|1556|1556|0|0|0|0|0|0||||0|0|0|51|142,39|1,65|||2,35|51|142,39|7,6|||10,82|3.1.01.01.03.00|
|C170|60|3008||1|8|15,98|0|0|060|1407|1407|0|0|0|0|0|0||||0|0|0|51|15,98|1,65|||0,26|51|15,98|7,6|||1,21|3.1.01.01.03.00|
|C170|61|1779||2|8|245,25|0|0|060|1407|1407|0|0|0|0|0|0||||0|0|0|51|245,25|1,65|||4,05|51|245,25|7,6|||18,64|3.1.01.01.03.00|
|C170|62|2314||4|8|80,72|0|0|090|1556|1556|0|0|0|0|0|0||||0|0|0|51|80,72|1,65|||1,33|51|80,72|7,6|||6,13|3.1.01.01.03.00|
|C170|63|99954011210392||4|8|47,09|0|0|060|1407|1407|0|0|0|0|0|0||||0|0|0|51|47,09|1,65|||0,78|51|47,09|7,6|||3,58|3.1.01.01.03.00|
|C170|64|2470||4|8|25,17|0|0|090|1556|1556|0|0|0|0|0|0||||0|0|0|51|25,17|1,65|||0,42|51|25,17|7,6|||1,91|3.1.01.01.03.00|
|C170|65|99954011210370||5|8|122,28|0|0|060|1407|1407|0|0|0|0|0|0||||0|0|0|51|122,28|1,65|||2,02|51|122,28|7,6|||9,29|3.1.01.01.03.00|
|C170|66|2883||12|8|27,83|0|0|090|1556|1556|0|0|0|0|0|0||||0|0|0|51|27,83|1,65|||0,46|51|27,83|7,6|||2,12|3.1.01.01.03.00|
|C170|67|3805||1|8|5,96|0|0|090|1556|1556|0|0|0|0|0|0||||0|0|0|51|5,96|1,65|||0,1|51|5,96|7,6|||0,45|3.1.01.01.03.00|
|C170|68|3099||5|8|52,2|0|0|060|1407|1407|0|0|0|0|0|0||||0|0|0|51|52,2|1,65|||0,86|51|52,2|7,6|||3,97|3.1.01.01.03.00|
|C170|69|2862||9|8|20,81|0|0|060|1407|1407|0|0|0|0|0|0||||0|0|0|51|20,81|1,65|||0,34|51|20,81|7,6|||1,58|3.1.01.01.03.00|
|C170|70|3877||52|8|43,72|0|0|090|1556|1556|0|0|0|0|0|0||||0|0|0|51|43,72|1,65|||0,72|51|43,72|7,6|||3,32|3.1.01.01.03.00|
|C170|71|99947725150808||16|8|55,83|0|0|090|1556|1556|0|0|0|0|0|0||||0|0|0|51|55,83|1,65|||0,92|51|55,83|7,6|||4,24|3.1.01.01.03.00|
|C170|72|1759||10|8|111,41|0|0|060|1407|1407|0|0|0|0|0|0||||0|0|0|51|111,41|1,65|||1,84|51|111,41|7,6|||8,47|3.1.01.01.03.00|
|C170|73|99947725150561||18|8|10,72|0|0|090|1556|1556|0|0|0|0|0|0||||0|0|0|51|10,72|1,65|||0,18|51|10,72|7,6|||0,81|3.1.01.01.03.00|
|C170|74|2491||21|8|14,42|0|0|090|1556|1556|0|0|0|0|0|0||||0|0|0|51|14,42|1,65|||0,24|51|14,42|7,6|||1,1|3.1.01.01.03.00|
|C170|75|4199||12|8|29,43|0|0|090|1556|1556|0|0|0|0|0|0||||0|0|0|51|29,43|1,65|||0,49|51|29,43|7,6|||2,24|3.1.01.01.03.00|
|C170|76|2471||8|8|27,92|0|0|090|1556|1556|0|0|0|0|0|0||||0|0|0|51|27,92|1,65|||0,46|51|27,92|7,6|||2,12|3.1.01.01.03.00|
|C170|77|1921||16|8|114,47|0|0|090|1556|1556|0|0|0|0|0|0||||0|0|0|51|114,47|1,65|||1,89|51|114,47|7,6|||8,7|3.1.01.01.03.00|
|C170|78|1896||256|8|30,49|0|0|090|1556|1556|0|0|0|0|0|0||||0|0|0|51|30,49|1,65|||0,5|51|30,49|7,6|||2,32|3.1.01.01.03.00|
|C170|79|1927||4|8|175,74|0|0|060|1407|1407|0|0|0|0|0|0||||0|0|0|51|175,74|1,65|||2,9|51|175,74|7,6|||13,36|3.1.01.01.03.00|
|C170|80|1796||2|8|37,42|0|0|090|1556|1556|0|0|0|0|0|0||||0|0|0|51|37,42|1,65|||0,62|51|37,42|7,6|||2,84|3.1.01.01.03.00|
|C170|81|1828||4|8|63,06|0|0|090|1556|1556|0|0|0|0|0|0||||0|0|0|51|63,06|1,65|||1,04|51|63,06|7,6|||4,79|3.1.01.01.03.00|
|C170|82|1819||6|8|706,32|0|0|060|1407|1407|0|0|0|0|0|0||||0|0|0|51|706,32|1,65|||11,65|51|706,32|7,6|||53,68|3.1.01.01.03.00|
|C170|83|4313||1|8|76,17|0|0|090|1556|1556|0|0|0|0|0|0||||0|0|0|51|76,17|1,65|||1,26|51|76,17|7,6|||5,79|3.1.01.01.03.00|
|C170|84|1957||18|4|317,85|0|0|060|1407|1407|0|0|0|0|0|0||||0|0|0|51|317,85|1,65|||5,24|51|317,85|7,6|||24,16|3.1.01.01.03.00|
|C170|85|99954011210391||14,4|4|696,23|0|0|090|1556|1556|0|0|0|0|0|0||||0|0|0|51|696,23|1,65|||11,49|51|696,23|7,6|||52,91|3.1.01.01.03.00|
|C170|86|6110||2|8|62,78|0|0|090|1556|1556|0|0|0|0|0|0||||0|0|0|51|62,78|1,65|||1,04|51|62,78|7,6|||4,77|3.1.01.01.03.00|
|C170|87|99954011210366||2|8|59,98|0|0|090|1556|1556|0|0|0|0|0|0||||0|0|0|51|59,98|1,65|||0,99|51|59,98|7,6|||4,56|3.1.01.01.03.00|
|C170|88|1821||4|8|36,38|0|0|090|1556|1556|0|0|0|0|0|0||||0|0|0|51|36,38|1,65|||0,6|51|36,38|7,6|||2,76|3.1.01.01.03.00|
|C170|89|1321||25|23|171,68|0|0|090|1556|1556|0|0|0|0|0|0||||0|0|0|51|171,68|1,65|||2,83|51|171,68|7,6|||13,05|3.1.01.01.03.00|
|C170|90|3347||4|23|28,03|0|0|090|1556|1556|0|0|0|0|0|0||||0|0|0|51|28,03|1,65|||0,46|51|28,03|7,6|||2,13|3.1.01.01.03.00|
|C170|91|2929||5|8|218,97|0|0|060|1407|1407|0|0|0|0|0|0||||0|0|0|51|218,97|1,65|||3,61|51|218,97|7,6|||16,64|3.1.01.01.03.00|
|C170|92|4520||3|8|165,86|0|0|090|1556|1556|0|0|0|0|0|0||||0|0|0|51|165,86|1,65|||2,74|51|165,86|7,6|||12,61|3.1.01.01.03.00|
|C170|93|2144||1|8|68,39|0|0|090|1556|1556|0|0|0|0|0|0||||0|0|0|51|68,39|1,65|||1,13|51|68,39|7,6|||5,2|3.1.01.01.03.00|
|C170|94|99954011210368||1|8|202,02|0|0|060|1407|1407|0|0|0|0|0|0||||0|0|0|51|202,02|1,65|||3,33|51|202,02|7,6|||15,35|3.1.01.01.03.00|
|C100|0|1|FOR000000824|55|00|001|2571|35240429327287000140550010000025711941233047|08042024|08042024|22971,02|2|0|0|22971,02|9|0|0|0|0|0|0|0|0|379,02|1745,76|0|0|
|C170|1|3948||1|8|125,4|0|0|090|1556|1556|0|0|0|0|0|0||||0|0|0|51|125,4|1,65|||2,07|51|125,4|7,6|||9,53|3.1.01.01.03.00|
|C170|2|1789||2|8|59,8|0|0|090|1556|1556|0|0|0|0|0|0||||0|0|0|51|59,8|1,65|||0,99|51|59,8|7,6|||4,54|3.1.01.01.03.00|
|C170|3|99947725150735||4|8|27,2|0|0|090|1556|1556|0|0|0|0|0|0||||0|0|0|51|27,2|1,65|||0,45|51|27,2|7,6|||2,07|3.1.01.01.03.00|
|C170|4|2884||6|8|6,6|0|0|090|1556|1556|0|0|0|0|0|0||||0|0|0|51|6,6|1,65|||0,11|51|6,6|7,6|||0,5|3.1.01.01.03.00|
|C170|5|91042356000299||10|8|5,2|0|0|090|1556|1556|0|0|0|0|0|0||||0|0|0|51|5,2|1,65|||0,09|51|5,2|7,6|||0,4|3.1.01.01.03.00|
|C170|6|95832300850199||40|8|39,2|0|0|090|1556|1556|0|0|0|0|0|0||||0|0|0|51|39,2|1,65|||0,65|51|39,2|7,6|||2,98|3.1.01.01.03.00|
|C170|7|2917||12|8|33,6|0|0|090|1556|1556|0|0|0|0|0|0||||0|0|0|51|33,6|1,65|||0,55|51|33,6|7,6|||2,55|3.1.01.01.03.00|
|C170|8|99954011210390||4|8|155,2|0|0|090|1556|1556|0|0|0|0|0|0||||0|0|0|51|155,2|1,65|||2,56|51|155,2|7,6|||11,8|3.1.01.01.03.00|
|C170|9|799||4|8|78|0|0|060|1407|1407|0|0|0|0|0|0||||0|0|0|51|78|1,65|||1,29|51|78|7,6|||5,93|3.1.01.01.03.00|
|C170|10|99954011210336||8|8|319,2|0|0|060|1407|1407|0|0|0|0|0|0||||0|0|0|51|319,2|1,65|||5,27|51|319,2|7,6|||24,26|3.1.01.01.03.00|
|C170|11|5315||25|23|172,5|0|0|090|1556|1556|0|0|0|0|0|0||||0|0|0|51|172,5|1,65|||2,85|51|172,5|7,6|||13,11|3.1.01.01.03.00|
|C170|12|6280||16|23|302,4|0|0|090|1556|1556|0|0|0|0|0|0||||0|0|0|51|302,4|1,65|||4,99|51|302,4|7,6|||22,98|3.1.01.01.03.00|
|C170|13|4527||232|6|4593,6|0|0|060|1407|1407|0|0|0|0|0|0||||0|0|0|51|4593,6|1,65|||75,79|51|4593,6|7,6|||349,11|3.1.01.01.03.00|
|C170|14|3981||201|6|3175,8|0|0|060|1407|1407|0|0|0|0|0|0||||0|0|0|51|3175,8|1,65|||52,4|51|3175,8|7,6|||241,36|3.1.01.01.03.00|
|C170|15|1987||5|8|214|0|0|060|1407|1407|0|0|0|0|0|0||||0|0|0|51|214|1,65|||3,53|51|214|7,6|||16,26|3.1.01.01.03.00|
|C170|16|99954011210389||1|8|988,4|0|0|090|1556|1556|0|0|0|0|0|0||||0|0|0|51|988,4|1,65|||16,31|51|988,4|7,6|||75,12|3.1.01.01.03.00|
|C170|17|3245||2|8|144,4|0|0|090|1556|1556|0|0|0|0|0|0||||0|0|0|51|144,4|1,65|||2,38|51|144,4|7,6|||10,97|3.1.01.01.03.00|
|C170|18|99947725150738||1|8|550|0|0|060|1407|1407|0|0|0|0|0|0||||0|0|0|51|550|1,65|||9,08|51|550|7,6|||41,8|3.1.01.01.03.00|
|C170|19|2949||3|8|859,2|0|0|060|1407|1407|0|0|0|0|0|0||||0|0|0|51|859,2|1,65|||14,18|51|859,2|7,6|||65,3|3.1.01.01.03.00|
|C170|20|6019||1|8|3,2|0|0|090|1556|1556|0|0|0|0|0|0||||0|0|0|51|3,2|1,65|||0,05|51|3,2|7,6|||0,24|3.1.01.01.03.00|
|C170|21|6461||2|8|279|0|0|090|1556|1556|0|0|0|0|0|0||||0|0|0|51|279|1,65|||4,6|51|279|7,6|||21,2|3.1.01.01.03.00|
|C170|22|1961||15|59|114,75|0|0|090|1556|1556|0|0|0|0|0|0||||0|0|0|51|114,75|1,65|||1,89|51|114,75|7,6|||8,72|3.1.01.01.03.00|
|C170|23|99954011210194||1|8|43,2|0|0|060|1407|1407|0|0|0|0|0|0||||0|0|0|51|43,2|1,65|||0,71|51|43,2|7,6|||3,28|3.1.01.01.03.00|
|C170|24|1817||1|8|23|0|0|060|1407|1407|0|0|0|0|0|0||||0|0|0|51|23|1,65|||0,38|51|23|7,6|||1,75|3.1.01.01.03.00|
|C170|25|3976||8|8|680|0|0|060|1407|1407|0|0|0|0|0|0||||0|0|0|51|680|1,65|||11,22|51|680|7,6|||51,68|3.1.01.01.03.00|
|C170|26|2879||30|8|135|0|0|060|1407|1407|0|0|0|0|0|0||||0|0|0|51|135|1,65|||2,23|51|135|7,6|||10,26|3.1.01.01.03.00|
|C170|27|2878||1|8|89|0|0|060|1407|1407|0|0|0|0|0|0||||0|0|0|51|89|1,65|||1,47|51|89|7,6|||6,76|3.1.01.01.03.00|
|C170|28|99947725150620||4|8|31,2|0|0|060|1407|1407|0|0|0|0|0|0||||0|0|0|51|31,2|1,65|||0,51|51|31,2|7,6|||2,37|3.1.01.01.03.00|
|C170|29|1883||8|8|208|0|0|060|1407|1407|0|0|0|0|0|0||||0|0|0|51|208|1,65|||3,43|51|208|7,6|||15,81|3.1.01.01.03.00|
|C170|30|3438||2|8|197,8|0|0|090|1556|1556|0|0|0|0|0|0||||0|0|0|51|197,8|1,65|||3,26|51|197,8|7,6|||15,03|3.1.01.01.03.00|
|C170|31|VO8291048||6|6|281,94|0|0|060|1407|1407|0|0|0|0|0|0||||0|0|0|51|281,94|1,65|||4,65|51|281,94|7,6|||21,43|3.1.01.01.03.00|
|C170|32|2854||2|8|7,6|0|0|090|1556|1556|0|0|0|0|0|0||||0|0|0|51|7,6|1,65|||0,13|51|7,6|7,6|||0,58|3.1.01.01.03.00|
|C170|33|1812||4|8|28|0|0|060|1407|1407|0|0|0|0|0|0||||0|0|0|51|28|1,65|||0,46|51|28|7,6|||2,13|3.1.01.01.03.00|
|C170|34|3795||1|8|43,9|0|0|090|1556|1556|0|0|0|0|0|0||||0|0|0|51|43,9|1,65|||0,72|51|43,9|7,6|||3,34|3.1.01.01.03.00|
|C170|35|99947725150751||19|8|570|0|0|090|1556|1556|0|0|0|0|0|0||||0|0|0|51|570|1,65|||9,41|51|570|7,6|||43,32|3.1.01.01.03.00|
|C170|36|6107||1|8|498,8|0|0|060|1407|1407|0|0|0|0|0|0||||0|0|0|51|498,8|1,65|||8,23|51|498,8|7,6|||37,91|3.1.01.01.03.00|
|C170|37|6108||1|8|498,8|0|0|060|1407|1407|0|0|0|0|0|0||||0|0|0|51|498,8|1,65|||8,23|51|498,8|7,6|||37,91|3.1.01.01.03.00|
|C170|38|1894||2|8|344,4|0|0|060|1407|1407|0|0|0|0|0|0||||0|0|0|51|344,4|1,65|||5,68|51|344,4|7,6|||26,17|3.1.01.01.03.00|
|C170|39|99954011210387||4|8|251,2|0|0|060|1407|1407|0|0|0|0|0|0||||0|0|0|51|251,2|1,65|||4,14|51|251,2|7,6|||19,09|3.1.01.01.03.00|
|C170|40|99954011210214||1|8|97,7|0|0|090|1556|1556|0|0|0|0|0|0||||0|0|0|51|97,7|1,65|||1,61|51|97,7|7,6|||7,43|3.1.01.01.03.00|
|C170|41|3425||3|8|569,4|0|0|090|1556|1556|0|0|0|0|0|0||||0|0|0|51|569,4|1,65|||9,4|51|569,4|7,6|||43,27|3.1.01.01.03.00|
|C170|42|1839||4|8|71,6|0|0|060|1407|1407|0|0|0|0|0|0||||0|0|0|51|71,6|1,65|||1,18|51|71,6|7,6|||5,44|3.1.01.01.03.00|
|C170|43|99947725150621||8|8|58,4|0|0|060|1407|1407|0|0|0|0|0|0||||0|0|0|51|58,4|1,65|||0,96|51|58,4|7,6|||4,44|3.1.01.01.03.00|
|C170|44|2993||10|8|9|0|0|060|1407|1407|0|0|0|0|0|0||||0|0|0|51|9|1,65|||0,15|51|9|7,6|||0,68|3.1.01.01.03.00|
|C170|45|2149||8|8|124,8|0|0|090|1556|1556|0|0|0|0|0|0||||0|0|0|51|124,8|1,65|||2,06|51|124,8|7,6|||9,48|3.1.01.01.03.00|
|C170|46|3771||14|8|469|0|0|090|1556|1556|0|0|0|0|0|0||||0|0|0|51|469|1,65|||7,74|51|469|7,6|||35,64|3.1.01.01.03.00|
|C170|47|2882||4|8|13,6|0|0|090|1556|1556|0|0|0|0|0|0||||0|0|0|51|13,6|1,65|||0,22|51|13,6|7,6|||1,03|3.1.01.01.03.00|
|C170|48|3692||12|8|57|0|0|090|1556|1556|0|0|0|0|0|0||||0|0|0|51|57|1,65|||0,94|51|57|7,6|||4,33|3.1.01.01.03.00|
|C170|49|3090||3|8|23,4|0|0|060|1407|1407|0|0|0|0|0|0||||0|0|0|51|23,4|1,65|||0,39|51|23,4|7,6|||1,78|3.1.01.01.03.00|
|C170|50|1980||10|8|9|0|0|090|1556|1556|0|0|0|0|0|0||||0|0|0|51|9|1,65|||0,15|51|9|7,6|||0,68|3.1.01.01.03.00|
|C170|51|99947725150708||36|8|46,08|0|0|090|1556|1556|0|0|0|0|0|0||||0|0|0|51|46,08|1,65|||0,76|51|46,08|7,6|||3,5|3.1.01.01.03.00|
|C170|52|3050||16|8|28,8|0|0|090|1556|1556|0|0|0|0|0|0||||0|0|0|51|28,8|1,65|||0,48|51|28,8|7,6|||2,19|3.1.01.01.03.00|
|C170|53|2494||9|8|43,56|0|0|090|1556|1556|0|0|0|0|0|0||||0|0|0|51|43,56|1,65|||0,72|51|43,56|7,6|||3,31|3.1.01.01.03.00|
|C170|54|2846||12|8|152,4|0|0|090|1556|1556|0|0|0|0|0|0||||0|0|0|51|152,4|1,65|||2,51|51|152,4|7,6|||11,58|3.1.01.01.03.00|
|C170|55|1985||4|8|75,6|0|0|090|1556|1556|0|0|0|0|0|0||||0|0|0|51|75,6|1,65|||1,25|51|75,6|7,6|||5,75|3.1.01.01.03.00|
|C170|56|99947725150807||4|8|85,2|0|0|090|1556|1556|0|0|0|0|0|0||||0|0|0|51|85,2|1,65|||1,41|51|85,2|7,6|||6,48|3.1.01.01.03.00|
|C170|57|99954011210394||5|8|6,75|0|0|090|1556|1556|0|0|0|0|0|0||||0|0|0|51|6,75|1,65|||0,11|51|6,75|7,6|||0,51|3.1.01.01.03.00|
|C170|58|1779||2|8|350|0|0|060|1407|1407|0|0|0|0|0|0||||0|0|0|51|350|1,65|||5,78|51|350|7,6|||26,6|3.1.01.01.03.00|
|C170|59|2314||4|8|115,2|0|0|090|1556|1556|0|0|0|0|0|0||||0|0|0|51|115,2|1,65|||1,9|51|115,2|7,6|||8,76|3.1.01.01.03.00|
|C170|60|99954011210392||4|8|67,2|0|0|060|1407|1407|0|0|0|0|0|0||||0|0|0|51|67,2|1,65|||1,11|51|67,2|7,6|||5,11|3.1.01.01.03.00|
|C170|61|2470||1|8|8,98|0|0|090|1556|1556|0|0|0|0|0|0||||0|0|0|51|8,98|1,65|||0,15|51|8,98|7,6|||0,68|3.1.01.01.03.00|
|C170|62|99954011210370||3|8|104,7|0|0|060|1407|1407|0|0|0|0|0|0||||0|0|0|51|104,7|1,65|||1,73|51|104,7|7,6|||7,96|3.1.01.01.03.00|
|C170|63|2883||16|8|52,96|0|0|090|1556|1556|0|0|0|0|0|0||||0|0|0|51|52,96|1,65|||0,87|51|52,96|7,6|||4,02|3.1.01.01.03.00|
|C170|64|3877||40|8|48|0|0|090|1556|1556|0|0|0|0|0|0||||0|0|0|51|48|1,65|||0,79|51|48|7,6|||3,65|3.1.01.01.03.00|
|C170|65|99947725150808||8|8|39,84|0|0|090|1556|1556|0|0|0|0|0|0||||0|0|0|51|39,84|1,65|||0,66|51|39,84|7,6|||3,03|3.1.01.01.03.00|
|C170|66|1759||14|8|222,6|0|0|060|1407|1407|0|0|0|0|0|0||||0|0|0|51|222,6|1,65|||3,67|51|222,6|7,6|||16,92|3.1.01.01.03.00|
|C170|67|99947725150561||10|8|8,5|0|0|090|1556|1556|0|0|0|0|0|0||||0|0|0|51|8,5|1,65|||0,14|51|8,5|7,6|||0,65|3.1.01.01.03.00|
|C170|68|2491||12|8|11,76|0|0|090|1556|1556|0|0|0|0|0|0||||0|0|0|51|11,76|1,65|||0,19|51|11,76|7,6|||0,89|3.1.01.01.03.00|
|C170|69|4199||12|8|42|0|0|090|1556|1556|0|0|0|0|0|0||||0|0|0|51|42|1,65|||0,69|51|42|7,6|||3,19|3.1.01.01.03.00|
|C170|70|2471||4|8|19,92|0|0|090|1556|1556|0|0|0|0|0|0||||0|0|0|51|19,92|1,65|||0,33|51|19,92|7,6|||1,51|3.1.01.01.03.00|
|C170|71|1921||4|8|40,84|0|0|090|1556|1556|0|0|0|0|0|0||||0|0|0|51|40,84|1,65|||0,67|51|40,84|7,6|||3,1|3.1.01.01.03.00|
|C170|72|1896||256|8|43,52|0|0|090|1556|1556|0|0|0|0|0|0||||0|0|0|51|43,52|1,65|||0,72|51|43,52|7,6|||3,31|3.1.01.01.03.00|
|C170|73|1796||2|8|53,4|0|0|090|1556|1556|0|0|0|0|0|0||||0|0|0|51|53,4|1,65|||0,88|51|53,4|7,6|||4,06|3.1.01.01.03.00|
|C170|74|1828||4|8|90|0|0|090|1556|1556|0|0|0|0|0|0||||0|0|0|51|90|1,65|||1,49|51|90|7,6|||6,84|3.1.01.01.03.00|
|C170|75|1819||6|8|1008|0|0|060|1407|1407|0|0|0|0|0|0||||0|0|0|51|1008|1,65|||16,63|51|1008|7,6|||76,61|3.1.01.01.03.00|
|C170|76|1859||4|8|79,92|0|0|060|1407|1407|0|0|0|0|0|0||||0|0|0|51|79,92|1,65|||1,32|51|79,92|7,6|||6,07|3.1.01.01.03.00|
|C170|77|99954011210337||9|8|252|0|0|060|1407|1407|0|0|0|0|0|0||||0|0|0|51|252|1,65|||4,16|51|252|7,6|||19,15|3.1.01.01.03.00|
|C170|78|4992||1|8|79,9|0|0|090|1556|1556|0|0|0|0|0|0||||0|0|0|51|79,9|1,65|||1,32|51|79,9|7,6|||6,07|3.1.01.01.03.00|
|C170|79|99954011210393||2|8|169,8|0|0|090|1556|1556|0|0|0|0|0|0||||0|0|0|51|169,8|1,65|||2,8|51|169,8|7,6|||12,9|3.1.01.01.03.00|
|C170|80|1957||18|4|453,6|0|0|060|1407|1407|0|0|0|0|0|0||||0|0|0|51|453,6|1,65|||7,48|51|453,6|7,6|||34,47|3.1.01.01.03.00|
|C170|81|99954011210391||14,4|4|993,6|0|0|090|1556|1556|0|0|0|0|0|0||||0|0|0|51|993,6|1,65|||16,39|51|993,6|7,6|||75,51|3.1.01.01.03.00|
|C170|82|99954011210366||1|8|42,8|0|0|090|1556|1556|0|0|0|0|0|0||||0|0|0|51|42,8|1,65|||0,71|51|42,8|7,6|||3,25|3.1.01.01.03.00|
|C170|83|1824||4|8|55,6|0|0|090|1556|1556|0|0|0|0|0|0||||0|0|0|51|55,6|1,65|||0,92|51|55,6|7,6|||4,23|3.1.01.01.03.00|
|C170|84|99947725150739||4|8|27,6|0|0|090|1556|1556|0|0|0|0|0|0||||0|0|0|51|27,6|1,65|||0,46|51|27,6|7,6|||2,1|3.1.01.01.03.00|
|C170|85|1321||20|23|196|0|0|090|1556|1556|0|0|0|0|0|0||||0|0|0|51|196|1,65|||3,23|51|196|7,6|||14,9|3.1.01.01.03.00|
|C170|86|5381||1|8|75,4|0|0|090|1556|1556|0|0|0|0|0|0||||0|0|0|51|75,4|1,65|||1,24|51|75,4|7,6|||5,73|3.1.01.01.03.00|
|C170|87|2144||1|8|97,6|0|0|090|1556|1556|0|0|0|0|0|0||||0|0|0|51|97,6|1,65|||1,61|51|97,6|7,6|||7,42|3.1.01.01.03.00|
|C100|0|1|FOR000000824|55|00|001|2572|35240429327287000140550010000025721661233010|08042024|08042024|22635,27|2|0|0|22635,27|9|0|0|0|0|0|0|0|0|373,52|1720,31|0|0|
|C170|1|99947725150741||2|8|7|0|0|060|1407|1407|0|0|0|0|0|0||||0|0|0|51|7|1,65|||0,12|51|7|7,6|||0,53|3.1.01.01.03.00|
|C170|2|99954011210215||2|8|9,8|0|0|090|1556|1556|0|0|0|0|0|0||||0|0|0|51|9,8|1,65|||0,16|51|9,8|7,6|||0,74|3.1.01.01.03.00|
|C170|3|99947725150740||2|8|13,6|0|0|060|1407|1407|0|0|0|0|0|0||||0|0|0|51|13,6|1,65|||0,22|51|13,6|7,6|||1,03|3.1.01.01.03.00|
|C170|4|1852||2|8|13|0|0|090|1556|1556|0|0|0|0|0|0||||0|0|0|51|13|1,65|||0,21|51|13|7,6|||0,99|3.1.01.01.03.00|
|C170|5|99947725150735||2|8|13,6|0|0|090|1556|1556|0|0|0|0|0|0||||0|0|0|51|13,6|1,65|||0,22|51|13,6|7,6|||1,03|3.1.01.01.03.00|
|C170|6|2884||6|8|6,6|0|0|090|1556|1556|0|0|0|0|0|0||||0|0|0|51|6,6|1,65|||0,11|51|6,6|7,6|||0,5|3.1.01.01.03.00|
|C170|7|91042356000299||16|8|8,32|0|0|090|1556|1556|0|0|0|0|0|0||||0|0|0|51|8,32|1,65|||0,14|51|8,32|7,6|||0,63|3.1.01.01.03.00|
|C170|8|99947725150201||2|8|3,8|0|0|090|1556|1556|0|0|0|0|0|0||||0|0|0|51|3,8|1,65|||0,06|51|3,8|7,6|||0,29|3.1.01.01.03.00|
|C170|9|2989||4|8|11,92|0|0|090|1556|1556|0|0|0|0|0|0||||0|0|0|51|11,92|1,65|||0,2|51|11,92|7,6|||0,91|3.1.01.01.03.00|
|C170|10|2922||2|8|1,7|0|0|090|1556|1556|0|0|0|0|0|0||||0|0|0|51|1,7|1,65|||0,03|51|1,7|7,6|||0,13|3.1.01.01.03.00|
|C170|11|95832300850199||6|8|5,88|0|0|090|1556|1556|0|0|0|0|0|0||||0|0|0|51|5,88|1,65|||0,1|51|5,88|7,6|||0,45|3.1.01.01.03.00|
|C170|12|2917||3|8|8,4|0|0|090|1556|1556|0|0|0|0|0|0||||0|0|0|51|8,4|1,65|||0,14|51|8,4|7,6|||0,64|3.1.01.01.03.00|
|C170|13|5943||1|8|234,9|0|0|090|1556|1556|0|0|0|0|0|0||||0|0|0|51|234,9|1,65|||3,88|51|234,9|7,6|||17,85|3.1.01.01.03.00|
|C170|14|99954011210390||4|8|155,2|0|0|090|1556|1556|0|0|0|0|0|0||||0|0|0|51|155,2|1,65|||2,56|51|155,2|7,6|||11,8|3.1.01.01.03.00|
|C170|15|799||2|8|39|0|0|060|1407|1407|0|0|0|0|0|0||||0|0|0|51|39|1,65|||0,64|51|39|7,6|||2,96|3.1.01.01.03.00|
|C170|16|99947725150742||1|8|15,6|0|0|090|1556|1556|0|0|0|0|0|0||||0|0|0|51|15,6|1,65|||0,26|51|15,6|7,6|||1,19|3.1.01.01.03.00|
|C170|17|99954011210336||8|8|319,2|0|0|060|1407|1407|0|0|0|0|0|0||||0|0|0|51|319,2|1,65|||5,27|51|319,2|7,6|||24,26|3.1.01.01.03.00|
|C170|18|6280||16|23|302,4|0|0|090|1556|1556|0|0|0|0|0|0||||0|0|0|51|302,4|1,65|||4,99|51|302,4|7,6|||22,98|3.1.01.01.03.00|
|C170|19|1814||1|8|115,85|0|0|060|1407|1407|0|0|0|0|0|0||||0|0|0|51|115,85|1,65|||1,91|51|115,85|7,6|||8,8|3.1.01.01.03.00|
|C170|20|4527||172|6|3405,6|0|0|060|1407|1407|0|0|0|0|0|0||||0|0|0|51|3405,6|1,65|||56,19|51|3405,6|7,6|||258,83|3.1.01.01.03.00|
|C170|21|3981||151|6|2385,8|0|0|060|1407|1407|0|0|0|0|0|0||||0|0|0|51|2385,8|1,65|||39,37|51|2385,8|7,6|||181,32|3.1.01.01.03.00|
|C170|22|1987||1|8|42,8|0|0|060|1407|1407|0|0|0|0|0|0||||0|0|0|51|42,8|1,65|||0,71|51|42,8|7,6|||3,25|3.1.01.01.03.00|
|C170|23|99954011210389||1|8|988,4|0|0|090|1556|1556|0|0|0|0|0|0||||0|0|0|51|988,4|1,65|||16,31|51|988,4|7,6|||75,12|3.1.01.01.03.00|
|C170|24|3245||3|8|216,6|0|0|090|1556|1556|0|0|0|0|0|0||||0|0|0|51|216,6|1,65|||3,57|51|216,6|7,6|||16,46|3.1.01.01.03.00|
|C170|25|99947725150738||1|8|550|0|0|060|1407|1407|0|0|0|0|0|0||||0|0|0|51|550|1,65|||9,08|51|550|7,6|||41,8|3.1.01.01.03.00|
|C170|26|2949||4|8|1145,6|0|0|060|1407|1407|0|0|0|0|0|0||||0|0|0|51|1145,6|1,65|||18,9|51|1145,6|7,6|||87,07|3.1.01.01.03.00|
|C170|27|6019||3|8|9,6|0|0|090|1556|1556|0|0|0|0|0|0||||0|0|0|51|9,6|1,65|||0,16|51|9,6|7,6|||0,73|3.1.01.01.03.00|
|C170|28|99954011210396||2|8|172|0|0|060|1407|1407|0|0|0|0|0|0||||0|0|0|51|172|1,65|||2,84|51|172|7,6|||13,07|3.1.01.01.03.00|
|C170|29|1961||15|59|114,75|0|0|090|1556|1556|0|0|0|0|0|0||||0|0|0|51|114,75|1,65|||1,89|51|114,75|7,6|||8,72|3.1.01.01.03.00|
|C170|30|1817||1|8|23|0|0|060|1407|1407|0|0|0|0|0|0||||0|0|0|51|23|1,65|||0,38|51|23|7,6|||1,75|3.1.01.01.03.00|
|C170|31|3976||8|8|680|0|0|060|1407|1407|0|0|0|0|0|0||||0|0|0|51|680|1,65|||11,22|51|680|7,6|||51,68|3.1.01.01.03.00|
|C170|32|2879||55|8|247,5|0|0|060|1407|1407|0|0|0|0|0|0||||0|0|0|51|247,5|1,65|||4,08|51|247,5|7,6|||18,81|3.1.01.01.03.00|
|C170|33|2878||1|8|89|0|0|060|1407|1407|0|0|0|0|0|0||||0|0|0|51|89|1,65|||1,47|51|89|7,6|||6,76|3.1.01.01.03.00|
|C170|34|4196||1|8|750|0|0|060|1407|1407|0|0|0|0|0|0||||0|0|0|51|750|1,65|||12,38|51|750|7,6|||57|3.1.01.01.03.00|
|C170|35|6516||2,5|23|58,5|0|0|090|1556|1556|0|0|0|0|0|0||||0|0|0|51|58,5|1,65|||0,97|51|58,5|7,6|||4,45|3.1.01.01.03.00|
|C170|36|99947725150620||8|8|62,4|0|0|060|1407|1407|0|0|0|0|0|0||||0|0|0|51|62,4|1,65|||1,03|51|62,4|7,6|||4,74|3.1.01.01.03.00|
|C170|37|1883||8|8|208|0|0|060|1407|1407|0|0|0|0|0|0||||0|0|0|51|208|1,65|||3,43|51|208|7,6|||15,81|3.1.01.01.03.00|
|C170|38|1773||1|8|498|0|0|060|1407|1407|0|0|0|0|0|0||||0|0|0|51|498|1,65|||8,22|51|498|7,6|||37,85|3.1.01.01.03.00|
|C170|39|99954011210395||2|8|36|0|0|090|1556|1556|0|0|0|0|0|0||||0|0|0|51|36|1,65|||0,59|51|36|7,6|||2,74|3.1.01.01.03.00|
|C170|40|99954011210388||4|8|335,4|0|0|090|1556|1556|0|0|0|0|0|0||||0|0|0|51|335,4|1,65|||5,53|51|335,4|7,6|||25,49|3.1.01.01.03.00|
|C170|41|VO8291048||6|6|281,94|0|0|060|1407|1407|0|0|0|0|0|0||||0|0|0|51|281,94|1,65|||4,65|51|281,94|7,6|||21,43|3.1.01.01.03.00|
|C170|42|2854||2|8|7,6|0|0|090|1556|1556|0|0|0|0|0|0||||0|0|0|51|7,6|1,65|||0,13|51|7,6|7,6|||0,58|3.1.01.01.03.00|
|C170|43|1812||4|8|28|0|0|060|1407|1407|0|0|0|0|0|0||||0|0|0|51|28|1,65|||0,46|51|28|7,6|||2,13|3.1.01.01.03.00|
|C170|44|6495||1|8|258,4|0|0|090|1556|1556|0|0|0|0|0|0||||0|0|0|51|258,4|1,65|||4,26|51|258,4|7,6|||19,64|3.1.01.01.03.00|
|C170|45|6496||1|8|258,4|0|0|090|1556|1556|0|0|0|0|0|0||||0|0|0|51|258,4|1,65|||4,26|51|258,4|7,6|||19,64|3.1.01.01.03.00|
|C170|46|3795||1|8|43,9|0|0|090|1556|1556|0|0|0|0|0|0||||0|0|0|51|43,9|1,65|||0,72|51|43,9|7,6|||3,34|3.1.01.01.03.00|
|C170|47|99947725150751||12|8|360|0|0|090|1556|1556|0|0|0|0|0|0||||0|0|0|51|360|1,65|||5,94|51|360|7,6|||27,36|3.1.01.01.03.00|
|C170|48|6107||1|8|498,8|0|0|060|1407|1407|0|0|0|0|0|0||||0|0|0|51|498,8|1,65|||8,23|51|498,8|7,6|||37,91|3.1.01.01.03.00|
|C170|49|6108||1|8|498,8|0|0|060|1407|1407|0|0|0|0|0|0||||0|0|0|51|498,8|1,65|||8,23|51|498,8|7,6|||37,91|3.1.01.01.03.00|
|C170|50|1894||2|8|344,4|0|0|060|1407|1407|0|0|0|0|0|0||||0|0|0|51|344,4|1,65|||5,68|51|344,4|7,6|||26,17|3.1.01.01.03.00|
|C170|51|99954011210387||4|8|251,2|0|0|060|1407|1407|0|0|0|0|0|0||||0|0|0|51|251,2|1,65|||4,14|51|251,2|7,6|||19,09|3.1.01.01.03.00|
|C170|52|99954011210214||1|8|97,7|0|0|090|1556|1556|0|0|0|0|0|0||||0|0|0|51|97,7|1,65|||1,61|51|97,7|7,6|||7,43|3.1.01.01.03.00|
|C170|53|3425||3|8|569,4|0|0|090|1556|1556|0|0|0|0|0|0||||0|0|0|51|569,4|1,65|||9,4|51|569,4|7,6|||43,27|3.1.01.01.03.00|
|C170|54|1839||4|8|71,6|0|0|060|1407|1407|0|0|0|0|0|0||||0|0|0|51|71,6|1,65|||1,18|51|71,6|7,6|||5,44|3.1.01.01.03.00|
|C170|55|99947725150621||8|8|58,4|0|0|060|1407|1407|0|0|0|0|0|0||||0|0|0|51|58,4|1,65|||0,96|51|58,4|7,6|||4,44|3.1.01.01.03.00|
|C170|56|1916||1|8|49,5|0|0|090|1556|1556|0|0|0|0|0|0||||0|0|0|51|49,5|1,65|||0,82|51|49,5|7,6|||3,76|3.1.01.01.03.00|
|C170|57|2149||24|8|374,4|0|0|090|1556|1556|0|0|0|0|0|0||||0|0|0|51|374,4|1,65|||6,18|51|374,4|7,6|||28,45|3.1.01.01.03.00|
|C170|58|1929||12|8|343,2|0|0|090|1556|1556|0|0|0|0|0|0||||0|0|0|51|343,2|1,65|||5,66|51|343,2|7,6|||26,08|3.1.01.01.03.00|
|C170|59|2882||2|8|6,8|0|0|090|1556|1556|0|0|0|0|0|0||||0|0|0|51|6,8|1,65|||0,11|51|6,8|7,6|||0,52|3.1.01.01.03.00|
|C170|60|3692||4|8|19|0|0|090|1556|1556|0|0|0|0|0|0||||0|0|0|51|19|1,65|||0,31|51|19|7,6|||1,44|3.1.01.01.03.00|
|C170|61|1980||8|8|7,2|0|0|090|1556|1556|0|0|0|0|0|0||||0|0|0|51|7,2|1,65|||0,12|51|7,2|7,6|||0,55|3.1.01.01.03.00|
|C170|62|6598||3|8|89,7|0|0|090|1556|1556|0|0|0|0|0|0||||0|0|0|51|89,7|1,65|||1,48|51|89,7|7,6|||6,82|3.1.01.01.03.00|
|C170|63|5462||4|8|90|0|0|090|1556|1556|0|0|0|0|0|0||||0|0|0|51|90|1,65|||1,49|51|90|7,6|||6,84|3.1.01.01.03.00|
|C170|64|3019||4|8|8,4|0|0|090|1556|1556|0|0|0|0|0|0||||0|0|0|51|8,4|1,65|||0,14|51|8,4|7,6|||0,64|3.1.01.01.03.00|
|C170|65|99947725150708||26|8|33,28|0|0|090|1556|1556|0|0|0|0|0|0||||0|0|0|51|33,28|1,65|||0,55|51|33,28|7,6|||2,53|3.1.01.01.03.00|
|C170|66|2988||4|8|6,52|0|0|090|1556|1556|0|0|0|0|0|0||||0|0|0|51|6,52|1,65|||0,11|51|6,52|7,6|||0,5|3.1.01.01.03.00|
|C170|67|3340||8|8|34,4|0|0|090|1556|1556|0|0|0|0|0|0||||0|0|0|51|34,4|1,65|||0,57|51|34,4|7,6|||2,61|3.1.01.01.03.00|
|C170|68|2964||2|8|21,6|0|0|090|1556|1556|0|0|0|0|0|0||||0|0|0|51|21,6|1,65|||0,36|51|21,6|7,6|||1,64|3.1.01.01.03.00|
|C170|69|2466||1|8|14,95|0|0|090|1556|1556|0|0|0|0|0|0||||0|0|0|51|14,95|1,65|||0,25|51|14,95|7,6|||1,14|3.1.01.01.03.00|
|C170|70|1985||5|8|94,5|0|0|090|1556|1556|0|0|0|0|0|0||||0|0|0|51|94,5|1,65|||1,56|51|94,5|7,6|||7,18|3.1.01.01.03.00|
|C170|71|99947725150807||4|8|85,2|0|0|090|1556|1556|0|0|0|0|0|0||||0|0|0|51|85,2|1,65|||1,41|51|85,2|7,6|||6,48|3.1.01.01.03.00|
|C170|72|1779||2|8|350|0|0|060|1407|1407|0|0|0|0|0|0||||0|0|0|51|350|1,65|||5,78|51|350|7,6|||26,6|3.1.01.01.03.00|
|C170|73|2314||4|8|115,2|0|0|090|1556|1556|0|0|0|0|0|0||||0|0|0|51|115,2|1,65|||1,9|51|115,2|7,6|||8,76|3.1.01.01.03.00|
|C170|74|99954011210392||4|8|67,2|0|0|060|1407|1407|0|0|0|0|0|0||||0|0|0|51|67,2|1,65|||1,11|51|67,2|7,6|||5,11|3.1.01.01.03.00|
|C170|75|2470||3|8|26,94|0|0|090|1556|1556|0|0|0|0|0|0||||0|0|0|51|26,94|1,65|||0,44|51|26,94|7,6|||2,05|3.1.01.01.03.00|
|C170|76|99954011210370||3|8|104,7|0|0|060|1407|1407|0|0|0|0|0|0||||0|0|0|51|104,7|1,65|||1,73|51|104,7|7,6|||7,96|3.1.01.01.03.00|
|C170|77|2883||6|8|19,86|0|0|090|1556|1556|0|0|0|0|0|0||||0|0|0|51|19,86|1,65|||0,33|51|19,86|7,6|||1,51|3.1.01.01.03.00|
|C170|78|3805||2|8|17|0|0|090|1556|1556|0|0|0|0|0|0||||0|0|0|51|17|1,65|||0,28|51|17|7,6|||1,29|3.1.01.01.03.00|
|C170|79|3099||3|8|44,7|0|0|060|1407|1407|0|0|0|0|0|0||||0|0|0|51|44,7|1,65|||0,74|51|44,7|7,6|||3,4|3.1.01.01.03.00|
|C170|80|2452||4|8|31,4|0|0|090|1556|1556|0|0|0|0|0|0||||0|0|0|51|31,4|1,65|||0,52|51|31,4|7,6|||2,39|3.1.01.01.03.00|
|C170|81|2862||3|8|9,9|0|0|060|1407|1407|0|0|0|0|0|0||||0|0|0|51|9,9|1,65|||0,16|51|9,9|7,6|||0,75|3.1.01.01.03.00|
|C170|82|3877||20|8|24|0|0|090|1556|1556|0|0|0|0|0|0||||0|0|0|51|24|1,65|||0,4|51|24|7,6|||1,82|3.1.01.01.03.00|
|C170|83|99947725150808||4|8|19,92|0|0|090|1556|1556|0|0|0|0|0|0||||0|0|0|51|19,92|1,65|||0,33|51|19,92|7,6|||1,51|3.1.01.01.03.00|
|C170|84|1759||12|8|190,8|0|0|060|1407|1407|0|0|0|0|0|0||||0|0|0|51|190,8|1,65|||3,15|51|190,8|7,6|||14,5|3.1.01.01.03.00|
|C170|85|99947725150561||8|8|6,8|0|0|090|1556|1556|0|0|0|0|0|0||||0|0|0|51|6,8|1,65|||0,11|51|6,8|7,6|||0,52|3.1.01.01.03.00|
|C170|86|2491||18|8|17,64|0|0|090|1556|1556|0|0|0|0|0|0||||0|0|0|51|17,64|1,65|||0,29|51|17,64|7,6|||1,34|3.1.01.01.03.00|
|C170|87|4199||8|8|28|0|0|090|1556|1556|0|0|0|0|0|0||||0|0|0|51|28|1,65|||0,46|51|28|7,6|||2,13|3.1.01.01.03.00|
|C170|88|2471||8|8|39,84|0|0|090|1556|1556|0|0|0|0|0|0||||0|0|0|51|39,84|1,65|||0,66|51|39,84|7,6|||3,03|3.1.01.01.03.00|
|C170|89|1921||8|8|81,68|0|0|090|1556|1556|0|0|0|0|0|0||||0|0|0|51|81,68|1,65|||1,35|51|81,68|7,6|||6,21|3.1.01.01.03.00|
|C170|90|1896||256|8|43,52|0|0|090|1556|1556|0|0|0|0|0|0||||0|0|0|51|43,52|1,65|||0,72|51|43,52|7,6|||3,31|3.1.01.01.03.00|
|C170|91|1828||4|8|90|0|0|090|1556|1556|0|0|0|0|0|0||||0|0|0|51|90|1,65|||1,49|51|90|7,6|||6,84|3.1.01.01.03.00|
|C170|92|1819||4|8|672|0|0|060|1407|1407|0|0|0|0|0|0||||0|0|0|51|672|1,65|||11,09|51|672|7,6|||51,07|3.1.01.01.03.00|
|C170|93|1859||8|8|159,84|0|0|060|1407|1407|0|0|0|0|0|0||||0|0|0|51|159,84|1,65|||2,64|51|159,84|7,6|||12,15|3.1.01.01.03.00|
|C170|94|99954011210337||13|8|364|0|0|060|1407|1407|0|0|0|0|0|0||||0|0|0|51|364|1,65|||6,01|51|364|7,6|||27,66|3.1.01.01.03.00|
|C170|95|99954011210393||2|8|169,8|0|0|090|1556|1556|0|0|0|0|0|0||||0|0|0|51|169,8|1,65|||2,8|51|169,8|7,6|||12,9|3.1.01.01.03.00|
|C170|96|1957||18|4|453,6|0|0|060|1407|1407|0|0|0|0|0|0||||0|0|0|51|453,6|1,65|||7,48|51|453,6|7,6|||34,47|3.1.01.01.03.00|
|C170|97|99954011210391||14,4|4|993,6|0|0|090|1556|1556|0|0|0|0|0|0||||0|0|0|51|993,6|1,65|||16,39|51|993,6|7,6|||75,51|3.1.01.01.03.00|
|C170|98|99954011210366||2|8|85,6|0|0|090|1556|1556|0|0|0|0|0|0||||0|0|0|51|85,6|1,65|||1,41|51|85,6|7,6|||6,51|3.1.01.01.03.00|
|C170|99|1821||4|8|51,92|0|0|090|1556|1556|0|0|0|0|0|0||||0|0|0|51|51,92|1,65|||0,86|51|51,92|7,6|||3,95|3.1.01.01.03.00|
|C170|100|99947725150739||2|8|13,8|0|0|090|1556|1556|0|0|0|0|0|0||||0|0|0|51|13,8|1,65|||0,23|51|13,8|7,6|||1,05|3.1.01.01.03.00|
|C170|101|2145||1|8|32,5|0|0|060|1407|1407|0|0|0|0|0|0||||0|0|0|51|32,5|1,65|||0,54|51|32,5|7,6|||2,47|3.1.01.01.03.00|
|C170|102|2144||1|8|97,6|0|0|090|1556|1556|0|0|0|0|0|0||||0|0|0|51|97,6|1,65|||1,61|51|97,6|7,6|||7,42|3.1.01.01.03.00|
|C100|0|1|FOR000000828|55|00|001|153698|35240446830865000186550010001536981000822140|24042024|24042024|190,02|2|0|0|190,02|9|0|0|0|0|0|0|0|0|3,14|14,44|0|0|
|C170|1|99954011210145||33,993|5|190,02|0|0|061|1653|1653|0|0|0|0|0|0||||0|0|0|51|190,02|1,65|||3,14|51|190,02|7,6|||14,44|3.1.01.01.03.00|
|C100|0|1|FOR000000861|55|00|006|1000|50240427997918000103550060000010001090840187|09042024|09042024|187,89|2|0|0|187,89|9|0|0|0|0|0|0|0|0|3,1|14,28|0|0|
|C170|1|91042356000491||28,95|5|187,89|0|0|061|2653|1653|0|0|0|0|0|0||||0|0|0|51|187,89|1,65|||3,1|51|187,89|7,6|||14,28|3.1.01.01.03.00|
|C100|0|1|FOR000000861|55|00|006|1003|50240427997918000103550060000010031092002393|09042024|09042024|286,08|2|0|0|286,08|9|0|0|0|0|0|0|0|0|4,72|21,74|0|0|
|C170|1|1-1||47,76|5|286,08|0|0|061|2653|1653|0|0|0|0|0|0||||0|0|0|51|286,08|1,65|||4,72|51|286,08|7,6|||21,74|3.1.01.01.03.00|
|C100|0|1|FOR000000861|55|00|006|1004|50240427997918000103550060000010041092103596|09042024|09042024|197,43|2|0|0|197,43|9|0|0|0|0|0|0|0|0|3,26|15|0|0|
|C170|1|1-1||32,96|5|197,43|0|0|061|2653|1653|0|0|0|0|0|0||||0|0|0|51|197,43|1,65|||3,26|51|197,43|7,6|||15|3.1.01.01.03.00|
|C100|0|1|FOR000000861|55|00|006|1016|50240427997918000103550060000010161152117424|15042024|15042024|236,19|2|0|0|236,19|9|0|0|0|0|0|0|0|0|3,9|17,95|0|0|
|C170|1|1-1||39,432|5|236,19|0|0|061|2653|1653|0|0|0|0|0|0||||0|0|0|51|236,19|1,65|||3,9|51|236,19|7,6|||17,95|3.1.01.01.03.00|
|C100|0|1|FOR000000861|55|00|006|1018|50240427997918000103550060000010181161903016|16042024|16042024|255,05|2|0|0|255,05|9|0|0|0|0|0|0|0|0|4,21|19,38|0|0|
|C170|1|1-1||42,58|5|255,05|0|0|061|2653|1653|0|0|0|0|0|0||||0|0|0|51|255,05|1,65|||4,21|51|255,05|7,6|||19,38|3.1.01.01.03.00|
|C100|0|1|FOR000000861|55|00|006|1020|50240427997918000103550060000010201162255040|16042024|16042024|221,69|2|0|0|221,69|9|0|0|0|0|0|0|0|0|3,66|16,85|0|0|
|C170|1|1-1||37,011|5|221,69|0|0|061|2653|1653|0|0|0|0|0|0||||0|0|0|51|221,69|1,65|||3,66|51|221,69|7,6|||16,85|3.1.01.01.03.00|
|C100|0|1|FOR000000861|55|00|006|1034|50240427997918000103550060000010341192046321|19042024|19042024|141,84|2|0|0|141,84|9|0|0|0|0|0|0|0|0|2,34|10,78|0|0|
|C170|1|1-1||23,68|5|141,84|0|0|061|2653|1653|0|0|0|0|0|0||||0|0|0|51|141,84|1,65|||2,34|51|141,84|7,6|||10,78|3.1.01.01.03.00|
|C100|0|1|FOR000000861|55|00|006|1042|50240427997918000103550060000010421221741314|22042024|22042024|202,16|2|0|0|202,16|9|0|0|0|0|0|0|0|0|3,34|15,36|0|0|
|C170|1|1-1||33,75|5|202,16|0|0|061|2653|1653|0|0|0|0|0|0||||0|0|0|51|202,16|1,65|||3,34|51|202,16|7,6|||15,36|3.1.01.01.03.00|
|C100|0|1|FOR000000861|55|00|006|961|50240427997918000103550060000009611010733001|01042024|01042024|251,88|2|0|0|251,88|9|0|0|0|0|0|0|0|0|4,16|19,14|0|0|
|C170|1|1-1||42,051|5|251,88|0|0|061|2653|1653|0|0|0|0|0|0||||0|0|0|51|251,88|1,65|||4,16|51|251,88|7,6|||19,14|3.1.01.01.03.00|
|C100|0|1|FOR000000861|55|00|006|967|50240427997918000103550060000009671011858197|01042024|01042024|244,99|2|0|0|244,99|9|0|0|0|0|0|0|0|0|4,04|18,62|0|0|
|C170|1|1-1||40,9|5|244,99|0|0|061|2653|1653|0|0|0|0|0|0||||0|0|0|51|244,99|1,65|||4,04|51|244,99|7,6|||18,62|3.1.01.01.03.00|
|C100|0|1|FOR000000861|55|00|007|116|50240427997918000103550070000001161241526181|24042024|24042024|212,41|2|0|0|212,41|9|0|0|0|0|0|0|0|0|3,5|16,14|0|0|
|C170|1|1-1||35,462|5|212,41|0|0|061|2653|1653|0|0|0|0|0|0||||0|0|0|51|212,41|1,65|||3,5|51|212,41|7,6|||16,14|3.1.01.01.03.00|
|C100|0|1|FOR000000861|55|00|007|117|50240427997918000103550070000001171241537504|24042024|24042024|242,18|2|0|0|242,18|9|0|0|0|0|0|0|0|0|4|18,41|0|0|
|C170|1|1-1||40,432|5|242,18|0|0|061|2653|1653|0|0|0|0|0|0||||0|0|0|51|242,18|1,65|||4|51|242,18|7,6|||18,41|3.1.01.01.03.00|
|C100|0|1|FOR000000861|55|00|007|118|50240427997918000103550070000001181241544338|24042024|24042024|240,02|2|0|0|240,02|9|0|0|0|0|0|0|0|0|3,96|18,24|0|0|
|C170|1|1-1||40,071|5|240,02|0|0|061|2653|1653|0|0|0|0|0|0||||0|0|0|51|240,02|1,65|||3,96|51|240,02|7,6|||18,24|3.1.01.01.03.00|
|C100|0|1|FOR000000861|55|00|008|64|50240427997918000103550080000000641021942125|02042024|02042024|149,87|2|0|0|149,87|9|0|0|0|0|0|0|0|0|2,47|11,39|0|0|
|C170|1|1-1||25,021|5|149,87|0|0|061|2653|1653|0|0|0|0|0|0||||0|0|0|51|149,87|1,65|||2,47|51|149,87|7,6|||11,39|3.1.01.01.03.00|
|C100|0|1|FOR000000861|55|00|008|65|50240427997918000103550080000000651021945393|02042024|02042024|273,02|2|0|0|273,02|9|0|0|0|0|0|0|0|0|4,5|20,75|0|0|
|C170|1|1-1||45,58|5|273,02|0|0|061|2653|1653|0|0|0|0|0|0||||0|0|0|51|273,02|1,65|||4,5|51|273,02|7,6|||20,75|3.1.01.01.03.00|
|C100|0|1|FOR000000861|55|00|008|66|50240427997918000103550080000000661021948152|02042024|02042024|307,65|2|0|0|307,65|9|0|0|0|0|0|0|0|0|5,08|23,38|0|0|
|C170|1|1-1||51,362|5|307,65|0|0|061|2653|1653|0|0|0|0|0|0||||0|0|0|51|307,65|1,65|||5,08|51|307,65|7,6|||23,38|3.1.01.01.03.00|
|C100|0|1|FOR000000861|55|00|008|77|50240427997918000103550080000000771160625585|16042024|16042024|224,03|2|0|0|224,03|9|0|0|0|0|0|0|0|0|3,7|17,03|0|0|
|C170|1|1-1||37,402|5|224,03|0|0|061|2653|1653|0|0|0|0|0|0||||0|0|0|51|224,03|1,65|||3,7|51|224,03|7,6|||17,03|3.1.01.01.03.00|
|C100|0|1|FOR000000861|55|00|008|78|50240427997918000103550080000000781160629472|16042024|16042024|175,03|2|0|0|175,03|9|0|0|0|0|0|0|0|0|2,89|13,3|0|0|
|C170|1|1-1||29,222|5|175,03|0|0|061|2653|1653|0|0|0|0|0|0||||0|0|0|51|175,03|1,65|||2,89|51|175,03|7,6|||13,3|3.1.01.01.03.00|
|C100|0|1|FOR000000861|55|00|008|79|50240427997918000103550080000000791160632128|16042024|16042024|252|2|0|0|252|9|0|0|0|0|0|0|0|0|4,16|19,15|0|0|
|C170|1|1-1||42,071|5|252|0|0|061|2653|1653|0|0|0|0|0|0||||0|0|0|51|252|1,65|||4,16|51|252|7,6|||19,15|3.1.01.01.03.00|
|C100|0|1|FOR000000861|55|00|008|80|50240427997918000103550080000000801160639131|16042024|16042024|119,44|2|0|0|119,44|9|0|0|0|0|0|0|0|0|1,97|9,08|0|0|
|C170|1|1-1||19,94|5|119,44|0|0|061|2653|1653|0|0|0|0|0|0||||0|0|0|51|119,44|1,65|||1,97|51|119,44|7,6|||9,08|3.1.01.01.03.00|
|C100|0|1|FOR000000882|55|00|002|64741|35240408367816000160550020000647411844874767|05042024|05042024|221,71|2|0|0|221,71|9|0|0|0|0|0|0|0|0|3,66|16,85|0|0|
|C170|1|99954011210386||40,02|7|221,71|0|0|061|1653|1653|0|0|0|0|0|0||||0|0|0|51|221,71|1,65|||3,66|51|221,71|7,6|||16,85|3.1.01.01.03.00|
|C100|0|1|FOR000000897|55|00|001|233686|35240410653631000163550010002336861340474780|04042024|04042024|9902,06|2|6,14|0|9908,2|9|0|0|0|0|0|0|0|0|58,32|268,72|0|0|
|C170|1|48133||1|4|42,47|0,03|0|090|1556|1556|0|0|0|0|0|0||||0|0|0|70|0|0|||0|70|0|0|||0|3.1.01.01.03.00|
|C170|2|20000484||1|1|78,76|0,05|0|060|1407|1407|0|0|0|0|0|0||||0|0|0|51|78,71|1,65|||1,3|51|78,71|7,6|||5,98|3.1.01.01.03.00|
|C170|3|20000501||1|1|71,25|0,04|0|060|1407|1407|0|0|0|0|0|0||||0|0|0|51|71,21|1,65|||1,17|51|71,21|7,6|||5,41|3.1.01.01.03.00|
|C170|4|20000539||24,5|23|98,49|0,06|0|090|1556|1556|0|0|0|0|0|0||||0|0|0|70|0|0|||0|70|0|0|||0|3.1.01.01.03.00|
|C170|5|20000682||3|8|152,94|0,09|0|090|1556|1556|0|0|0|0|0|0||||0|0|0|70|0|0|||0|70|0|0|||0|3.1.01.01.03.00|
|C170|6|200010006||50|8|12,5|0,01|0|090|1556|1556|0|0|0|0|0|0||||0|0|0|70|0|0|||0|70|0|0|||0|3.1.01.01.03.00|
|C170|7|20001496||14|8|34,3|0,02|0|060|1407|1407|0|0|0|0|0|0||||0|0|0|51|34,28|1,65|||0,57|51|34,28|7,6|||2,61|3.1.01.01.03.00|
|C170|8|20001497||10|8|24,5|0,02|0|060|1407|1407|0|0|0|0|0|0||||0|0|0|51|24,48|1,65|||0,4|51|24,48|7,6|||1,86|3.1.01.01.03.00|
|C170|9|20001595||2|128|21,1|0,01|0|090|1556|1556|0|0|0|0|0|0||||0|0|0|70|0|0|||0|70|0|0|||0|3.1.01.01.03.00|
|C170|10|20001606||1|8|8,17|0,01|0|060|1407|1407|0|0|0|0|0|0||||0|0|0|51|8,16|1,65|||0,13|51|8,16|7,6|||0,62|3.1.01.01.03.00|
|C170|11|20001678||40|1|40|0,02|0|090|1556|1556|0|0|0|0|0|0||||0|0|0|70|0|0|||0|70|0|0|||0|3.1.01.01.03.00|
|C170|12|20001773||1|8|27,89|0,02|0|060|1407|1407|0|0|0|0|0|0||||0|0|0|51|27,87|1,65|||0,46|51|27,87|7,6|||2,12|3.1.01.01.03.00|
|C170|13|20001818||30|8|7,5|0|0|090|1556|1556|0|0|0|0|0|0||||0|0|0|70|0|0|||0|70|0|0|||0|3.1.01.01.03.00|
|C170|14|20001836||4|1|111|0,07|0|090|1556|1556|0|0|0|0|0|0||||0|0|0|70|0|0|||0|70|0|0|||0|3.1.01.01.03.00|
|C170|15|20001853||1|8|4,39|0|0|090|1556|1556|0|0|0|0|0|0||||0|0|0|70|0|0|||0|70|0|0|||0|3.1.01.01.03.00|
|C170|16|20001872||3|1|39,81|0,02|0|090|1556|1556|0|0|0|0|0|0||||0|0|0|70|0|0|||0|70|0|0|||0|3.1.01.01.03.00|
|C170|17|20001948||50|23|509|0,32|0|090|1556|1556|0|0|0|0|0|0||||0|0|0|70|0|0|||0|70|0|0|||0|3.1.01.01.03.00|
|C170|18|20001976||12,5|6|329,25|0,2|0|090|1556|1556|0|0|0|0|0|0||||0|0|0|70|0|0|||0|70|0|0|||0|3.1.01.01.03.00|
|C170|19|20002001||2|8|15,34|0,01|0|060|1407|1407|0|0|0|0|0|0||||0|0|0|51|15,33|1,65|||0,25|51|15,33|7,6|||1,17|3.1.01.01.03.00|
|C170|20|20002017||1|8|13,14|0,01|0|060|1407|1407|0|0|0|0|0|0||||0|0|0|51|13,13|1,65|||0,22|51|13,13|7,6|||1|3.1.01.01.03.00|
|C170|21|20002033||2|1|16|0,01|0|060|1407|1407|0|0|0|0|0|0||||0|0|0|51|15,99|1,65|||0,26|51|15,99|7,6|||1,22|3.1.01.01.03.00|
|C170|22|20002139||1|1|406,29|0,25|0|090|1556|1556|0|0|0|0|0|0||||0|0|0|70|0|0|||0|70|0|0|||0|3.1.01.01.03.00|
|C170|23|20002156||5|8|93,3|0,06|0|090|1556|1556|0|0|0|0|0|0||||0|0|0|70|0|0|||0|70|0|0|||0|3.1.01.01.03.00|
|C170|24|20002273||4|8|333,44|0,21|0|090|1556|1556|0|0|0|0|0|0||||0|0|0|70|0|0|||0|70|0|0|||0|3.1.01.01.03.00|
|C170|25|20002275||4|8|114,84|0,07|0|090|1556|1556|0|0|0|0|0|0||||0|0|0|70|0|0|||0|70|0|0|||0|3.1.01.01.03.00|
|C170|26|20002464||1|8|17,12|0,01|0|060|1407|1407|0|0|0|0|0|0||||0|0|0|51|17,11|1,65|||0,28|51|17,11|7,6|||1,3|3.1.01.01.03.00|
|C170|27|20002475||2|1|144,3|0,09|0|090|1556|1556|0|0|0|0|0|0||||0|0|0|70|0|0|||0|70|0|0|||0|3.1.01.01.03.00|
|C170|28|20002587||20|8|69,6|0,04|0|090|1556|1556|0|0|0|0|0|0||||0|0|0|70|0|0|||0|70|0|0|||0|3.1.01.01.03.00|
|C170|29|20002626||48|128|102,72|0,06|0|090|1556|1556|0|0|0|0|0|0||||0|0|0|70|0|0|||0|70|0|0|||0|3.1.01.01.03.00|
|C170|30|20002705||2|8|3,96|0|0|090|1556|1556|0|0|0|0|0|0||||0|0|0|70|0|0|||0|70|0|0|||0|3.1.01.01.03.00|
|C170|31|20002736||2|8|13,58|0,01|0|090|1556|1556|0|0|0|0|0|0||||0|0|0|70|0|0|||0|70|0|0|||0|3.1.01.01.03.00|
|C170|32|20002884||1|8|54,84|0,03|0|060|1407|1407|0|0|0|0|0|0||||0|0|0|51|54,81|1,65|||0,9|51|54,81|7,6|||4,17|3.1.01.01.03.00|
|C170|33|20003426||44|8|74,36|0,05|0|090|1556|1556|0|0|0|0|0|0||||0|0|0|70|0|0|||0|70|0|0|||0|3.1.01.01.03.00|
|C170|34|20003535||5|8|147,35|0,09|0|090|1556|1556|0|0|0|0|0|0||||0|0|0|70|0|0|||0|70|0|0|||0|3.1.01.01.03.00|
|C170|35|20003662||0,5|6|19,72|0,01|0|060|1407|1407|0|0|0|0|0|0||||0|0|0|51|19,71|1,65|||0,33|51|19,71|7,6|||1,5|3.1.01.01.03.00|
|C170|36|20003828||2|8|36,2|0,02|0|060|1407|1407|0|0|0|0|0|0||||0|0|0|51|36,18|1,65|||0,6|51|36,18|7,6|||2,75|3.1.01.01.03.00|
|C170|37|20003853||1|1|98,31|0,06|0|090|1556|1556|0|0|0|0|0|0||||0|0|0|70|0|0|||0|70|0|0|||0|3.1.01.01.03.00|
|C170|38|20004020||2,1|23|322,12|0,2|0|060|1407|1407|0|0|0|0|0|0||||0|0|0|51|321,92|1,65|||5,31|51|321,92|7,6|||24,47|3.1.01.01.03.00|
|C170|39|20004040||3|8|528,54|0,33|0|090|1556|1556|0|0|0|0|0|0||||0|0|0|51|528,21|1,65|||8,72|51|528,21|7,6|||40,14|3.1.01.01.03.00|
|C170|40|20004178||50|8|4|0|0|090|1556|1556|0|0|0|0|0|0||||0|0|0|70|0|0|||0|70|0|0|||0|3.1.01.01.03.00|
|C170|41|20005119||1|8|178,83|0,11|0|090|1556|1556|0|0|0|0|0|0||||0|0|0|70|0|0|||0|70|0|0|||0|3.1.01.01.03.00|
|C170|42|20005211||20|23|151,8|0,09|0|090|1556|1556|0|0|0|0|0|0||||0|0|0|70|0|0|||0|70|0|0|||0|3.1.01.01.03.00|
|C170|43|20005699||1|8|708,56|0,47|0|060|1407|1407|0|0|0|0|0|0||||0|0|0|51|708,09|1,65|||11,68|51|708,09|7,6|||53,81|3.1.01.01.03.00|
|C170|44|20005766||28|8|49,28|0,03|0|090|1556|1556|0|0|0|0|0|0||||0|0|0|70|0|0|||0|70|0|0|||0|3.1.01.01.03.00|
|C170|45|20005792||2|8|79,78|0,05|0|090|1556|1556|0|0|0|0|0|0||||0|0|0|70|0|0|||0|70|0|0|||0|3.1.01.01.03.00|
|C170|46|20005918||16|8|112|0,07|0|090|1556|1556|0|0|0|0|0|0||||0|0|0|70|0|0|||0|70|0|0|||0|3.1.01.01.03.00|
|C170|47|20005987||20|1|66,2|0,04|0|090|1556|1556|0|0|0|0|0|0||||0|0|0|70|0|0|||0|70|0|0|||0|3.1.01.01.03.00|
|C170|48|20005989||20|8|59|0,04|0|090|1556|1556|0|0|0|0|0|0||||0|0|0|70|0|0|||0|70|0|0|||0|3.1.01.01.03.00|
|C170|49|20006973||2|8|19,72|0,01|0|060|1407|1407|0|0|0|0|0|0||||0|0|0|51|19,71|1,65|||0,33|51|19,71|7,6|||1,5|3.1.01.01.03.00|
|C170|50|20007441||1|8|118,14|0,07|0|060|1407|1407|0|0|0|0|0|0||||0|0|0|51|118,07|1,65|||1,95|51|118,07|7,6|||8,97|3.1.01.01.03.00|
|C170|51|20007791||6|8|173,16|0,11|0|090|1556|1556|0|0|0|0|0|0||||0|0|0|70|0|0|||0|70|0|0|||0|3.1.01.01.03.00|
|C170|52|20008097||1|1|19,45|0,01|0|090|1556|1556|0|0|0|0|0|0||||0|0|0|70|0|0|||0|70|0|0|||0|3.1.01.01.03.00|
|C170|53|20008190||2|5|97,34|0,06|0|060|1653|1653|0|0|0|0|0|0||||0|0|0|51|97,28|1,65|||1,61|51|97,28|7,6|||7,39|3.1.01.01.03.00|
|C170|54|20009507||160|8|113,6|0,07|0|060|1407|1407|0|0|0|0|0|0||||0|0|0|51|113,53|1,65|||1,87|51|113,53|7,6|||8,63|3.1.01.01.03.00|
|C170|55|20009508||30|1|24,3|0,02|0|060|1407|1407|0|0|0|0|0|0||||0|0|0|51|24,28|1,65|||0,4|51|24,28|7,6|||1,85|3.1.01.01.03.00|
|C170|56|20010309||4|8|25,28|0,02|0|090|1556|1556|0|0|0|0|0|0||||0|0|0|70|0|0|||0|70|0|0|||0|3.1.01.01.03.00|
|C170|57|20010534||1|8|450,5|0,28|0|060|1407|1407|0|0|0|0|0|0||||0|0|0|51|450,22|1,65|||7,43|51|450,22|7,6|||34,22|3.1.01.01.03.00|
|C170|58|20012384||1|8|165,87|0,1|0|090|1556|1556|0|0|0|0|0|0||||0|0|0|70|0|0|||0|70|0|0|||0|3.1.01.01.03.00|
|C170|59|20012583||6|8|40,08|0,02|0|060|1407|1407|0|0|0|0|0|0||||0|0|0|51|40,06|1,65|||0,66|51|40,06|7,6|||3,04|3.1.01.01.03.00|
|C170|60|20014497||1|4|140,79|0,09|0|060|1407|1407|0|0|0|0|0|0||||0|0|0|51|140,7|1,65|||2,32|51|140,7|7,6|||10,69|3.1.01.01.03.00|
|C170|61|20014884||44|1|212,52|0,13|0|090|1556|1556|0|0|0|0|0|0||||0|0|0|70|0|0|||0|70|0|0|||0|3.1.01.01.03.00|
|C170|62|20017415||1|6|54,22|0,03|0|060|1407|1407|0|0|0|0|0|0||||0|0|0|51|54,19|1,65|||0,89|51|54,19|7,6|||4,12|3.1.01.01.03.00|
|C170|63|20017723||1|1|70,96|0,04|0|060|1407|1407|0|0|0|0|0|0||||0|0|0|51|70,92|1,65|||1,17|51|70,92|7,6|||5,39|3.1.01.01.03.00|
|C170|64|20017959||20|1|362,8|0,22|0|090|1556|1556|0|0|0|0|0|0||||0|0|0|70|0|0|||0|70|0|0|||0|3.1.01.01.03.00|
|C170|65|20018441||7|1|501,69|0,31|0|090|1556|1556|0|0|0|0|0|0||||0|0|0|70|0|0|||0|70|0|0|||0|3.1.01.01.03.00|
|C170|66|20018512||140|1|81,2|0,05|0|090|1556|1556|0|0|0|0|0|0||||0|0|0|70|0|0|||0|70|0|0|||0|3.1.01.01.03.00|
|C170|67|20019944||3|1|13,5|0,01|0|060|1407|1407|0|0|0|0|0|0||||0|0|0|51|13,49|1,65|||0,22|51|13,49|7,6|||1,03|3.1.01.01.03.00|
|C170|68|20020152||1|5|58,9|0,04|0|090|1556|1556|0|0|0|0|0|0||||0|0|0|70|0|0|||0|70|0|0|||0|3.1.01.01.03.00|
|C170|69|20020332||49|1|205,8|0,13|0|090|1556|1556|0|0|0|0|0|0||||0|0|0|51|205,67|1,65|||3,39|51|205,67|7,6|||15,63|3.1.01.01.03.00|
|C170|70|20020700||2|8|523,1|0,32|0|090|1556|1556|0|0|0|0|0|0||||0|0|0|70|0|0|||0|70|0|0|||0|3.1.01.01.03.00|
|C170|71|20021241||28|1|301,28|0,19|0|090|1556|1556|0|0|0|0|0|0||||0|0|0|70|0|0|||0|70|0|0|||0|3.1.01.01.03.00|
|C170|72|20021708||1|1|97,5|0,06|0|090|1556|1556|0|0|0|0|0|0||||0|0|0|70|0|0|||0|70|0|0|||0|3.1.01.01.03.00|
|C170|73|20022078||2|8|176,26|0,11|0|090|1556|1556|0|0|0|0|0|0||||0|0|0|70|0|0|||0|70|0|0|||0|3.1.01.01.03.00|
|C170|74|20022125||2|1|212,4|0,13|0|060|1407|1407|0|0|0|0|0|0||||0|0|0|51|212,27|1,65|||3,5|51|212,27|7,6|||16,13|3.1.01.01.03.00|
|C100|0|1|FOR000000897|55|00|001|234064|35240410653631000163550010002340641298613247|09042024|09042024|2300|2|80|0|2380|9|0|0|0|0|0|0|0|0|0|0|0|0|
|C170|1|20014114||10|128|2380|80|0|090|1556|1556|0|0|0|0|0|0||||0|0|0|70|0|0|||0|70|0|0|||0|3.1.01.01.03.00|
|C100|0|1|FOR000000926|55|00|001|168148|35240454364849000173550010001681481006455245|01042024|01042024|1|2|0|0|1|9|0|0|0|0|0|0|0|0|0|0|0|0|
|C170|1|70051||1|1|1|0|0|000|1916|1916|0|0|0|0|0|0||||0|0|0|70|0|0|||0|70|0|0|||0|3.1.01.01.03.00|
|C100|0|1|FOR000000926|55|00|001|168149|35240454364849000173550010001681491000039972|01042024|01042024|5|2|0|0|5|9|0|0|0|0|0|0|0|0|0|0|0|0|
|C170|1|70051||1|1|1|0|0|000|1916|1916|0|0|0|0|0|0||||0|0|0|70|0|0|||0|70|0|0|||0|3.1.01.01.03.00|
|C170|2|70051||1|1|1|0|0|000|1916|1916|0|0|0|0|0|0||||0|0|0|70|0|0|||0|70|0|0|||0|3.1.01.01.03.00|
|C170|3|70051||1|1|1|0|0|000|1916|1916|0|0|0|0|0|0||||0|0|0|70|0|0|||0|70|0|0|||0|3.1.01.01.03.00|
|C170|4|70051||1|1|1|0|0|000|1916|1916|0|0|0|0|0|0||||0|0|0|70|0|0|||0|70|0|0|||0|3.1.01.01.03.00|
|C170|5|70051||1|1|1|0|0|000|1916|1916|0|0|0|0|0|0||||0|0|0|70|0|0|||0|70|0|0|||0|3.1.01.01.03.00|
|C100|0|1|FOR000000926|55|00|001|168150|35240454364849000173550010001681501000736160|01042024|01042024|2|2|0|0|2|9|0|0|0|0|0|0|0|0|0|0|0|0|
|C170|1|70051||1|1|1|0|0|000|1916|1916|0|0|0|0|0|0||||0|0|0|70|0|0|||0|70|0|0|||0|3.1.01.01.03.00|
|C170|2|70051||1|1|1|0|0|000|1916|1916|0|0|0|0|0|0||||0|0|0|70|0|0|||0|70|0|0|||0|3.1.01.01.03.00|
|C100|0|1|FOR000000926|55|00|001|168151|35240454364849000173550010001681511000883534|01042024|01042024|6|2|0|0|6|9|0|0|0|0|0|0|0|0|0|0|0|0|
|C170|1|70051||1|1|1|0|0|000|1916|1916|0|0|0|0|0|0||||0|0|0|70|0|0|||0|70|0|0|||0|3.1.01.01.03.00|
|C170|2|70051||1|1|1|0|0|000|1916|1916|0|0|0|0|0|0||||0|0|0|70|0|0|||0|70|0|0|||0|3.1.01.01.03.00|
|C170|3|70051||1|1|1|0|0|000|1916|1916|0|0|0|0|0|0||||0|0|0|70|0|0|||0|70|0|0|||0|3.1.01.01.03.00|
|C170|4|70051||1|1|1|0|0|000|1916|1916|0|0|0|0|0|0||||0|0|0|70|0|0|||0|70|0|0|||0|3.1.01.01.03.00|
|C170|5|70051||1|1|1|0|0|000|1916|1916|0|0|0|0|0|0||||0|0|0|70|0|0|||0|70|0|0|||0|3.1.01.01.03.00|
|C170|6|70051||1|1|1|0|0|000|1916|1916|0|0|0|0|0|0||||0|0|0|70|0|0|||0|70|0|0|||0|3.1.01.01.03.00|
|C100|0|1|FOR000000926|55|00|001|168181|35240454364849000173550010001681811008527035|02042024|02042024|1|2|0|0|1|9|0|0|0|0|0|0|0|0|0|0|0|0|
|C170|1|70051||1|1|1|0|0|000|1916|1916|0|0|0|0|0|0||||0|0|0|70|0|0|||0|70|0|0|||0|3.1.01.01.03.00|
|C100|0|1|FOR000000926|55|00|001|168182|35240454364849000173550010001681821002051613|02042024|02042024|3|2|0|0|3|9|0|0|0|0|0|0|0|0|0|0|0|0|
|C170|1|70051||1|1|1|0|0|000|1916|1916|0|0|0|0|0|0||||0|0|0|70|0|0|||0|70|0|0|||0|3.1.01.01.03.00|
|C170|2|70051||1|1|1|0|0|000|1916|1916|0|0|0|0|0|0||||0|0|0|70|0|0|||0|70|0|0|||0|3.1.01.01.03.00|
|C170|3|70051||1|1|1|0|0|000|1916|1916|0|0|0|0|0|0||||0|0|0|70|0|0|||0|70|0|0|||0|3.1.01.01.03.00|
|C100|0|1|FOR000000926|55|00|001|168217|35240454364849000173550010001682171006536767|03042024|03042024|1|2|0|0|1|9|0|0|0|0|0|0|0|0|0|0|0|0|
|C170|1|70051||1|1|1|0|0|000|1916|1916|0|0|0|0|0|0||||0|0|0|70|0|0|||0|70|0|0|||0|3.1.01.01.03.00|
|C100|0|1|FOR000000926|55|00|001|168309|35240454364849000173550010001683091001996003|08042024|08042024|2|2|0|0|2|9|0|0|0|0|0|0|0|0|0|0|0|0|
|C170|1|70051||1|1|1|0|0|000|1916|1916|0|0|0|0|0|0||||0|0|0|70|0|0|||0|70|0|0|||0|3.1.01.01.03.00|
|C170|2|70051||1|1|1|0|0|000|1916|1916|0|0|0|0|0|0||||0|0|0|70|0|0|||0|70|0|0|||0|3.1.01.01.03.00|
|C100|0|1|FOR000000926|55|00|001|168310|35240454364849000173550010001683101001927002|08042024|08042024|10|2|0|0|10|9|0|0|0|0|0|0|0|0|0|0|0|0|
|C170|1|70051||1|1|1|0|0|000|1916|1916|0|0|0|0|0|0||||0|0|0|70|0|0|||0|70|0|0|||0|3.1.01.01.03.00|
|C170|2|70051||1|1|1|0|0|000|1916|1916|0|0|0|0|0|0||||0|0|0|70|0|0|||0|70|0|0|||0|3.1.01.01.03.00|
|C170|3|70051||1|1|1|0|0|000|1916|1916|0|0|0|0|0|0||||0|0|0|70|0|0|||0|70|0|0|||0|3.1.01.01.03.00|
|C170|4|70051||1|1|1|0|0|000|1916|1916|0|0|0|0|0|0||||0|0|0|70|0|0|||0|70|0|0|||0|3.1.01.01.03.00|
|C170|5|70051||1|1|1|0|0|000|1916|1916|0|0|0|0|0|0||||0|0|0|70|0|0|||0|70|0|0|||0|3.1.01.01.03.00|
|C170|6|70051||1|1|1|0|0|000|1916|1916|0|0|0|0|0|0||||0|0|0|70|0|0|||0|70|0|0|||0|3.1.01.01.03.00|
|C170|7|70051||1|1|1|0|0|000|1916|1916|0|0|0|0|0|0||||0|0|0|70|0|0|||0|70|0|0|||0|3.1.01.01.03.00|
|C170|8|70051||1|1|1|0|0|000|1916|1916|0|0|0|0|0|0||||0|0|0|70|0|0|||0|70|0|0|||0|3.1.01.01.03.00|
|C170|9|70051||1|1|1|0|0|000|1916|1916|0|0|0|0|0|0||||0|0|0|70|0|0|||0|70|0|0|||0|3.1.01.01.03.00|
|C170|10|70051||1|1|1|0|0|000|1916|1916|0|0|0|0|0|0||||0|0|0|70|0|0|||0|70|0|0|||0|3.1.01.01.03.00|
|C100|0|1|FOR000000926|55|00|001|168311|35240454364849000173550010001683111006483371|08042024|08042024|2|2|0|0|2|9|0|0|0|0|0|0|0|0|0|0|0|0|
|C170|1|70051||1|1|1|0|0|000|1916|1916|0|0|0|0|0|0||||0|0|0|70|0|0|||0|70|0|0|||0|3.1.01.01.03.00|
|C170|2|70051||1|1|1|0|0|000|1916|1916|0|0|0|0|0|0||||0|0|0|70|0|0|||0|70|0|0|||0|3.1.01.01.03.00|
|C100|0|1|FOR000000926|55|00|001|168312|35240454364849000173550010001683121006609372|08042024|08042024|6|2|0|0|6|9|0|0|0|0|0|0|0|0|0|0|0|0|
|C170|1|70051||1|1|1|0|0|000|1916|1916|0|0|0|0|0|0||||0|0|0|70|0|0|||0|70|0|0|||0|3.1.01.01.03.00|
|C170|2|70051||1|1|1|0|0|000|1916|1916|0|0|0|0|0|0||||0|0|0|70|0|0|||0|70|0|0|||0|3.1.01.01.03.00|
|C170|3|70051||1|1|1|0|0|000|1916|1916|0|0|0|0|0|0||||0|0|0|70|0|0|||0|70|0|0|||0|3.1.01.01.03.00|
|C170|4|70051||1|1|1|0|0|000|1916|1916|0|0|0|0|0|0||||0|0|0|70|0|0|||0|70|0|0|||0|3.1.01.01.03.00|
|C170|5|70051||1|1|1|0|0|000|1916|1916|0|0|0|0|0|0||||0|0|0|70|0|0|||0|70|0|0|||0|3.1.01.01.03.00|
|C170|6|70051||1|1|1|0|0|000|1916|1916|0|0|0|0|0|0||||0|0|0|70|0|0|||0|70|0|0|||0|3.1.01.01.03.00|
|C100|0|1|FOR000000926|55|00|001|168313|35240454364849000173550010001683131001901374|08042024|08042024|6|2|0|0|6|9|0|0|0|0|0|0|0|0|0|0|0|0|
|C170|1|70051||1|1|1|0|0|000|1916|1916|0|0|0|0|0|0||||0|0|0|70|0|0|||0|70|0|0|||0|3.1.01.01.03.00|
|C170|2|70051||1|1|1|0|0|000|1916|1916|0|0|0|0|0|0||||0|0|0|70|0|0|||0|70|0|0|||0|3.1.01.01.03.00|
|C170|3|70051||1|1|1|0|0|000|1916|1916|0|0|0|0|0|0||||0|0|0|70|0|0|||0|70|0|0|||0|3.1.01.01.03.00|
|C170|4|70051||1|1|1|0|0|000|1916|1916|0|0|0|0|0|0||||0|0|0|70|0|0|||0|70|0|0|||0|3.1.01.01.03.00|
|C170|5|70051||1|1|1|0|0|000|1916|1916|0|0|0|0|0|0||||0|0|0|70|0|0|||0|70|0|0|||0|3.1.01.01.03.00|
|C170|6|70051||1|1|1|0|0|000|1916|1916|0|0|0|0|0|0||||0|0|0|70|0|0|||0|70|0|0|||0|3.1.01.01.03.00|
|C100|0|1|FOR000000926|55|00|001|168314|35240454364849000173550010001683141003884016|08042024|08042024|5|2|0|0|5|9|0|0|0|0|0|0|0|0|0|0|0|0|
|C170|1|70051||1|1|1|0|0|000|1916|1916|0|0|0|0|0|0||||0|0|0|70|0|0|||0|70|0|0|||0|3.1.01.01.03.00|
|C170|2|70051||1|1|1|0|0|000|1916|1916|0|0|0|0|0|0||||0|0|0|70|0|0|||0|70|0|0|||0|3.1.01.01.03.00|
|C170|3|70051||1|1|1|0|0|000|1916|1916|0|0|0|0|0|0||||0|0|0|70|0|0|||0|70|0|0|||0|3.1.01.01.03.00|
|C170|4|70051||1|1|1|0|0|000|1916|1916|0|0|0|0|0|0||||0|0|0|70|0|0|||0|70|0|0|||0|3.1.01.01.03.00|
|C170|5|70051||1|1|1|0|0|000|1916|1916|0|0|0|0|0|0||||0|0|0|70|0|0|||0|70|0|0|||0|3.1.01.01.03.00|
|C100|0|1|FOR000000926|55|00|001|168378|35240454364849000173550010001683781008203898|10042024|10042024|3|2|0|0|3|9|0|0|0|0|0|0|0|0|0|0|0|0|
|C170|1|70051||1|1|1|0|0|000|1916|1916|0|0|0|0|0|0||||0|0|0|70|0|0|||0|70|0|0|||0|3.1.01.01.03.00|
|C170|2|70051||1|1|1|0|0|000|1916|1916|0|0|0|0|0|0||||0|0|0|70|0|0|||0|70|0|0|||0|3.1.01.01.03.00|
|C170|3|70051||1|1|1|0|0|000|1916|1916|0|0|0|0|0|0||||0|0|0|70|0|0|||0|70|0|0|||0|3.1.01.01.03.00|
|C100|0|1|FOR000000926|55|00|001|168379|35240454364849000173550010001683791001801002|10042024|10042024|13|2|0|0|13|9|0|0|0|0|0|0|0|0|0|0|0|0|
|C170|1|70051||1|1|1|0|0|000|1916|1916|0|0|0|0|0|0||||0|0|0|70|0|0|||0|70|0|0|||0|3.1.01.01.03.00|
|C170|2|70051||1|1|1|0|0|000|1916|1916|0|0|0|0|0|0||||0|0|0|70|0|0|||0|70|0|0|||0|3.1.01.01.03.00|
|C170|3|70051||1|1|1|0|0|000|1916|1916|0|0|0|0|0|0||||0|0|0|70|0|0|||0|70|0|0|||0|3.1.01.01.03.00|
|C170|4|70051||1|1|1|0|0|000|1916|1916|0|0|0|0|0|0||||0|0|0|70|0|0|||0|70|0|0|||0|3.1.01.01.03.00|
|C170|5|70051||1|1|1|0|0|000|1916|1916|0|0|0|0|0|0||||0|0|0|70|0|0|||0|70|0|0|||0|3.1.01.01.03.00|
|C170|6|70051||1|1|1|0|0|000|1916|1916|0|0|0|0|0|0||||0|0|0|70|0|0|||0|70|0|0|||0|3.1.01.01.03.00|
|C170|7|70051||1|1|1|0|0|000|1916|1916|0|0|0|0|0|0||||0|0|0|70|0|0|||0|70|0|0|||0|3.1.01.01.03.00|
|C170|8|70051||1|1|1|0|0|000|1916|1916|0|0|0|0|0|0||||0|0|0|70|0|0|||0|70|0|0|||0|3.1.01.01.03.00|
|C170|9|70051||1|1|1|0|0|000|1916|1916|0|0|0|0|0|0||||0|0|0|70|0|0|||0|70|0|0|||0|3.1.01.01.03.00|
|C170|10|70051||1|1|1|0|0|000|1916|1916|0|0|0|0|0|0||||0|0|0|70|0|0|||0|70|0|0|||0|3.1.01.01.03.00|
|C170|11|70051||1|1|1|0|0|000|1916|1916|0|0|0|0|0|0||||0|0|0|70|0|0|||0|70|0|0|||0|3.1.01.01.03.00|
|C170|12|70051||1|1|1|0|0|000|1916|1916|0|0|0|0|0|0||||0|0|0|70|0|0|||0|70|0|0|||0|3.1.01.01.03.00|
|C170|13|70051||1|1|1|0|0|000|1916|1916|0|0|0|0|0|0||||0|0|0|70|0|0|||0|70|0|0|||0|3.1.01.01.03.00|
|C100|0|1|FOR000000926|55|00|001|168380|35240454364849000173550010001683801002546961|10042024|10042024|3|2|0|0|3|9|0|0|0|0|0|0|0|0|0|0|0|0|
|C170|1|70051||1|1|1|0|0|000|1916|1916|0|0|0|0|0|0||||0|0|0|70|0|0|||0|70|0|0|||0|3.1.01.01.03.00|
|C170|2|70051||1|1|1|0|0|000|1916|1916|0|0|0|0|0|0||||0|0|0|70|0|0|||0|70|0|0|||0|3.1.01.01.03.00|
|C170|3|70051||1|1|1|0|0|000|1916|1916|0|0|0|0|0|0||||0|0|0|70|0|0|||0|70|0|0|||0|3.1.01.01.03.00|
|C100|0|1|FOR000000926|55|00|001|168381|35240454364849000173550010001683811003421035|10042024|10042024|5|2|0|0|5|9|0|0|0|0|0|0|0|0|0|0|0|0|
|C170|1|70051||1|1|1|0|0|000|1916|1916|0|0|0|0|0|0||||0|0|0|70|0|0|||0|70|0|0|||0|3.1.01.01.03.00|
|C170|2|70051||1|1|1|0|0|000|1916|1916|0|0|0|0|0|0||||0|0|0|70|0|0|||0|70|0|0|||0|3.1.01.01.03.00|
|C170|3|70051||1|1|1|0|0|000|1916|1916|0|0|0|0|0|0||||0|0|0|70|0|0|||0|70|0|0|||0|3.1.01.01.03.00|
|C170|4|70051||1|1|1|0|0|000|1916|1916|0|0|0|0|0|0||||0|0|0|70|0|0|||0|70|0|0|||0|3.1.01.01.03.00|
|C170|5|70051||1|1|1|0|0|000|1916|1916|0|0|0|0|0|0||||0|0|0|70|0|0|||0|70|0|0|||0|3.1.01.01.03.00|
|C100|0|1|FOR000000926|55|00|001|168382|35240454364849000173550010001683821007629070|10042024|10042024|2|2|0|0|2|9|0|0|0|0|0|0|0|0|0|0|0|0|
|C170|1|70051||1|1|1|0|0|000|1916|1916|0|0|0|0|0|0||||0|0|0|70|0|0|||0|70|0|0|||0|3.1.01.01.03.00|
|C170|2|70051||1|1|1|0|0|000|1916|1916|0|0|0|0|0|0||||0|0|0|70|0|0|||0|70|0|0|||0|3.1.01.01.03.00|
|C100|0|1|FOR000000926|55|00|001|168387|35240454364849000173550010001683871005645287|10042024|10042024|3|2|0|0|3|9|0|0|0|0|0|0|0|0|0|0|0|0|
|C170|1|70051||1|1|1|0|0|000|1916|1916|0|0|0|0|0|0||||0|0|0|70|0|0|||0|70|0|0|||0|3.1.01.01.03.00|
|C170|2|70051||1|1|1|0|0|000|1916|1916|0|0|0|0|0|0||||0|0|0|70|0|0|||0|70|0|0|||0|3.1.01.01.03.00|
|C170|3|70051||1|1|1|0|0|000|1916|1916|0|0|0|0|0|0||||0|0|0|70|0|0|||0|70|0|0|||0|3.1.01.01.03.00|
|C100|0|1|FOR000000926|55|00|001|168388|35240454364849000173550010001683881003715072|10042024|10042024|5|2|0|0|5|9|0|0|0|0|0|0|0|0|0|0|0|0|
|C170|1|70051||1|1|1|0|0|000|1916|1916|0|0|0|0|0|0||||0|0|0|70|0|0|||0|70|0|0|||0|3.1.01.01.03.00|
|C170|2|70051||1|1|1|0|0|000|1916|1916|0|0|0|0|0|0||||0|0|0|70|0|0|||0|70|0|0|||0|3.1.01.01.03.00|
|C170|3|70051||1|1|1|0|0|000|1916|1916|0|0|0|0|0|0||||0|0|0|70|0|0|||0|70|0|0|||0|3.1.01.01.03.00|
|C170|4|70051||1|1|1|0|0|000|1916|1916|0|0|0|0|0|0||||0|0|0|70|0|0|||0|70|0|0|||0|3.1.01.01.03.00|
|C170|5|70051||1|1|1|0|0|000|1916|1916|0|0|0|0|0|0||||0|0|0|70|0|0|||0|70|0|0|||0|3.1.01.01.03.00|
|C100|0|1|FOR000000926|55|00|001|168436|35240454364849000173550010001684361003548930|12042024|12042024|2|2|0|0|2|9|0|0|0|0|0|0|0|0|0|0|0|0|
|C170|1|70051||1|1|1|0|0|000|1916|1916|0|0|0|0|0|0||||0|0|0|70|0|0|||0|70|0|0|||0|3.1.01.01.03.00|
|C170|2|70051||1|1|1|0|0|000|1916|1916|0|0|0|0|0|0||||0|0|0|70|0|0|||0|70|0|0|||0|3.1.01.01.03.00|
|C100|0|1|FOR000000926|55|00|001|168437|35240454364849000173550010001684371002889901|12042024|12042024|4|2|0|0|4|9|0|0|0|0|0|0|0|0|0|0|0|0|
|C170|1|70051||1|1|1|0|0|000|1916|1916|0|0|0|0|0|0||||0|0|0|70|0|0|||0|70|0|0|||0|3.1.01.01.03.00|
|C170|2|70051||1|1|1|0|0|000|1916|1916|0|0|0|0|0|0||||0|0|0|70|0|0|||0|70|0|0|||0|3.1.01.01.03.00|
|C170|3|70051||1|1|1|0|0|000|1916|1916|0|0|0|0|0|0||||0|0|0|70|0|0|||0|70|0|0|||0|3.1.01.01.03.00|
|C170|4|70051||1|1|1|0|0|000|1916|1916|0|0|0|0|0|0||||0|0|0|70|0|0|||0|70|0|0|||0|3.1.01.01.03.00|
|C100|0|1|FOR000000926|55|00|001|168438|35240454364849000173550010001684381003494169|12042024|12042024|2|2|0|0|2|9|0|0|0|0|0|0|0|0|0|0|0|0|
|C170|1|70051||1|1|1|0|0|000|1916|1916|0|0|0|0|0|0||||0|0|0|70|0|0|||0|70|0|0|||0|3.1.01.01.03.00|
|C170|2|70051||1|1|1|0|0|000|1916|1916|0|0|0|0|0|0||||0|0|0|70|0|0|||0|70|0|0|||0|3.1.01.01.03.00|
|C100|0|1|FOR000000926|55|00|001|168440|35240454364849000173550010001684401002731068|12042024|12042024|2|2|0|0|2|9|0|0|0|0|0|0|0|0|0|0|0|0|
|C170|1|70051||1|1|1|0|0|000|1916|1916|0|0|0|0|0|0||||0|0|0|70|0|0|||0|70|0|0|||0|3.1.01.01.03.00|
|C170|2|70051||1|1|1|0|0|000|1916|1916|0|0|0|0|0|0||||0|0|0|70|0|0|||0|70|0|0|||0|3.1.01.01.03.00|
|C100|0|1|FOR000000946|55|00|001|199|33240452037973000107550010000001991590234466|03042024|03042024|516,04|2|0|0|516,04|9|0|0|0|0|0|0|0|0|8,51|39,22|0|0|
|C170|1|1009299||76|5|516,04|0|0|061|2653|1653|0|0|0|0|0|0||||0|0|0|51|516,04|1,65|||8,51|51|516,04|7,6|||39,22|3.1.01.01.03.00|
|C100|0|1|FOR000000946|55|00|001|200|33240452037973000107550010000002001552873590|03042024|03042024|509,25|2|0|0|509,25|9|0|0|0|0|0|0|0|0|8,4|38,7|0|0|
|C170|1|1009299||75|5|509,25|0|0|061|2653|1653|0|0|0|0|0|0||||0|0|0|51|509,25|1,65|||8,4|51|509,25|7,6|||38,7|3.1.01.01.03.00|
|C100|0|1|FOR000000948|55|00|001|5486|35240414073616000105550010000054861858762504|16042024|16042024|110|2|0|0|110|9|0|0|0|0|0|0|0|0|1,82|8,36|0|0|
|C170|1|500013||1|1|49,5|0|0|060|1407|1407|0|0|0|0|0|0||||0|0|0|51|49,5|1,65|||0,82|51|49,5|7,6|||3,76|3.1.01.01.03.00|
|C170|2|500015||2|1|60,5|0|0|060|1407|1407|0|0|0|0|0|0||||0|0|0|51|60,5|1,65|||1|51|60,5|7,6|||4,6|3.1.01.01.03.00|
|C100|0|1|FOR000000949|55|00|001|9392|35240423358728000195550010000093921613110440|16042024|16042024|1400|2|0|0|1400|9|0|0|0|0|0|0|0|0|0|0|0|0|
|C170|1|99954011210399||100|8|1400|0|0|090|1556|1556|0|0|0|0|0|0||||0|0|0|70|0|0|||0|70|0|0|||0|3.1.01.01.03.00|
|C100|0|1|FOR000000950|55|00|001|138|35240450382291000106550010000001381866733468|15042024|15042024|8960|2|0|0|8960|9|0|0|0|0|0|0|0|0|0|0|0|0|
|C170|1|99954011210398||448|1|8960|0|0|060|1407|1407|0|0|0|0|0|0||||0|0|0|70|0|0|||0|70|0|0|||0|3.1.01.01.03.00|
|C100|0|1|FOR000000951|55|00|001|1628|35240464176829000203550010000016281741478575|17042024|17042024|1850|2|0|0|1850|9|0|0|0|0|0|0|0|0|30,53|140,6|0|0|
|C170|1|RR 2695||1|8|1850|0|0|060|1407|1407|0|0|0|0|0|0||||0|0|0|51|1850|1,65|||30,53|51|1850|7,6|||140,6|3.1.01.01.03.00|
|C100|0|1|FOR000000952|55|00|002|48580|41240478451382000167550020000485801745017837|02042024|02042024|2550,66|2|298,77|0|2849,43|9|0|0|0|0|0|0|0|0|42,09|193,85|0|0|
|C170|1|91042356000103||445,92|5|2849,43|298,77|0|061|2653|1653|0|0|0|0|0|0||||0|0|0|51|2550,66|1,65|||42,09|51|2550,66|7,6|||193,85|3.1.01.01.03.00|
|C100|0|1|FOR000000952|55|00|002|48581|41240478451382000167550020000485811870675906|02042024|02042024|5,53|2|1,58|0|7,11|9|0|0|0|0|0|0|0|0|0,09|0,42|0|0|
|C170|1|6742||1,579|5|7,11|1,58|0|090|2653|1653|0|0|0|0|0|0||||0|0|0|51|5,53|1,65|||0,09|51|5,53|7,6|||0,42|3.1.01.01.03.00|
|C100|0|1|FOR000000952|55|00|002|48582|41240478451382000167550020000485821066456726|02042024|02042024|2968,68|2|347,73|0|3316,41|9|0|0|0|0|0|0|0|0|48,98|225,62|0|0|
|C170|1|91042356000103||519|5|3316,41|347,73|0|061|2653|1653|0|0|0|0|0|0||||0|0|0|51|2968,68|1,65|||48,98|51|2968,68|7,6|||225,62|3.1.01.01.03.00|
|C100|0|1|FOR000000952|55|00|002|48583|41240478451382000167550020000485831641949310|02042024|02042024|84,11|2|24,03|0|108,14|9|0|0|0|0|0|0|0|0|1,39|6,39|0|0|
|C170|1|6742||24,032|5|108,14|24,03|0|090|2653|1653|0|0|0|0|0|0||||0|0|0|51|84,11|1,65|||1,39|51|84,11|7,6|||6,39|3.1.01.01.03.00|
|C100|0|1|FOR000000952|55|00|002|48586|41240478451382000167550020000485861568610089|02042024|02042024|2532,59|2|296,65|0|2829,24|9|0|0|0|0|0|0|0|0|41,79|192,48|0|0|
|C170|1|91042356000103||442,76|5|2829,24|296,65|0|061|2653|1653|0|0|0|0|0|0||||0|0|0|51|2532,59|1,65|||41,79|51|2532,59|7,6|||192,48|3.1.01.01.03.00|
|C100|0|1|FOR000000952|55|00|002|48587|41240478451382000167550020000485871354627409|02042024|02042024|85,51|2|24,43|0|109,94|9|0|0|0|0|0|0|0|0|1,41|6,5|0|0|
|C170|1|6742||24,43|5|109,94|24,43|0|090|2653|1653|0|0|0|0|0|0||||0|0|0|51|85,51|1,65|||1,41|51|85,51|7,6|||6,5|3.1.01.01.03.00|
|C100|0|1|FOR000000952|55|00|002|48661|41240478451382000167550020000486611591651051|04042024|04042024|2173,6|2|254,6|0|2428,2|9|0|0|0|0|0|0|0|0|35,86|165,19|0|0|
|C170|1|91042356000103||380|5|2428,2|254,6|0|061|2653|1653|0|0|0|0|0|0||||0|0|0|51|2173,6|1,65|||35,86|51|2173,6|7,6|||165,19|3.1.01.01.03.00|
|C100|0|1|FOR000000952|55|00|002|48663|41240478451382000167550020000486631939890220|04042024|04042024|86,45|2|24,7|0|111,15|9|0|0|0|0|0|0|0|0|1,43|6,57|0|0|
|C170|1|6742||24,7|5|111,15|24,7|0|090|2653|1653|0|0|0|0|0|0||||0|0|0|51|86,45|1,65|||1,43|51|86,45|7,6|||6,57|3.1.01.01.03.00|
|C100|0|1|FOR000000952|55|00|002|48664|41240478451382000167550020000486641162312311|04042024|04042024|87,33|2|24,95|0|112,28|9|0|0|0|0|0|0|0|0|1,44|6,64|0|0|
|C170|1|6742||24,95|5|112,28|24,95|0|090|2653|1653|0|0|0|0|0|0||||0|0|0|51|87,33|1,65|||1,44|51|87,33|7,6|||6,64|3.1.01.01.03.00|
|C100|0|1|FOR000000952|55|00|002|48666|41240478451382000167550020000486661765926235|04042024|04042024|2602,65|2|304,86|0|2907,51|9|0|0|0|0|0|0|0|0|42,94|197,8|0|0|
|C170|1|91042356000103||455,01|5|2907,51|304,86|0|061|2653|1653|0|0|0|0|0|0||||0|0|0|51|2602,65|1,65|||42,94|51|2602,65|7,6|||197,8|3.1.01.01.03.00|
|C100|0|1|FOR000000952|55|00|002|48667|41240478451382000167550020000486671464377698|04042024|04042024|2877,21|2|337,02|0|3214,23|9|0|0|0|0|0|0|0|0|47,47|218,67|0|0|
|C170|1|91042356000103||503,01|5|3214,23|337,02|0|061|2653|1653|0|0|0|0|0|0||||0|0|0|51|2877,21|1,65|||47,47|51|2877,21|7,6|||218,67|3.1.01.01.03.00|
|C100|0|1|FOR000000952|55|00|002|48694|41240478451382000167550020000486941501688091|04042024|04042024|2791,65|2|326,99|0|3118,64|9|0|0|0|0|0|0|0|0|46,06|212,17|0|0|
|C170|1|91042356000103||488,05|5|3118,64|326,99|0|061|2653|1653|0|0|0|0|0|0||||0|0|0|51|2791,65|1,65|||46,06|51|2791,65|7,6|||212,17|3.1.01.01.03.00|
|C100|0|1|FOR000000952|55|00|002|48695|41240478451382000167550020000486951855084960|04042024|04042024|62,35|2|17,81|0|80,16|9|0|0|0|0|0|0|0|0|1,03|4,74|0|0|
|C170|1|6742||17,814|5|80,16|17,81|0|090|2653|1653|0|0|0|0|0|0||||0|0|0|51|62,35|1,65|||1,03|51|62,35|7,6|||4,74|3.1.01.01.03.00|
|C100|0|1|FOR000000953|55|00|001|122077|50240411319557000378550010001220771306452874|15042024|15042024|3803,05|2|0|0|3704,05|0|99|0|0|0|0|0|0|0|0|0|0|0|
|C170|1|10020668||1|1|1296,45|0|0|090|2556|1556|0|0|0|0|0|0||||0|0|0|70|0|0|||0|70|0|0|||0|3.1.01.01.03.00|
|C170|2|10020677||1|1|2407,6|0|0|090|2556|1556|0|0|0|0|0|0||||0|0|0|70|0|0|||0|70|0|0|||0|3.1.01.01.03.00|
|C100|0|1|FOR000000954|55|00|001|48640|52240403509978003359550010000486401624142005|04042024|04042024|170|2|0|0|170|9|0|0|0|0|0|0|0|0|0|0|0|0|
|C170|1|313801101||1|8|170|0|0|090|2556|2556|0|0|0|0|0|0||||0|0|0|70|0|0|||0|70|0|0|||0|3.1.01.01.03.00|
|C100|0|1|FOR000000955|55|00|011|25|35240421534226000142550110000000251000000264|18042024|18042024|289,5|2|0|0|289,5|9|0|0|0|0|0|0|0|0|4,78|22|0|0|
|C170|1|99954011210412||46,769|5|289,5|0|0|061|1653|1653|0|0|0|0|0|0||||0|0|0|51|289,5|1,65|||4,78|51|289,5|7,6|||22|3.1.01.01.03.00|
|C100|0|1|FOR000000955|55|00|011|42|35240421534226000142550110000000421000000435|26042024|26042024|289,5|2|0|0|289,5|9|0|0|0|0|0|0|0|0|4,78|22|0|0|
|C170|1|99954011210412||46,769|5|289,5|0|0|061|1653|1653|0|0|0|0|0|0||||0|0|0|51|289,5|1,65|||4,78|51|289,5|7,6|||22|3.1.01.01.03.00|
|C100|0|1|FOR000000955|55|00|011|61|35240421534226000142550110000000611000000627|30042024|30042024|289,5|2|0|0|289,5|9|0|0|0|0|0|0|0|0|0|0|0|0|
|C170|1|99954011210414||50|5|289,5|0|0|061|1653|1653|0|0|0|0|0|0||||0|0|0|70|0|0|||0|70|0|0|||0|3.1.01.01.03.00|
|C100|0|1|FOR000000956|55|00|005|6890|35240443700681000103550050000068901000140769|26042024|26042024|275,78|2|0|0|275,78|9|0|0|0|0|0|0|0|0|4,55|20,96|0|0|
|C170|1|1222||50,325|5|275,78|0|0|061|1653|1653|0|0|0|0|0|0||||0|0|0|51|275,78|1,65|||4,55|51|275,78|7,6|||20,96|3.1.01.01.03.00|
|C990|911|
|D001|1|
|D990|2|
|F001|1|
|F990|2|
|I001|1|
|I990|2|
|M001|0|
|M100|201|0|147248,97|1,65|||2429,61|0|0|0|2429,61|1|0|2429,61|
|M105|02|51|147248,97|0|147248,97|147248,97||||
|M200|0|0|0|0|0|0|0|0|0|0|0|0|
|M500|201|0|147248,97|7,6|||11190,92|0|0|0|11190,92|1|0|11190,92|
|M505|02|51|147248,97|0|147248,97|147248,97||||
|M600|0|0|0|0|0|0|0|0|0|0|0|0|
|M990|8|
|P001|1|
|P990|2|
|1001|0|
|1100|012021|01||201|34149,5|0|34149,5|0|0|0|34149,5|0|0|0|0|0|34149,5|
|1100|012022|01||201|81061,26|0|81061,26|0|0|0|81061,26|0|0|0|0|0|81061,26|
|1100|012023|01||201|63750,81|0|63750,81|0|0|0|63750,81|0|0|0|0|0|63750,81|
|1100|012024|01||201|7842,5|0|7842,5|0|0|0|7842,5|0|0|0|0|0|7842,5|
|1100|022021|01||201|38992,51|0|38992,51|0|0|0|38992,51|0|0|0|0|0|38992,51|
|1100|022022|01||201|53655,96|0|53655,96|0|0|0|53655,96|0|0|0|0|0|53655,96|
|1100|022023|01||201|20132,4|0|20132,4|0|0|0|20132,4|0|0|0|0|0|20132,4|
|1100|022024|01||201|4467,18|0|4467,18|0|0|0|4467,18|0|0|0|0|0|4467,18|
|1100|032020|01||201|45274,28|0|45274,28|0|0|0|45274,28|0|0|0|0|0|45274,28|
|1100|032021|01||201|119189,35|0|119189,35|0|0|0|119189,35|0|0|0|0|0|119189,35|
|1100|032022|01||201|10448,86|0|10448,86|0|0|0|10448,86|0|0|0|0|0|10448,86|
|1100|032023|01||201|49910,9|0|49910,9|0|0|0|49910,9|0|0|0|0|0|49910,9|
|1100|032024|01||201|3127,33|0|3127,33|0|0|0|3127,33|0|0|0|0|0|3127,33|
|1100|042020|01||201|16329,86|0|16329,86|0|0|0|16329,86|0|0|0|0|0|16329,86|
|1100|042021|01||201|28644,33|0|28644,33|0|0|0|28644,33|0|0|0|0|0|28644,33|
|1100|042022|01||201|36070,07|0|36070,07|0|0|0|36070,07|0|0|0|0|0|36070,07|
|1100|042023|01||201|48453,97|0|48453,97|0|0|0|48453,97|0|0|0|0|0|48453,97|
|1100|042024|01||201|2429,61|0|2429,61|0|0|0|2429,61|0|0|0|0|0|2429,61|
|1100|052020|01||201|13473,61|0|13473,61|0|0|0|13473,61|0|0|0|0|0|13473,61|
|1100|052021|01||201|57004,69|0|57004,69|0|0|0|57004,69|0|0|0|0|0|57004,69|
|1100|052022|01||201|30829,94|0|30829,94|0|0|0|30829,94|0|0|0|0|0|30829,94|
|1100|052023|01||201|25891,84|0|25891,84|0|0|0|25891,84|0|0|0|0|0|25891,84|
|1100|062020|01||201|14597,08|0|14597,08|0|0|0|14597,08|0|0|0|0|0|14597,08|
|1100|062022|01||201|55726,2|0|55726,2|0|0|0|55726,2|0|0|0|0|0|55726,2|
|1100|062023|01||201|13657,72|0|13657,72|0|0|0|13657,72|0|0|0|0|0|13657,72|
|1100|072020|01||201|18122,59|0|18122,59|0|0|0|18122,59|0|0|0|0|0|18122,59|
|1100|072021|01||201|59990,92|0|59990,92|0|0|0|59990,92|0|0|0|0|0|59990,92|
|1100|072022|01||201|26988,01|0|26988,01|0|0|0|26988,01|0|0|0|0|0|26988,01|
|1100|072023|01||201|25867,48|0|25867,48|0|0|0|25867,48|0|0|0|0|0|25867,48|
|1100|082020|01||201|4317,7|0|4317,7|0|0|0|4317,7|0|0|0|0|0|4317,7|
|1100|082021|01||201|54775,31|0|54775,31|0|0|0|54775,31|0|0|0|0|0|54775,31|
|1100|082022|01||201|8957,22|0|8957,22|0|0|0|8957,22|0|0|0|0|0|8957,22|
|1100|082023|01||201|6407,74|0|6407,74|0|0|0|6407,74|0|0|0|0|0|6407,74|
|1100|092020|01||201|15114,31|0|15114,31|0|0|0|15114,31|0|0|0|0|0|15114,31|
|1100|092021|01||201|50418,73|0|50418,73|0|0|0|50418,73|0|0|0|0|0|50418,73|
|1100|092022|01||201|10576,15|0|10576,15|0|0|0|10576,15|0|0|0|0|0|10576,15|
|1100|092023|01||201|582,85|0|582,85|0|0|0|582,85|0|0|0|0|0|582,85|
|1100|102020|01||201|19194,93|0|19194,93|0|0|0|19194,93|0|0|0|0|0|19194,93|
|1100|102021|01||201|32333,86|0|32333,86|0|0|0|32333,86|0|0|0|0|0|32333,86|
|1100|102022|01||201|44951,61|0|44951,61|0|0|0|44951,61|0|0|0|0|0|44951,61|
|1100|102023|01||201|19697,86|0|19697,86|0|0|0|19697,86|0|0|0|0|0|19697,86|
|1100|112020|01||201|17582,29|0|17582,29|0|0|0|17582,29|0|0|0|0|0|17582,29|
|1100|112021|01||201|29042,96|0|29042,96|0|0|0|29042,96|0|0|0|0|0|29042,96|
|1100|122020|01||201|24747,97|0|24747,97|0|0|0|24747,97|0|0|0|0|0|24747,97|
|1100|122021|01||201|116969,74|0|116969,74|0|0|0|116969,74|0|0|0|0|0|116969,74|
|1100|122023|01||201|13124,37|0|13124,37|0|0|0|13124,37|0|0|0|0|0|13124,37|
|1500|012021|01||201|157294,66|0|157294,66|0|0|0|157294,66|0|0|0|0|0|157294,66|
|1500|012022|01||201|373373,05|0|373373,05|0|0|0|373373,05|0|0|0|0|0|373373,05|
|1500|012023|01||201|293640,11|0|293640,11|0|0|0|293640,11|0|0|0|0|0|293640,11|
|1500|012024|01||201|36123,03|0|36123,03|0|0|0|36123,03|0|0|0|0|0|36123,03|
|1500|022021|01||201|179601,88|0|179601,88|0|0|0|179601,88|0|0|0|0|0|179601,88|
|1500|022022|01||201|247142,59|0|247142,59|0|0|0|247142,59|0|0|0|0|0|247142,59|
|1500|022023|01||201|92731,04|0|92731,04|0|0|0|92731,04|0|0|0|0|0|92731,04|
|1500|022024|01||201|20576,1|0|20576,1|0|0|0|20576,1|0|0|0|0|0|20576,1|
|1500|032020|01||201|208536,07|0|208536,07|0|0|0|208536,07|0|0|0|0|0|208536,07|
|1500|032021|01||201|548993,35|0|548993,35|0|0|0|548993,35|0|0|0|0|0|548993,35|
|1500|032022|01||201|48128,08|0|48128,08|0|0|0|48128,08|0|0|0|0|0|48128,08|
|1500|032023|01||201|229892,62|0|229892,62|0|0|0|229892,62|0|0|0|0|0|229892,62|
|1500|032024|01||201|14404,67|0|14404,67|0|0|0|14404,67|0|0|0|0|0|14404,67|
|1500|042020|01||201|75216,33|0|75216,33|0|0|0|75216,33|0|0|0|0|0|75216,33|
|1500|042021|01||201|131937,53|0|131937,53|0|0|0|131937,53|0|0|0|0|0|131937,53|
|1500|042022|01||201|166140,92|0|166140,92|0|0|0|166140,92|0|0|0|0|0|166140,92|
|1500|042023|01||201|223181,91|0|223181,91|0|0|0|223181,91|0|0|0|0|0|223181,91|
|1500|042024|01||201|11190,92|0|11190,92|0|0|0|11190,92|0|0|0|0|0|11190,92|
|1500|052020|01||201|62060,29|0|62060,29|0|0|0|62060,29|0|0|0|0|0|62060,29|
|1500|052021|01||201|262567,07|0|262567,07|0|0|0|262567,07|0|0|0|0|0|262567,07|
|1500|052022|01||201|142004,59|0|142004,59|0|0|0|142004,59|0|0|0|0|0|142004,59|
|1500|052023|01||201|119259,4|0|119259,4|0|0|0|119259,4|0|0|0|0|0|119259,4|
|1500|062020|01||201|67235,03|0|67235,03|0|0|0|67235,03|0|0|0|0|0|67235,03|
|1500|062022|01||201|256678,25|0|256678,25|0|0|0|256678,25|0|0|0|0|0|256678,25|
|1500|062023|01||201|62908,3|0|62908,3|0|0|0|62908,3|0|0|0|0|0|62908,3|
|1500|072020|01||201|83473,75|0|83473,75|0|0|0|83473,75|0|0|0|0|0|83473,75|
|1500|072021|01||201|276321,81|0|276321,81|0|0|0|276321,81|0|0|0|0|0|276321,81|
|1500|072022|01||201|124308,4|0|124308,4|0|0|0|124308,4|0|0|0|0|0|124308,4|
|1500|072023|01||201|119147,2|0|119147,2|0|0|0|119147,2|0|0|0|0|0|119147,2|
|1500|082020|01||201|19887,61|0|19887,61|0|0|0|19887,61|0|0|0|0|0|19887,61|
|1500|082021|01||201|252298,4|0|252298,4|0|0|0|252298,4|0|0|0|0|0|252298,4|
|1500|082022|01||201|41257,5|0|41257,5|0|0|0|41257,5|0|0|0|0|0|41257,5|
|1500|082023|01||201|29514,44|0|29514,44|0|0|0|29514,44|0|0|0|0|0|29514,44|
|1500|092020|01||201|69617,41|0|69617,41|0|0|0|69617,41|0|0|0|0|0|69617,41|
|1500|092021|01||201|232231,72|0|232231,72|0|0|0|232231,72|0|0|0|0|0|232231,72|
|1500|092022|01||201|48714,39|0|48714,39|0|0|0|48714,39|0|0|0|0|0|48714,39|
|1500|092023|01||201|2684,64|0|2684,64|0|0|0|2684,64|0|0|0|0|0|2684,64|
|1500|102020|01||201|88413|0|88413|0|0|0|88413|0|0|0|0|0|88413|
|1500|102021|01||201|148931,72|0|148931,72|0|0|0|148931,72|0|0|0|0|0|148931,72|
|1500|102022|01||201|207049,85|0|207049,85|0|0|0|207049,85|0|0|0|0|0|207049,85|
|1500|102023|01||201|90729,53|0|90729,53|0|0|0|90729,53|0|0|0|0|0|90729,53|
|1500|112020|01||201|80985,1|0|80985,1|0|0|0|80985,1|0|0|0|0|0|80985,1|
|1500|112021|01||201|133773,63|0|133773,63|0|0|0|133773,63|0|0|0|0|0|133773,63|
|1500|122020|01||201|113990,65|0|113990,65|0|0|0|113990,65|0|0|0|0|0|113990,65|
|1500|122021|01||201|538769,73|0|538769,73|0|0|0|538769,73|0|0|0|0|0|538769,73|
|1500|122023|01||201|60451,67|0|60451,67|0|0|0|60451,67|0|0|0|0|0|60451,67|
|1990|94|
|9001|0|
|9900|0000|1|
|9900|0001|1|
|9900|0100|1|
|9900|0110|1|
|9900|0111|1|
|9900|0140|1|
|9900|0150|34|
|9900|0190|16|
|9900|0200|266|
|9900|0400|5|
|9900|0500|8|
|9900|0900|1|
|9900|0990|1|
|9900|1001|1|
|9900|1100|46|
|9900|1500|46|
|9900|1990|1|
|9900|9001|1|
|9900|9990|1|
|9900|9999|1|
|9900|A001|1|
|9900|A990|1|
|9900|C001|1|
|9900|C010|1|
|9900|C100|227|
|9900|C170|681|
|9900|C990|1|
|9900|D001|1|
|9900|D990|1|
|9900|F001|1|
|9900|F990|1|
|9900|I001|1|
|9900|I990|1|
|9900|M001|1|
|9900|M100|1|
|9900|M105|1|
|9900|M200|1|
|9900|M500|1|
|9900|M505|1|
|9900|M600|1|
|9900|M990|1|
|9900|P001|1|
|9900|P990|1|
|9900|9900|44|
|9990|47|
|9999|1407|
SBRCAAEPDR0Ä	*ÜHÜ˜†Ä0Ä10	+ 0Ä	*ÜHÜ˜†Ä$ÄTˆÕ\0y.7)‰‚x£¿#Jé)      †Ä0Çf0ÇN†ﬁ$jtÿ0	*ÜHÜ˜ 0u10	UBR10U

ICP-Brasil1604U-Secretaria da Receita Federal do Brasil - RFB10UAC SOLUTI RFB V50240605203300Z250605203300Z0Ç10	UBR10U

ICP-Brasil10	UGO10UGoiania10UVideoconferencia10U094616470001951604U-Secretaria da Receita Federal do Brasil - RFB10URFB e-CNPJ A11:08U1ABRAO E SILVA ADVOGADOS ASSOCIADOS:285998970001300Ç"0	*ÜHÜ˜ Ç 0Ç
Ç Õ´˘ˆxFpGÙÕv˝W˜≠2ÀøπImt*oﬂnœ∂FøX±Ût~8nã∆∫<^g*öD,’À∞auƒWMa¡Ë4?»…B1ó¶_¬;®»ã≈Uk˘”ÍlÄ`µ'[≠¿>EäÄÅ√òıÆx—ƒÆ’Î⁄ñ¥'PÃlÛ” øÍqV†[µö• £?¢∆"ù‹KéÓ'A‚ÊhIøÇúÙÀ{∆Ÿàê6zàÁGÃ{i?÷K/Í¸‹¿ÑﬂÂ|⁄N∂µ÷u€NÇ3-}Ò≈ÍbD)çóNoˇ|(lΩuì¸|∂51êPNØHã'Õ¡7"!≥YêIã}Í!p9qh` £Çj0Çf0	U0 0U#0Ä¸ÚÇ ≤¯Ωü’Ç€` '3<¬æÃô0O+C0A0?+0Ü3http://ccd.acsoluti.com.br/lcr/ac-soluti-rfb-v5.p7b0ÅªUÅ≥0Å∞Åabraoesilvaadv@hotmail.com†$`L†PEDRO PANTHIO ABRAO COSTA†`L†28599897000130†8`L†/-270419890329400410900000000000000000000000000†`L†0000000000000XU Q0O0M`L(0C0A+5http://ccd.acsoluti.com.br/docs/dpc-ac-soluti-rfb.pdf0U%0++0ÅÄUy0w09†7†5Ü3http://ccd.acsoluti.com.br/lcr/ac-soluti-rfb-v5.crl0:†8†6Ü4http://ccd2.acsoluti.com.br/lcr/ac-soluti-rfb-v5.crl0Utj∫„
˛√√±Ä~ÁÇCƒ0Uˇ‡0	*ÜHÜ˜ Ç ™brπx6hQ˚¡—¡¶tü}/£…6æ´ÿtÚ¡Øßµ•Û’÷[I@ﬂ)ú[#ßw[§πõVwÅ9èàˆ›‘ÔB¶¥â8÷\ø«Ê°i°OÊÔŸ8k&t™Çü˙u¥R0™^	b
 Ù√ùÏ%¿†uÓåÜñŸπ*ƒn7 ï£Ï$¿≥yˇFÜ±ä¿è∫M≤+h‰¢WC1Î6UcNÖﬂ;W¨H“,‡`⁄M’•Q•«I«-m*åC(ZÃ {¨‰˘∫#‹/»–f\Ît≤ôóØâ—ºO¥}œ∆Á˚nÕF'EËÅ¿z≤gÄfiHN⁄w#¥Ré≤9•2◊8W≥ÚÌz§∫u®$ƒ¡¢…⁄`ˇíbÉîcntêRVÏC¿ÃÙNû§QÆr≠Î.t™Jw“4’8‡PïÄD%≈≠ElSEzâeöf6YπÖ)\„Â“rœ*&ﬂ	‰qO∫öxtÂW|‘7-X®Ú§Ò-›˚+ëî∏ﬂôv“∞ÃkáÍA±ÈÎ›M≥Bâ≠ÆÓï)jJÿ‚}JVJbßLFn*üèu,Uä∞) bß|ò©ówL¶Eo[∞å/Ç´@‡ü’Bg‰Uª„öó>`#ŒÒêÚoMÄñ·µQó”.b¨≠+¿ÉaTµZë†Û6
G:C,ãV'≠_0Ç&0Ç†0	*ÜHÜ˜ 0Åê10	UBR10U

ICP-Brasil1402U+Autoridade Certificadora Raiz Brasileira v51604U-AC Secretaria da Receita Federal do Brasil v40190109172239Z290220172239Z0u10	UBR10U

ICP-Brasil1604U-Secretaria da Receita Federal do Brasil - RFB10UAC SOLUTI RFB V50Ç"0	*ÜHÜ˜ Ç 0Ç
Ç ≈Í≠‡ôïı"∆b3ó¢ª®ÏÆÂèﬁÑÏ6Âªfa`êVjW ı
)+¬≠ó∏
ïj†p)îpÒ‘ÑáÒ»ﬂè˙±›uA±XhA/…Ï‹’rt:Ká±œ'x°ëD h*⁄ı±	”)…ÉYëäk"—®~ëçﬂé[ìuÛ¬$¿Æmq@ì'Ãı‹˝æ´I&ˇ;1MC ¶∫≠≈áÚ—<ˇm"§_Sú»»à◊ŒŒ?0ÌLyëEÒïóÀΩ ≈;ÌI`zÌ{É¨˝`|…?aµ%Eoù-r+;ãJ<≤W7ÙhÕ≈F ìP˘]Iúÿk≥ÏÓΩuÈúq…Ê„d·•ù'ì€Èl	<˚≥cx0¸˚¸cúΩˇ.Ìô≠éîP†•∆◊Òy‹Ã≠Ùop$É2qsçıÍ/Oô≤ßØN∞ÅàíPoÁb0±bYÇáo¥Ï#˝>!-®ÇøiTŒß®HwtcÊ=¢, àê’Y1√Èé]<√!:qD]‘™I7≤!ë7„-TX≤≈§	æÅÊ¬‡≤Á	óôX›≤`†#@„Áh‘◊œê•πµoQNË‰/∂ŒÀ⁄vﬂÑ⁄Ü¥á∑Í±%u,¯73ÒØGiwúôÁ7Cr6A’´$D∏Ÿ;41JjÂ≈dû√%≥ñíZ¿ÍF“}ø £Ç£0Çü0ÅıU ÅÌ0ÅÍ0L`L(0B0@+4http://www.receita.fazenda.gov.br/acrfb/dpcacrfb.pdf0L`L&0B0@+4http://www.receita.fazenda.gov.br/acrfb/dpcacrfb.pdf0L`L0B0@+4http://www.receita.fazenda.gov.br/acrfb/dpcacrfb.pdf0DU=0;09†7†5Ü3http://www.receita.fazenda.gov.br/acrfb/acrfbv4.crl0U#0ÄòÊC ›íûôcEZ*Èá Õ50U¸ÚÇ ≤¯Ωü’Ç€` '3<¬æÃô0Uˇ0ˇ0Uˇ0	*ÜHÜ˜ Ç iƒqôÁ=o~F£äUÅöÿ◊ RµC:◊Œ	vf~ÓàuÑJˆ˘TèÑíMa“+´´∆ªQÀÈ~ì‚ù7§aÜ]>pfd˛ej≤˛Åª-Ún∂‰0Åhü3†I—íF5	f™jˇlÎ∞1ì^ì~Ï’‰Å˚»?bèä#ó9îª¶páT_¥á√Ç∂(O#ziÙy%Ïg¡˜˘Ωhúh¬à†¨f0üVë™≤‚{œØr ¡W¨ﬁWO«hG˛—Öœˆìç0lc√j∞»·£ÿ≥˝¢ aV=±¯†Q◊é€Â˜mÆF9Tæù–Ö"7.ô^F	C©≈kÜÉ®◊ü	4‹Ç¢¯ÅxIª;Ù^8g™+æ˚JòÓ c\'aèhå≈µ4#∑">J˝-úÓƒ¶[iA∆}œ e⁄Ê¨=Xà(î.•Àè„Ú˘gC$« ØXt˝ÑRÈyUE∫úèéÊ¡âk€o◊UWµHÎƒué™|Ïk£§$˚Å\Ê:4∏†>Ω_Úaù.ÀêO‡@uxS%zƒ∏2B
¨ü¢sî$∆ó;€,ƒñÒü“y•õr^`uçˆÚ95Ò~"‹ü@‘.U0πœm…1Ù`ˆmXÀƒÃgØ7à1	?∑£¯oóˆŸ)N\ŸÍi{∑ı“"”ø«dwD•–¯HpL0Ç`0ÇH†0	*ÜHÜ˜ 0Åó10	UBR10U

ICP-Brasil1=0;U4Instituto Nacional de Tecnologia da Informacao - ITI1402U+Autoridade Certificadora Raiz Brasileira v50160720133204Z290302120004Z0Åê10	UBR10U

ICP-Brasil1402U+Autoridade Certificadora Raiz Brasileira v51604U-AC Secretaria da Receita Federal do Brasil v40Ç"0	*ÜHÜ˜ Ç 0Ç
Ç ù`w™ /`-ÂıµqT˝À€#D9RcØÙûπ+˘lM !œ‰R:T”.QÔÇL?ÇJã{™æ√≤ücü¡S.pÆ~£÷∆€íÄ¯ ‘»›a‘∫'üœ˙ ¶ˇáÁ3Ï¬=…©LóhÆ€Ãﬁ@ëÕœ4U3EΩ˛QªXg◊äp@{k•òù} ˙*˚Íè´NÄ=8®ı%íÑf	ã8Èë—·5@?”	]ˆN$äS≠ﬁÁ∞D˛ƒ(Ãå<ç=ÍÉµ`ñHüÓˆb-'+)&7óng	opTﬂ*CAºòúLXgµó∆ÔO|ët|Ö@≤‹ì‡´2TÉñÇ?+⁄ñ}◊|â~ÜÃDÏ•Û’˘ï‰v˜»3¿8MŸBâ\yüÌqs®‰‡–yxtÆKÕ(4Ì∂™(o∆0Wïg@VD›fée3ëPæn41r/`–¿;f§ –Ì
’ã]¸∞≈åz]¥≤%¸∑fŒÖ«sQ‚P<DN ê√éx⁄ú¥S„ÛÂj≤•òrìÀË•–èÍÊ÷#Ø#÷S¨’„A8HîïàÛsñçÀÊ"æ>ﬂˆ<ÁI‹Í=u›îMK◊ÒØ†°7‡é‹ªXYÄ˝rP™ˆ3¿tÿ™°Óı¿9•1Û˜’&xl¬°¡Ä#¯®¡√*	[Reàøu@‰˜<ˆzò˚í>Ì £Åª0Å∏0UòÊC ›íûôcEZ*Èá Õ50Uˇ0ˇ0Uˇ0U 00	`L0 0?U80604†2†0Ü.http://acraiz.icpbrasil.gov.br/LCRacraizv5.crl0U#0Äi®æuŸƒÔlÁE‰anÂh¯∂@^0	*ÜHÜ˜ Ç kB‡È5õvs©∏Ã}>G>æænMﬁÊóå_<˚?#‡Md˝C£ì«˝∫õ™Ω¨ÍÂÎˇ@&ó¨ã ei?4ﬂºÎóxq±ûƒLv1⁄ò‰≥ª•óÆãe$‰süüπâä5Ö<∏ÈF €√◊tæy©9cäX¯.ÁçT¬ò≠¶ıZ5°JŒ˝}n¡PZv

˛/ytSç6T£ˇˇ±ØOnJ∑$"u–DÙ‘iÅI:Ìä∑ù˚<‹ènêOHcAOP∞WoõÖL~XﬂÎ^"Èáœø.‡É»küâïÛË´∫Å±~˚rÃ2pCJ^πj˙¿ÿ∏¸ÜJ€}x•î3OÓß,‰é £€Z•ÔÕ^≤rKtG“›=f‹≈˛'ËD˜ceîí–QπÔÙ›
’b‹∆àå_È˜pfo˛6≈˘˝1ø[°"p.k6IN)‹>41LCVƒ“P†“vª<gÃ™væ[öô∂Ü˛#Àîå•"ÄáZÛ÷ê1NÔ›˙ÍY-Ì Aétå7}I@≠Á∆7êyq‚πŸº∑≥6ù0lïbR$_5ñÍ|ç{∆SaD≥∏B	∆aﬁñ[{ÉÕY-ñ(ü€óE◊¿/z¨Ê–:∞?≥·/f∫i¨·ﬁîbê±˛∏ØHèù~°xáãDèqÁL¥0Ç°0Çâ†0	*ÜHÜ˜ 0Åó10	UBR10U

ICP-Brasil1=0;U4Instituto Nacional de Tecnologia da Informacao - ITI1402U+Autoridade Certificadora Raiz Brasileira v50160302130138Z290302235938Z0Åó10	UBR10U

ICP-Brasil1=0;U4Instituto Nacional de Tecnologia da Informacao - ITI1402U+Autoridade Certificadora Raiz Brasileira v50Ç"0	*ÜHÜ˜ Ç 0Ç
Ç ˜-xmE¨Ë_˙`‡ﬁe‰®Lüìu^Ö€«Ìˇå$ø¢ÏXGA)ãh]†≈$3_›tåó' ®Nwá`	v1√æä≠,¢ï‰%&(¨—ÙÌa2Z…ÁΩ"∞®ØR‹“˙3\*C∂ÆgOc"áf◊.«kí_ßmˆ1óôªæ4‰Lƒ∫è«ﬂéasl”√îõï›\ª6©=Rk2^îı¬∆Œ]
≈¯Ì.W	ãbF-Ò≥BﬂÉNÚ¯koÇÔí6¡bàÉX√Ôo≥ßjÙa:)ò£É6i4≠(≤;"nU”ﬁ#ûÀÈ•ôÙ”I<ûDîﬂµLa§Ü˝zshnëº}à'€öN‚õhF*4 Ò·˙·Sÿ°-™t¶œm›Ò1ÕŸ Ë`™rŸM®A5AIˇaz:|™7Œù›”b√∂`X§ΩS˜’ ¬ u¢∂`.·~,äiå1q1øãÕYÆ,L˚§2%ˆ/Í{∏Åƒ≈6I%N†6úBÊ}≥»œ}∫‘w∏`Yêﬂõ√wäé/(ï}ÎˇüIØ}<>(ƒwÁ~>Qö¢3K»ÿ]í'¶‚a#W •„˘ËFπÿπH'∆j∞ùÒÃuÆ›i W>!2™◊ËÃmàƒÎÑQàh `÷R:@∏è0{Ë€Ú{ÇÓ~§\®∂Ìm«À6¶ £Åı0ÅÚ0NU G0E0C`L 0:08+,http://acraiz.icpbrasil.gov.br/DPCacraiz.pdf0?U80604†2†0Ü.http://acraiz.icpbrasil.gov.br/LCRacraizv5.crl0U#0Äi®æuŸƒÔlÁE‰anÂh¯∂@^0Ui®æuŸƒÔlÁE‰anÂh¯∂@^0Uˇ0ˇ0Uˇ0	*ÜHÜ˜ Ç m€ÚbY™^∫?¶XQ‡¸röSßÚ^gëtùWi˘ò¶^`ÍîhêZ»D¡W/!!ñ
9‘ç9"|Çs‘›ÈE„ñ√ÄI7?-Ø 0◊éTX±≥ù?Nfƒˇ”ÓõaMÇ…‘nΩt•˚
˝LÚRÙnÈÜKû·	ö¿dÏùÙÃÓí!k0ËóËfMßA.t£òÚ‘rNì&3y~ÁœH-ÔÓ‘âR§Í£ú˚ÆÉg$G1Äc,˘^È[9ŒR¿˛Ÿ>(ˇ‹ï∂Íw¯az˘¶tó%.øjYñ\:ÓMò≤Î¢’n—ÒM\j˙(Ø_ªé)8v£òÀ\≠◊Óøœ¬}êTh√ëwEd.ë{F}x~ ô‘H,¿˙‚¯$˚G lØëµ¢∫Y.≤⁄N)Dï¿Ûº¨ACØ©÷¿G∞ºç¡ÿì.+aŸ8ªßY¶ˇ4´pùÏñ‡„ö≥•±mÑﬂUÓﬁØ2wK.¸«Ñm{!Ôc,≥–F˝-L¨Ggµkﬂ=NØûÉ‡bÛÜ;P≥ã!Ñ≤î.@á‚çïÇ]`B‚ñ;ÖzÚ±VÒØ„æ≠º±∂>À(–éhÜô¡qÄkÖo>≤&”õj6ª;Cˇ(cÆzÎâ\a∏†	<è˚X;`}_|Ëâê5L∂ Õ“¸n~MuE¸P√W÷¡·SqıRö  1Çd0Ç`0ÅÅ0u10	UBR10U

ICP-Brasil1604U-Secretaria da Receita Federal do Brasil - RFB10UAC SOLUTI RFB V5ﬁ$jtÿ0	+ †Å∏0	*ÜHÜ˜	1	*ÜHÜ˜0	*ÜHÜ˜	1250312142230Z0#	*ÜHÜ˜	1i1ÒV∂±îeWÙ lßÍjÏQs0)	*ÜHÜ˜	4100	+ °	*ÜHÜ˜ 0.
+Ç7X1 | 1 | 6 . 0 . 3 | 7 0 0 3 | 4 0	*ÜHÜ˜ Ç {lXV€⁄â<A<ÁÌ˘8úﬂi”´∂ë¯}]û[æ@#Å’û"(ÌPO[Må©◊eÌ~ Øæ3‰‹ (öÄ¨]±«Ï„oˆ›1)∂5Æ›cRD5MÌu√kO√`Kv)<›b“Û4áùÖciS◊˙~πù˚≠H÷5@(YG¶ç›#OÛUeôˇ :◊≤≈vItcr∑≤l![e=u5WO,q¶ãy"v£∫è|â{†?g√∏À€ÙÈ∂gÛ≤◊dˆ62û∑ÿ∏òw˘n	Y˘û=Åå>È*°Jg†bµ÷˛Ly™Û4M˝≥1èfÛPìm∏|ßm‘˙'ëlœøL-Ω
TC      